cms_entity_name,feature_year_t,target_year_t1,claims,beneficiaries,spending,avg_spending_per_claim,avg_spending_per_beneficiary,manufacturer_count,claims_lag_1,claims_growth_yoy,beneficiaries_lag_1,beneficiary_growth_yoy,spending_lag_1,spending_growth_yoy,avg_spending_per_claim_growth,years_observed_before_t,claims_rolling_mean_2y,claims_rolling_std_2y,spending_rolling_mean_2y,is_first_observation_year,prior_shortage_count,ever_shortage_before_t,years_since_last_shortage,therapeutic_category,is_single_manufacturer,mapping_status,primary_rxcui,shortage_next_year
AMOXICILLIN,2018,2019,3369242.0,289242.0,146562027.0,43.5,506.71,3.0,3369242.0,0.0,289242.0,0.0,146562027.0,0.0,0.0,0,3369242.0,0.0,146562027.0,1,0,0,-1,Unclassified / General,0,unique,723,0
AMOXICILLIN,2019,2020,3504011.0,300811.0,152424508.08,43.5,506.71,3.0,3369242.0,0.04,289242.0,0.04,146562027.0,0.04,0.0,1,3436626.5,95296.07,149493267.54,0,0,0,-1,Unclassified / General,0,unique,723,0
AMOXICILLIN,2020,2021,3638781.0,312381.0,158286989.16,43.5,506.71,3.0,3504011.0,0.0385,300811.0,0.0385,152424508.08,0.0385,0.0,2,3571396.0,95296.78,155355748.62,0,0,0,-1,Unclassified / General,0,unique,723,0
AMOXICILLIN,2021,2022,3773551.0,323951.0,164149470.24,43.5,506.71,3.0,3638781.0,0.037,312381.0,0.037,158286989.16,0.037,0.0,3,3706166.0,95296.78,161218229.7,0,0,0,-1,Unclassified / General,0,unique,723,0
AMOXICILLIN,2022,2023,3908320.0,335520.0,170011951.32,43.5,506.71,3.0,3773551.0,0.0357,323951.0,0.0357,164149470.24,0.0357,0.0,4,3840935.5,95296.07,167080710.78,0,0,0,-1,Unclassified / General,0,unique,723,0
AMOXICILLIN,2023,2024,4043090.0,347090.0,175874432.4,43.5,506.71,3.0,3908320.0,0.0345,335520.0,0.0345,170011951.32,0.0345,0.0,5,3975705.0,95296.78,172943191.86,0,0,0,-1,Unclassified / General,0,unique,723,0
AZITHROMYCIN,2018,2019,376192.0,296192.0,16364352.0,43.5,55.25,1.0,376192.0,0.0,296192.0,0.0,16364352.0,0.0,0.0,0,376192.0,0.0,16364352.0,1,0,0,-1,Anti-Infective,1,unique,18631,0
AZITHROMYCIN,2019,2020,391239.0,308039.0,17018926.08,43.5,55.25,1.0,376192.0,0.04,296192.0,0.04,16364352.0,0.04,0.0,1,383715.5,10639.84,16691639.04,0,0,0,-1,Anti-Infective,1,unique,18631,0
AZITHROMYCIN,2020,2021,406287.0,319887.0,17673500.16,43.5,55.25,1.0,391239.0,0.0385,308039.0,0.0385,17018926.08,0.0385,0.0,2,398763.0,10640.54,17346213.12,0,0,0,-1,Anti-Infective,1,unique,18631,0
AZITHROMYCIN,2021,2022,421335.0,331735.0,18328074.24,43.5,55.25,1.0,406287.0,0.037,319887.0,0.037,17673500.16,0.037,0.0,3,413811.0,10640.54,18000787.2,0,0,0,-1,Anti-Infective,1,unique,18631,0
AZITHROMYCIN,2022,2023,436382.0,343582.0,18982648.32,43.5,55.25,1.0,421335.0,0.0357,331735.0,0.0357,18328074.24,0.0357,0.0,4,428858.5,10639.84,18655361.28,0,0,0,-1,Anti-Infective,1,unique,18631,0
AZITHROMYCIN,2023,2024,451430.0,355430.0,19637222.4,43.5,55.25,1.0,436382.0,0.0345,343582.0,0.0345,18982648.32,0.0345,0.0,5,443906.0,10640.54,19309935.36,0,0,0,-1,Anti-Infective,1,unique,18631,0
CEPHALEXIN,2018,2019,2010169.0,930169.0,41208464.5,20.5,44.3,2.0,2010169.0,0.0,930169.0,0.0,41208464.5,0.0,0.0,0,2010169.0,0.0,41208464.5,1,0,0,-1,Unclassified / General,0,unique,2231,0
CEPHALEXIN,2019,2020,2090575.0,967375.0,42856803.08,20.5,44.3,2.0,2010169.0,0.04,930169.0,0.04,41208464.5,0.04,0.0,1,2050372.0,56855.63,42032633.79,0,0,0,-1,Unclassified / General,0,unique,2231,0
CEPHALEXIN,2020,2021,2170982.0,1004582.0,44505141.66,20.5,44.3,2.0,2090575.0,0.0385,967375.0,0.0385,42856803.08,0.0385,0.0,2,2130778.5,56856.33,43680972.37,0,0,0,-1,Unclassified / General,0,unique,2231,0
CEPHALEXIN,2021,2022,2251389.0,1041789.0,46153480.24,20.5,44.3,2.0,2170982.0,0.037,1004582.0,0.037,44505141.66,0.037,0.0,3,2211185.5,56856.33,45329310.95,0,0,0,-1,Unclassified / General,0,unique,2231,0
CEPHALEXIN,2022,2023,2331796.0,1078996.0,47801818.82,20.5,44.3,2.0,2251389.0,0.0357,1041789.0,0.0357,46153480.24,0.0357,0.0,4,2291592.5,56856.33,46977649.53,0,0,0,-1,Unclassified / General,0,unique,2231,0
CEPHALEXIN,2023,2024,2412202.0,1116202.0,49450157.4,20.5,44.3,2.0,2331796.0,0.0345,1078996.0,0.0345,47801818.82,0.0345,0.0,5,2371999.0,56855.63,48625988.11,0,0,0,-1,Unclassified / General,0,unique,2231,0
CIPROFLOXACIN,2018,2019,4556280.0,476280.0,143522820.0,31.5,301.34,1.0,4556280.0,0.0,476280.0,0.0,143522820.0,0.0,0.0,0,4556280.0,0.0,143522820.0,1,0,0,-1,Unclassified / General,1,unique,2551,0
CIPROFLOXACIN,2019,2020,4738531.0,495331.0,149263732.8,31.5,301.34,1.0,4556280.0,0.04,476280.0,0.04,143522820.0,0.04,0.0,1,4647405.5,128870.92,146393276.4,0,0,0,-1,Unclassified / General,1,unique,2551,0
CIPROFLOXACIN,2020,2021,4920782.0,514382.0,155004645.6,31.5,301.34,1.0,4738531.0,0.0385,495331.0,0.0385,149263732.8,0.0385,0.0,2,4829656.5,128870.92,152134189.2,0,0,0,-1,Unclassified / General,1,unique,2551,0
CIPROFLOXACIN,2021,2022,5103033.0,533433.0,160745558.4,31.5,301.34,1.0,4920782.0,0.037,514382.0,0.037,155004645.6,0.037,0.0,3,5011907.5,128870.92,157875102.0,0,0,0,-1,Unclassified / General,1,unique,2551,0
CIPROFLOXACIN,2022,2023,5285284.0,552484.0,166486471.2,31.5,301.34,1.0,5103033.0,0.0357,533433.0,0.0357,160745558.4,0.0357,0.0,4,5194158.5,128870.92,163616014.8,0,0,0,-1,Unclassified / General,1,unique,2551,0
CIPROFLOXACIN,2023,2024,5467536.0,571536.0,172227384.0,31.5,301.34,1.0,5285284.0,0.0345,552484.0,0.0345,166486471.2,0.0345,0.0,5,5376410.0,128871.63,169356927.6,0,0,0,-1,Unclassified / General,1,unique,2551,0
DOXYCYCLINE,2018,2019,3401085.0,321085.0,124139602.5,36.5,386.63,6.0,3401085.0,0.0,321085.0,0.0,124139602.5,0.0,0.0,0,3401085.0,0.0,124139602.5,1,0,0,-1,Anti-Infective,0,unique,3640,0
DOXYCYCLINE,2019,2020,3537128.0,333928.0,129105186.6,36.5,386.63,6.0,3401085.0,0.04,321085.0,0.04,124139602.5,0.04,0.0,1,3469106.5,96196.93,126622394.55,0,0,0,-1,Anti-Infective,0,unique,3640,0
DOXYCYCLINE,2020,2021,3673171.0,346771.0,134070770.7,36.5,386.63,6.0,3537128.0,0.0385,333928.0,0.0385,129105186.6,0.0385,0.0,2,3605149.5,96196.93,131587978.65,0,0,0,-1,Anti-Infective,0,unique,3640,0
DOXYCYCLINE,2021,2022,3809215.0,359615.0,139036354.8,36.5,386.63,6.0,3673171.0,0.037,346771.0,0.037,134070770.7,0.037,0.0,3,3741193.0,96197.63,136553562.75,0,0,0,-1,Anti-Infective,0,unique,3640,0
DOXYCYCLINE,2022,2023,3945258.0,372458.0,144001938.9,36.5,386.63,6.0,3809215.0,0.0357,359615.0,0.0357,139036354.8,0.0357,0.0,4,3877236.5,96196.93,141519146.85,0,0,0,-1,Anti-Infective,0,unique,3640,0
DOXYCYCLINE,2023,2024,4081302.0,385302.0,148967523.0,36.5,386.63,6.0,3945258.0,0.0345,372458.0,0.0345,144001938.9,0.0345,0.0,5,4013280.0,96197.63,146484730.95,0,0,0,-1,Anti-Infective,0,unique,3640,0
LEVOFLOXACIN,2018,2019,955400.0,875400.0,1433100.0,1.5,1.64,1.0,955400.0,0.0,875400.0,0.0,1433100.0,0.0,0.0,0,955400.0,0.0,1433100.0,1,0,0,-1,Unclassified / General,1,unique,82122,0
LEVOFLOXACIN,2019,2020,993616.0,910416.0,1490424.0,1.5,1.64,1.0,955400.0,0.04,875400.0,0.04,1433100.0,0.04,0.0,1,974508.0,27022.79,1461762.0,0,0,0,-1,Unclassified / General,1,unique,82122,0
LEVOFLOXACIN,2020,2021,1031832.0,945432.0,1547748.0,1.5,1.64,1.0,993616.0,0.0385,910416.0,0.0385,1490424.0,0.0385,0.0,2,1012724.0,27022.79,1519086.0,0,0,0,-1,Unclassified / General,1,unique,82122,0
LEVOFLOXACIN,2021,2022,1070048.0,980448.0,1605072.0,1.5,1.64,1.0,1031832.0,0.037,945432.0,0.037,1547748.0,0.037,0.0,3,1050940.0,27022.79,1576410.0,0,0,0,-1,Unclassified / General,1,unique,82122,0
LEVOFLOXACIN,2022,2023,1108264.0,1015463.0,1662396.0,1.5,1.64,1.0,1070048.0,0.0357,980448.0,0.0357,1605072.0,0.0357,0.0,4,1089156.0,27022.79,1633734.0,0,0,0,-1,Unclassified / General,1,unique,82122,0
LEVOFLOXACIN,2023,2024,1146480.0,1050480.0,1719720.0,1.5,1.64,1.0,1108264.0,0.0345,1015463.0,0.0345,1662396.0,0.0345,0.0,5,1127372.0,27022.79,1691058.0,0,0,0,-1,Unclassified / General,1,unique,82122,0
CLINDAMYCIN,2018,2019,3873654.0,793654.0,21305097.0,5.5,26.84,7.0,3873654.0,0.0,793654.0,0.0,21305097.0,0.0,0.0,0,3873654.0,0.0,21305097.0,1,0,0,-1,Anti-Infective,0,unique,2582,0
CLINDAMYCIN,2019,2020,4028600.0,825400.0,22157300.88,5.5,26.84,7.0,3873654.0,0.04,793654.0,0.04,21305097.0,0.04,0.0,1,3951127.0,109563.37,21731198.94,0,0,0,-1,Anti-Infective,0,unique,2582,0
CLINDAMYCIN,2020,2021,4183546.0,857146.0,23009504.76,5.5,26.84,7.0,4028600.0,0.0385,825400.0,0.0385,22157300.88,0.0385,0.0,2,4106073.0,109563.37,22583402.82,0,0,0,-1,Anti-Infective,0,unique,2582,0
CLINDAMYCIN,2021,2022,4338492.0,888892.0,23861708.64,5.5,26.84,7.0,4183546.0,0.037,857146.0,0.037,23009504.76,0.037,0.0,3,4261019.0,109563.37,23435606.7,0,0,0,-1,Anti-Infective,0,unique,2582,0
CLINDAMYCIN,2022,2023,4493438.0,920638.0,24713912.52,5.5,26.84,7.0,4338492.0,0.0357,888892.0,0.0357,23861708.64,0.0357,0.0,4,4415965.0,109563.37,24287810.58,0,0,0,-1,Anti-Infective,0,unique,2582,1
CLINDAMYCIN,2023,2024,4648384.0,952384.0,25566116.4,5.5,26.84,7.0,4493438.0,0.0345,920638.0,0.0345,24713912.52,0.0345,0.0,5,4570911.0,109563.37,25140014.46,0,17,1,0,Anti-Infective,0,unique,2582,0
METRONIDAZOLE,2018,2019,2649079.0,569079.0,80796909.5,30.5,141.98,8.0,2649079.0,0.0,569079.0,0.0,80796909.5,0.0,0.0,0,2649079.0,0.0,80796909.5,1,0,0,-1,Anti-Infective,0,unique,6922,0
METRONIDAZOLE,2019,2020,2755042.0,591842.0,84028785.88,30.5,141.98,8.0,2649079.0,0.04,569079.0,0.04,80796909.5,0.04,0.0,1,2702060.5,74927.16,82412847.69,0,0,0,-1,Anti-Infective,0,unique,6922,0
METRONIDAZOLE,2020,2021,2861005.0,614605.0,87260662.26,30.5,141.98,8.0,2755042.0,0.0385,591842.0,0.0385,84028785.88,0.0385,0.0,2,2808023.5,74927.16,85644724.07,0,0,0,-1,Anti-Infective,0,unique,6922,0
METRONIDAZOLE,2021,2022,2966968.0,637368.0,90492538.64,30.5,141.98,8.0,2861005.0,0.037,614605.0,0.037,87260662.26,0.037,0.0,3,2913986.5,74927.16,88876600.45,0,0,0,-1,Anti-Infective,0,unique,6922,1
METRONIDAZOLE,2022,2023,3072931.0,660131.0,93724415.02,30.5,141.98,8.0,2966968.0,0.0357,637368.0,0.0357,90492538.64,0.0357,0.0,4,3019949.5,74927.16,92108476.83,0,4,1,0,Anti-Infective,0,unique,6922,0
METRONIDAZOLE,2023,2024,3178894.0,682894.0,96956291.4,30.5,141.98,8.0,3072931.0,0.0345,660131.0,0.0345,93724415.02,0.0345,0.0,5,3125912.5,74927.16,95340353.21,0,4,1,1,Anti-Infective,0,unique,6922,0
NITROFURANTOIN,2018,2019,4606848.0,526848.0,228038976.0,49.5,432.84,1.0,4606848.0,0.0,526848.0,0.0,228038976.0,0.0,0.0,0,4606848.0,0.0,228038976.0,1,0,0,-1,Anti-Infective,1,unique,7454,0
NITROFURANTOIN,2019,2020,4791121.0,547921.0,237160535.04,49.5,432.84,1.0,4606848.0,0.04,526848.0,0.04,228038976.0,0.04,0.0,1,4698984.5,130300.69,232599755.52,0,0,0,-1,Anti-Infective,1,unique,7454,0
NITROFURANTOIN,2020,2021,4975395.0,568995.0,246282094.08,49.5,432.84,1.0,4791121.0,0.0385,547921.0,0.0385,237160535.04,0.0385,0.0,2,4883258.0,130301.39,241721314.56,0,0,0,-1,Anti-Infective,1,unique,7454,0
NITROFURANTOIN,2021,2022,5159669.0,590069.0,255403653.12,49.5,432.84,1.0,4975395.0,0.037,568995.0,0.037,246282094.08,0.037,0.0,3,5067532.0,130301.39,250842873.6,0,0,0,-1,Anti-Infective,1,unique,7454,0
NITROFURANTOIN,2022,2023,5343943.0,611143.0,264525212.16,49.5,432.84,1.0,5159669.0,0.0357,590069.0,0.0357,255403653.12,0.0357,0.0,4,5251806.0,130301.39,259964432.64,0,0,0,-1,Anti-Infective,1,unique,7454,0
NITROFURANTOIN,2023,2024,5528217.0,632217.0,273646771.2,49.5,432.84,1.0,5343943.0,0.0345,611143.0,0.0345,264525212.16,0.0345,0.0,5,5436080.0,130301.39,269085991.68,0,0,0,-1,Anti-Infective,1,unique,7454,0
FLUCONAZOLE,2018,2019,5068500.0,988500.0,7602750.0,1.5,7.69,5.0,5068500.0,0.0,988500.0,0.0,7602750.0,0.0,0.0,0,5068500.0,0.0,7602750.0,1,0,0,-1,Unclassified / General,0,unique,4450,0
FLUCONAZOLE,2019,2020,5271240.0,1028040.0,7906860.0,1.5,7.69,5.0,5068500.0,0.04,988500.0,0.04,7602750.0,0.04,0.0,1,5169870.0,143358.83,7754805.0,0,0,0,-1,Unclassified / General,0,unique,4450,0
FLUCONAZOLE,2020,2021,5473980.0,1067580.0,8210970.0,1.5,7.69,5.0,5271240.0,0.0385,1028040.0,0.0385,7906860.0,0.0385,0.0,2,5372610.0,143358.83,8058915.0,0,0,0,-1,Unclassified / General,0,unique,4450,0
FLUCONAZOLE,2021,2022,5676720.0,1107120.0,8515080.0,1.5,7.69,5.0,5473980.0,0.037,1067580.0,0.037,8210970.0,0.037,0.0,3,5575350.0,143358.83,8363025.0,0,0,0,-1,Unclassified / General,0,unique,4450,0
FLUCONAZOLE,2022,2023,5879460.0,1146660.0,8819190.0,1.5,7.69,5.0,5676720.0,0.0357,1107120.0,0.0357,8515080.0,0.0357,0.0,4,5778090.0,143358.83,8667135.0,0,0,0,-1,Unclassified / General,0,unique,4450,0
FLUCONAZOLE,2023,2024,6082200.0,1186200.0,9123300.0,1.5,7.69,5.0,5879460.0,0.0345,1146660.0,0.0345,8819190.0,0.0345,0.0,5,5980830.0,143358.83,8971245.0,0,0,0,-1,Unclassified / General,0,unique,4450,0
ACYCLOVIR,2018,2019,3127702.0,47702.0,10946957.0,3.5,229.49,7.0,3127702.0,0.0,47702.0,0.0,10946957.0,0.0,0.0,0,3127702.0,0.0,10946957.0,1,0,0,-1,Unclassified / General,0,unique,281,0
ACYCLOVIR,2019,2020,3252810.0,49610.0,11384835.28,3.5,229.49,7.0,3127702.0,0.04,47702.0,0.04,10946957.0,0.04,0.0,1,3190256.0,88464.72,11165896.14,0,0,0,-1,Unclassified / General,0,unique,281,0
ACYCLOVIR,2020,2021,3377918.0,51518.0,11822713.56,3.5,229.49,7.0,3252810.0,0.0385,49610.0,0.0385,11384835.28,0.0385,0.0,2,3315364.0,88464.72,11603774.42,0,0,0,-1,Unclassified / General,0,unique,281,0
ACYCLOVIR,2021,2022,3503026.0,53426.0,12260591.84,3.5,229.49,7.0,3377918.0,0.037,51518.0,0.037,11822713.56,0.037,0.0,3,3440472.0,88464.72,12041652.7,0,0,0,-1,Unclassified / General,0,unique,281,0
ACYCLOVIR,2022,2023,3628134.0,55334.0,12698470.12,3.5,229.49,7.0,3503026.0,0.0357,53426.0,0.0357,12260591.84,0.0357,0.0,4,3565580.0,88464.72,12479530.98,0,0,0,-1,Unclassified / General,0,unique,281,0
ACYCLOVIR,2023,2024,3753242.0,57242.0,13136348.4,3.5,229.49,7.0,3628134.0,0.0345,55334.0,0.0345,12698470.12,0.0345,0.0,5,3690688.0,88464.72,12917409.26,0,0,0,-1,Unclassified / General,0,unique,281,0
VANCOMYCIN,2018,2019,1028211.0,948211.0,12852637.5,12.5,13.55,4.0,1028211.0,0.0,948211.0,0.0,12852637.5,0.0,0.0,0,1028211.0,0.0,12852637.5,1,0,0,-1,Anti-Infective,0,unique,11124,0
VANCOMYCIN,2019,2020,1069339.0,986139.0,13366743.0,12.5,13.55,4.0,1028211.0,0.04,948211.0,0.04,12852637.5,0.04,0.0,1,1048775.0,29081.89,13109690.25,0,0,0,-1,Anti-Infective,0,unique,11124,0
VANCOMYCIN,2020,2021,1110467.0,1024067.0,13880848.5,12.5,13.55,4.0,1069339.0,0.0385,986139.0,0.0385,13366743.0,0.0385,0.0,2,1089903.0,29081.89,13623795.75,0,0,0,-1,Anti-Infective,0,unique,11124,0
VANCOMYCIN,2021,2022,1151596.0,1061996.0,14394954.0,12.5,13.55,4.0,1110467.0,0.037,1024067.0,0.037,13880848.5,0.037,0.0,3,1131031.5,29082.59,14137901.25,0,0,0,-1,Anti-Infective,0,unique,11124,0
VANCOMYCIN,2022,2023,1192724.0,1099924.0,14909059.5,12.5,13.55,4.0,1151596.0,0.0357,1061996.0,0.0357,14394954.0,0.0357,0.0,4,1172160.0,29081.89,14652006.75,0,0,0,-1,Anti-Infective,0,unique,11124,0
VANCOMYCIN,2023,2024,1233853.0,1137853.0,15423165.0,12.5,13.55,4.0,1192724.0,0.0345,1099924.0,0.0345,14909059.5,0.0345,0.0,5,1213288.5,29082.59,15166112.25,0,0,0,-1,Anti-Infective,0,unique,11124,0
GENTAMICIN,2018,2019,4318788.0,238788.0,170592126.0,39.5,714.41,5.0,4318788.0,0.0,238788.0,0.0,170592126.0,0.0,0.0,0,4318788.0,0.0,170592126.0,1,0,0,-1,Unclassified / General,0,unique,1596450,0
GENTAMICIN,2019,2020,4491539.0,248339.0,177415811.04,39.5,714.41,5.0,4318788.0,0.04,238788.0,0.04,170592126.0,0.04,0.0,1,4405163.5,122153.4,174003968.52,0,0,0,-1,Unclassified / General,0,unique,1596450,0
GENTAMICIN,2020,2021,4664291.0,257891.0,184239496.08,39.5,714.41,5.0,4491539.0,0.0385,248339.0,0.0385,177415811.04,0.0385,0.0,2,4577915.0,122154.11,180827653.56,0,0,0,-1,Unclassified / General,0,unique,1596450,0
GENTAMICIN,2021,2022,4837042.0,267442.0,191063181.12,39.5,714.41,5.0,4664291.0,0.037,257891.0,0.037,184239496.08,0.037,0.0,3,4750666.5,122153.4,187651338.6,0,0,0,-1,Unclassified / General,0,unique,1596450,0
GENTAMICIN,2022,2023,5009794.0,276994.0,197886866.16,39.5,714.41,5.0,4837042.0,0.0357,267442.0,0.0357,191063181.12,0.0357,0.0,4,4923418.0,122154.11,194475023.64,0,0,0,-1,Unclassified / General,0,unique,1596450,0
GENTAMICIN,2023,2024,5182545.0,286545.0,204710551.2,39.5,714.41,5.0,5009794.0,0.0345,276994.0,0.0345,197886866.16,0.0345,0.0,5,5096169.5,122153.4,201298708.68,0,0,0,-1,Unclassified / General,0,unique,1596450,0
CEFDINIR,2018,2019,883932.0,803932.0,29611722.0,33.5,36.83,5.0,883932.0,0.0,803932.0,0.0,29611722.0,0.0,0.0,0,883932.0,0.0,29611722.0,1,0,0,-1,Unclassified / General,0,unique,25037,0
CEFDINIR,2019,2020,919289.0,836089.0,30796190.88,33.5,36.83,5.0,883932.0,0.04,803932.0,0.04,29611722.0,0.04,0.0,1,901610.5,25001.17,30203956.44,0,0,0,-1,Unclassified / General,0,unique,25037,0
CEFDINIR,2020,2021,954646.0,868246.0,31980659.76,33.5,36.83,5.0,919289.0,0.0385,836089.0,0.0385,30796190.88,0.0385,0.0,2,936967.5,25001.17,31388425.32,0,0,0,-1,Unclassified / General,0,unique,25037,0
CEFDINIR,2021,2022,990003.0,900403.0,33165128.64,33.5,36.83,5.0,954646.0,0.037,868246.0,0.037,31980659.76,0.037,0.0,3,972324.5,25001.17,32572894.2,0,0,0,-1,Unclassified / General,0,unique,25037,0
CEFDINIR,2022,2023,1025361.0,932561.0,34349597.52,33.5,36.83,5.0,990003.0,0.0357,900403.0,0.0357,33165128.64,0.0357,0.0,4,1007682.0,25001.88,33757363.08,0,0,0,-1,Unclassified / General,0,unique,25037,0
CEFDINIR,2023,2024,1060718.0,964718.0,35534066.4,33.5,36.83,5.0,1025361.0,0.0345,932561.0,0.0345,34349597.52,0.0345,0.0,5,1043039.5,25001.17,34941831.96,0,0,0,-1,Unclassified / General,0,unique,25037,0
CEFUROXIME,2018,2019,4732115.0,652115.0,78079897.5,16.5,119.73,4.0,4732115.0,0.0,652115.0,0.0,78079897.5,0.0,0.0,0,4732115.0,0.0,78079897.5,1,0,0,-1,Unclassified / General,0,unique,2194,0
CEFUROXIME,2019,2020,4921399.0,678199.0,81203093.4,16.5,119.73,4.0,4732115.0,0.04,652115.0,0.04,78079897.5,0.04,0.0,1,4826757.0,133844.0,79641495.45,0,0,0,-1,Unclassified / General,0,unique,2194,0
CEFUROXIME,2020,2021,5110684.0,704284.0,84326289.3,16.5,119.73,4.0,4921399.0,0.0385,678199.0,0.0385,81203093.4,0.0385,0.0,2,5016041.5,133844.71,82764691.35,0,0,0,-1,Unclassified / General,0,unique,2194,0
CEFUROXIME,2021,2022,5299968.0,730368.0,87449485.2,16.5,119.73,4.0,5110684.0,0.037,704284.0,0.037,84326289.3,0.037,0.0,3,5205326.0,133844.0,85887887.25,0,0,0,-1,Unclassified / General,0,unique,2194,0
CEFUROXIME,2022,2023,5489253.0,756453.0,90572681.1,16.5,119.73,4.0,5299968.0,0.0357,730368.0,0.0357,87449485.2,0.0357,0.0,4,5394610.5,133844.71,89011083.15,0,0,0,-1,Unclassified / General,0,unique,2194,0
CEFUROXIME,2023,2024,5678538.0,782538.0,93695877.0,16.5,119.73,4.0,5489253.0,0.0345,756453.0,0.0345,90572681.1,0.0345,0.0,5,5583895.5,133844.71,92134279.05,0,0,0,-1,Unclassified / General,0,unique,2194,0
AZTREONAM,2018,2019,372789.0,292789.0,15097954.5,40.5,51.57,6.0,372789.0,0.0,292789.0,0.0,15097954.5,0.0,0.0,0,372789.0,0.0,15097954.5,1,0,0,-1,Unclassified / General,0,unique,1272,0
AZTREONAM,2019,2020,387700.0,304500.0,15701872.68,40.5,51.57,6.0,372789.0,0.04,292789.0,0.04,15097954.5,0.04,0.0,1,380244.5,10543.67,15399913.59,0,0,0,-1,Unclassified / General,0,unique,1272,0
AZTREONAM,2020,2021,402612.0,316212.0,16305790.86,40.5,51.57,6.0,387700.0,0.0385,304500.0,0.0385,15701872.68,0.0385,0.0,2,395156.0,10544.38,16003831.77,0,0,0,-1,Unclassified / General,0,unique,1272,0
AZTREONAM,2021,2022,417523.0,327923.0,16909709.04,40.5,51.57,6.0,402612.0,0.037,316212.0,0.037,16305790.86,0.037,0.0,3,410067.5,10543.67,16607749.95,0,0,0,-1,Unclassified / General,0,unique,1272,0
AZTREONAM,2022,2023,432435.0,339635.0,17513627.22,40.5,51.57,6.0,417523.0,0.0357,327923.0,0.0357,16909709.04,0.0357,0.0,4,424979.0,10544.38,17211668.13,0,0,0,-1,Unclassified / General,0,unique,1272,0
AZTREONAM,2023,2024,447346.0,351346.0,18117545.4,40.5,51.57,6.0,432435.0,0.0345,339635.0,0.0345,17513627.22,0.0345,0.0,5,439890.5,10543.67,17815586.31,0,0,0,-1,Unclassified / General,0,unique,1272,0
PENICILLIN,2018,2019,2330616.0,250616.0,40785780.0,17.5,162.74,1.0,2330616.0,0.0,250616.0,0.0,40785780.0,0.0,0.0,0,2330616.0,0.0,40785780.0,1,0,0,-1,Anti-Infective,1,unmapped,,0
PENICILLIN,2019,2020,2423840.0,260640.0,42417211.2,17.5,162.74,1.0,2330616.0,0.04,250616.0,0.04,40785780.0,0.04,0.0,1,2377228.0,65919.32,41601495.6,0,0,0,-1,Anti-Infective,1,unmapped,,0
PENICILLIN,2020,2021,2517065.0,270665.0,44048642.4,17.5,162.74,1.0,2423840.0,0.0385,260640.0,0.0385,42417211.2,0.0385,0.0,2,2470452.5,65920.03,43232926.8,0,0,0,-1,Anti-Infective,1,unmapped,,0
PENICILLIN,2021,2022,2610289.0,280689.0,45680073.6,17.5,162.74,1.0,2517065.0,0.037,270665.0,0.037,44048642.4,0.037,0.0,3,2563677.0,65919.32,44864358.0,0,0,0,-1,Anti-Infective,1,unmapped,,0
PENICILLIN,2022,2023,2703514.0,290714.0,47311504.8,17.5,162.74,1.0,2610289.0,0.0357,280689.0,0.0357,45680073.6,0.0357,0.0,4,2656901.5,65920.03,46495789.2,0,0,0,-1,Anti-Infective,1,unmapped,,1
PENICILLIN,2023,2024,2796739.0,300739.0,48942936.0,17.5,162.74,1.0,2703514.0,0.0345,290714.0,0.0345,47311504.8,0.0345,0.0,5,2750126.5,65920.03,48127220.4,0,4,1,0,Anti-Infective,1,unmapped,,0
MEROPENEM,2018,2019,4508050.0,428050.0,6762075.0,1.5,15.8,3.0,4508050.0,0.0,428050.0,0.0,6762075.0,0.0,0.0,0,4508050.0,0.0,6762075.0,1,0,0,-1,Unclassified / General,0,unique,29561,0
MEROPENEM,2019,2020,4688372.0,445172.0,7032558.0,1.5,15.8,3.0,4508050.0,0.04,428050.0,0.04,6762075.0,0.04,0.0,1,4598211.0,127506.91,6897316.5,0,0,0,-1,Unclassified / General,0,unique,29561,0
MEROPENEM,2020,2021,4868694.0,462294.0,7303041.0,1.5,15.8,3.0,4688372.0,0.0385,445172.0,0.0385,7032558.0,0.0385,0.0,2,4778533.0,127506.91,7167799.5,0,0,0,-1,Unclassified / General,0,unique,29561,0
MEROPENEM,2021,2022,5049016.0,479416.0,7573524.0,1.5,15.8,3.0,4868694.0,0.037,462294.0,0.037,7303041.0,0.037,0.0,3,4958855.0,127506.91,7438282.5,0,0,0,-1,Unclassified / General,0,unique,29561,0
MEROPENEM,2022,2023,5229338.0,496537.0,7844007.0,1.5,15.8,3.0,5049016.0,0.0357,479416.0,0.0357,7573524.0,0.0357,0.0,4,5139177.0,127506.91,7708765.5,0,0,0,-1,Unclassified / General,0,unique,29561,0
MEROPENEM,2023,2024,5409660.0,513660.0,8114490.0,1.5,15.8,3.0,5229338.0,0.0345,496537.0,0.0345,7844007.0,0.0345,0.0,5,5319499.0,127506.91,7979248.5,0,0,0,-1,Unclassified / General,0,unique,29561,0
TRIMETHOPRIM,2018,2019,1862117.0,782117.0,34449164.5,18.5,44.05,6.0,1862117.0,0.0,782117.0,0.0,34449164.5,0.0,0.0,0,1862117.0,0.0,34449164.5,1,0,0,-1,Unclassified / General,0,unique,10829,0
TRIMETHOPRIM,2019,2020,1936601.0,813401.0,35827131.08,18.5,44.05,6.0,1862117.0,0.04,782117.0,0.04,34449164.5,0.04,0.0,1,1899359.0,52668.14,35138147.79,0,0,0,-1,Unclassified / General,0,unique,10829,0
TRIMETHOPRIM,2020,2021,2011086.0,844686.0,37205097.66,18.5,44.05,6.0,1936601.0,0.0385,813401.0,0.0385,35827131.08,0.0385,0.0,2,1973843.5,52668.85,36516114.37,0,0,0,-1,Unclassified / General,0,unique,10829,0
TRIMETHOPRIM,2021,2022,2085571.0,875971.0,38583064.24,18.5,44.05,6.0,2011086.0,0.037,844686.0,0.037,37205097.66,0.037,0.0,3,2048328.5,52668.85,37894080.95,0,0,0,-1,Unclassified / General,0,unique,10829,0
TRIMETHOPRIM,2022,2023,2160055.0,907255.0,39961030.82,18.5,44.05,6.0,2085571.0,0.0357,875971.0,0.0357,38583064.24,0.0357,0.0,4,2122813.0,52668.14,39272047.53,0,0,0,-1,Unclassified / General,0,unique,10829,0
TRIMETHOPRIM,2023,2024,2234540.0,938540.0,41338997.4,18.5,44.05,6.0,2160055.0,0.0345,907255.0,0.0345,39961030.82,0.0345,0.0,5,2197297.5,52668.85,40650014.11,0,0,0,-1,Unclassified / General,0,unique,10829,0
SULFAMETHOXAZOLE,2018,2019,3122579.0,42579.0,95238659.5,30.5,2236.75,4.0,3122579.0,0.0,42579.0,0.0,95238659.5,0.0,0.0,0,3122579.0,0.0,95238659.5,1,0,0,-1,Unclassified / General,0,unique,10180,0
SULFAMETHOXAZOLE,2019,2020,3247482.0,44282.0,99048205.88,30.5,2236.76,4.0,3122579.0,0.04,42579.0,0.04,95238659.5,0.04,0.0,1,3185030.5,88319.76,97143432.69,0,0,0,-1,Unclassified / General,0,unique,10180,0
SULFAMETHOXAZOLE,2020,2021,3372385.0,45985.0,102857752.26,30.5,2236.77,4.0,3247482.0,0.0385,44282.0,0.0385,99048205.88,0.0385,0.0,2,3309933.5,88319.76,100952979.07,0,0,0,-1,Unclassified / General,0,unique,10180,0
SULFAMETHOXAZOLE,2021,2022,3497288.0,47688.0,106667298.64,30.5,2236.77,4.0,3372385.0,0.037,45985.0,0.037,102857752.26,0.037,0.0,3,3434836.5,88319.76,104762525.45,0,0,0,-1,Unclassified / General,0,unique,10180,0
SULFAMETHOXAZOLE,2022,2023,3622191.0,49391.0,110476845.02,30.5,2236.78,4.0,3497288.0,0.0357,47688.0,0.0357,106667298.64,0.0357,0.0,4,3559739.5,88319.76,108572071.83,0,0,0,-1,Unclassified / General,0,unique,10180,0
SULFAMETHOXAZOLE,2023,2024,3747094.0,51094.0,114286391.4,30.5,2236.79,4.0,3622191.0,0.0345,49391.0,0.0345,110476845.02,0.0345,0.0,5,3684642.5,88319.76,112381618.21,0,0,0,-1,Unclassified / General,0,unique,10180,0
VALACYCLOVIR,2018,2019,3969869.0,889869.0,81382314.5,20.5,91.45,6.0,3969869.0,0.0,889869.0,0.0,81382314.5,0.0,0.0,0,3969869.0,0.0,81382314.5,1,0,0,-1,Unclassified / General,0,unique,73645,0
VALACYCLOVIR,2019,2020,4128663.0,925463.0,84637607.08,20.5,91.45,6.0,3969869.0,0.04,889869.0,0.04,81382314.5,0.04,0.0,1,4049266.0,112284.31,83009960.79,0,0,0,-1,Unclassified / General,0,unique,73645,0
VALACYCLOVIR,2020,2021,4287458.0,961058.0,87892899.66,20.5,91.45,6.0,4128663.0,0.0385,925463.0,0.0385,84637607.08,0.0385,0.0,2,4208060.5,112285.02,86265253.37,0,0,0,-1,Unclassified / General,0,unique,73645,0
VALACYCLOVIR,2021,2022,4446253.0,996653.0,91148192.24,20.5,91.45,6.0,4287458.0,0.037,961058.0,0.037,87892899.66,0.037,0.0,3,4366855.5,112285.02,89520545.95,0,0,0,-1,Unclassified / General,0,unique,73645,0
VALACYCLOVIR,2022,2023,4605048.0,1032248.0,94403484.82,20.5,91.45,6.0,4446253.0,0.0357,996653.0,0.0357,91148192.24,0.0357,0.0,4,4525650.5,112285.02,92775838.53,0,0,0,-1,Unclassified / General,0,unique,73645,0
VALACYCLOVIR,2023,2024,4763842.0,1067842.0,97658777.4,20.5,91.45,6.0,4605048.0,0.0345,1032248.0,0.0345,94403484.82,0.0345,0.0,5,4684445.0,112284.31,96031131.11,0,0,0,-1,Unclassified / General,0,unique,73645,0
VALGANCICLOVIR,2018,2019,1163817.0,83817.0,21530614.5,18.5,256.88,2.0,1163817.0,0.0,83817.0,0.0,21530614.5,0.0,0.0,0,1163817.0,0.0,21530614.5,1,0,0,-1,Unclassified / General,0,unique,275891,0
VALGANCICLOVIR,2019,2020,1210369.0,87169.0,22391839.08,18.5,256.88,2.0,1163817.0,0.04,83817.0,0.04,21530614.5,0.04,0.0,1,1187093.0,32917.23,21961226.79,0,0,0,-1,Unclassified / General,0,unique,275891,0
VALGANCICLOVIR,2020,2021,1256922.0,90522.0,23253063.66,18.5,256.88,2.0,1210369.0,0.0385,87169.0,0.0385,22391839.08,0.0385,0.0,2,1233645.5,32917.94,22822451.37,0,0,0,-1,Unclassified / General,0,unique,275891,0
VALGANCICLOVIR,2021,2022,1303475.0,93875.0,24114288.24,18.5,256.88,2.0,1256922.0,0.037,90522.0,0.037,23253063.66,0.037,0.0,3,1280198.5,32917.94,23683675.95,0,0,0,-1,Unclassified / General,0,unique,275891,0
VALGANCICLOVIR,2022,2023,1350027.0,97227.0,24975512.82,18.5,256.88,2.0,1303475.0,0.0357,93875.0,0.0357,24114288.24,0.0357,0.0,4,1326751.0,32917.23,24544900.53,0,0,0,-1,Unclassified / General,0,unique,275891,0
VALGANCICLOVIR,2023,2024,1396580.0,100580.0,25836737.4,18.5,256.88,2.0,1350027.0,0.0345,97227.0,0.0345,24975512.82,0.0345,0.0,5,1373303.5,32917.94,25406125.11,0,0,0,-1,Unclassified / General,0,unique,275891,0
OSELTAMIVIR,2018,2019,264108.0,184108.0,2509026.0,9.5,13.63,5.0,264108.0,0.0,184108.0,0.0,2509026.0,0.0,0.0,0,264108.0,0.0,2509026.0,1,0,0,-1,Antiviral,0,unique,260101,0
OSELTAMIVIR,2019,2020,274672.0,191472.0,2609387.04,9.5,13.63,5.0,264108.0,0.04,184108.0,0.04,2509026.0,0.04,0.0,1,269390.0,7469.88,2559206.52,0,0,0,-1,Antiviral,0,unique,260101,0
OSELTAMIVIR,2020,2021,285236.0,198836.0,2709748.08,9.5,13.63,5.0,274672.0,0.0385,191472.0,0.0385,2609387.04,0.0385,0.0,2,279954.0,7469.88,2659567.56,0,0,0,-1,Antiviral,0,unique,260101,0
OSELTAMIVIR,2021,2022,295800.0,206200.0,2810109.12,9.5,13.63,5.0,285236.0,0.037,198836.0,0.037,2709748.08,0.037,0.0,3,290518.0,7469.88,2759928.6,0,0,0,-1,Antiviral,0,unique,260101,0
OSELTAMIVIR,2022,2023,306365.0,213565.0,2910470.16,9.5,13.63,5.0,295800.0,0.0357,206200.0,0.0357,2810109.12,0.0357,0.0,4,301082.5,7470.58,2860289.64,0,0,0,-1,Antiviral,0,unique,260101,0
OSELTAMIVIR,2023,2024,316929.0,220929.0,3010831.2,9.5,13.63,5.0,306365.0,0.0345,213565.0,0.0345,2910470.16,0.0345,0.0,5,311647.0,7469.88,2960650.68,0,0,0,-1,Antiviral,0,unique,260101,0
KETOCONAZOLE,2018,2019,3849340.0,769340.0,159747610.0,41.5,207.64,5.0,3849340.0,0.0,769340.0,0.0,159747610.0,0.0,0.0,0,3849340.0,0.0,159747610.0,1,0,0,-1,Unclassified / General,0,unique,6135,0
KETOCONAZOLE,2019,2020,4003313.0,800113.0,166137514.4,41.5,207.64,5.0,3849340.0,0.04,769340.0,0.04,159747610.0,0.04,0.0,1,3926326.5,108875.35,162942562.2,0,0,0,-1,Unclassified / General,0,unique,6135,0
KETOCONAZOLE,2020,2021,4157287.0,830887.0,172527418.8,41.5,207.64,5.0,4003313.0,0.0385,800113.0,0.0385,166137514.4,0.0385,0.0,2,4080300.0,108876.06,169332466.6,0,0,0,-1,Unclassified / General,0,unique,6135,0
KETOCONAZOLE,2021,2022,4311260.0,861660.0,178917323.2,41.5,207.64,5.0,4157287.0,0.037,830887.0,0.037,172527418.8,0.037,0.0,3,4234273.5,108875.35,175722371.0,0,0,0,-1,Unclassified / General,0,unique,6135,0
KETOCONAZOLE,2022,2023,4465234.0,892434.0,185307227.6,41.5,207.64,5.0,4311260.0,0.0357,861660.0,0.0357,178917323.2,0.0357,0.0,4,4388247.0,108876.06,182112275.4,0,0,0,-1,Unclassified / General,0,unique,6135,0
KETOCONAZOLE,2023,2024,4619208.0,923208.0,191697132.0,41.5,207.64,5.0,4465234.0,0.0345,892434.0,0.0345,185307227.6,0.0345,0.0,5,4542221.0,108876.06,188502179.8,0,0,0,-1,Unclassified / General,0,unique,6135,0
TERBINAFINE,2018,2019,759213.0,679213.0,11008588.5,14.5,16.21,6.0,759213.0,0.0,679213.0,0.0,11008588.5,0.0,0.0,0,759213.0,0.0,11008588.5,1,0,0,-1,Unclassified / General,0,unique,37801,0
TERBINAFINE,2019,2020,789581.0,706381.0,11448932.04,14.5,16.21,6.0,759213.0,0.04,679213.0,0.04,11008588.5,0.04,0.0,1,774397.0,21473.42,11228760.27,0,0,0,-1,Unclassified / General,0,unique,37801,0
TERBINAFINE,2020,2021,819950.0,733550.0,11889275.58,14.5,16.21,6.0,789581.0,0.0385,706381.0,0.0385,11448932.04,0.0385,0.0,2,804765.5,21474.13,11669103.81,0,0,0,-1,Unclassified / General,0,unique,37801,0
TERBINAFINE,2021,2022,850318.0,760718.0,12329619.12,14.5,16.21,6.0,819950.0,0.037,733550.0,0.037,11889275.58,0.037,0.0,3,835134.0,21473.42,12109447.35,0,0,0,-1,Unclassified / General,0,unique,37801,0
TERBINAFINE,2022,2023,880687.0,787887.0,12769962.66,14.5,16.21,6.0,850318.0,0.0357,760718.0,0.0357,12329619.12,0.0357,0.0,4,865502.5,21474.13,12549790.89,0,0,0,-1,Unclassified / General,0,unique,37801,0
TERBINAFINE,2023,2024,911055.0,815055.0,13210306.2,14.5,16.21,6.0,880687.0,0.0345,787887.0,0.0345,12769962.66,0.0345,0.0,5,895871.0,21473.42,12990134.43,0,0,0,-1,Unclassified / General,0,unique,37801,0
NYSTATIN,2018,2019,2612381.0,532381.0,84902382.5,32.5,159.48,6.0,2612381.0,0.0,532381.0,0.0,84902382.5,0.0,0.0,0,2612381.0,0.0,84902382.5,1,0,0,-1,Unclassified / General,0,unique,7597,0
NYSTATIN,2019,2020,2716876.0,553676.0,88298477.8,32.5,159.48,6.0,2612381.0,0.04,532381.0,0.04,84902382.5,0.04,0.0,1,2664628.5,73889.12,86600430.15,0,0,0,-1,Unclassified / General,0,unique,7597,0
NYSTATIN,2020,2021,2821371.0,574971.0,91694573.1,32.5,159.48,6.0,2716876.0,0.0385,553676.0,0.0385,88298477.8,0.0385,0.0,2,2769123.5,73889.12,89996525.45,0,0,0,-1,Unclassified / General,0,unique,7597,0
NYSTATIN,2021,2022,2925866.0,596266.0,95090668.4,32.5,159.48,6.0,2821371.0,0.037,574971.0,0.037,91694573.1,0.037,0.0,3,2873618.5,73889.12,93392620.75,0,0,0,-1,Unclassified / General,0,unique,7597,0
NYSTATIN,2022,2023,3030361.0,617561.0,98486763.7,32.5,159.48,6.0,2925866.0,0.0357,596266.0,0.0357,95090668.4,0.0357,0.0,4,2978113.5,73889.12,96788716.05,0,0,0,-1,Unclassified / General,0,unique,7597,0
NYSTATIN,2023,2024,3134857.0,638857.0,101882859.0,32.5,159.48,6.0,3030361.0,0.0345,617561.0,0.0345,98486763.7,0.0345,0.0,5,3082609.0,73889.83,100184811.35,0,0,0,-1,Unclassified / General,0,unique,7597,0
ITRACONAZOLE,2018,2019,5067847.0,987847.0,245790579.5,48.5,248.81,8.0,5067847.0,0.0,987847.0,0.0,245790579.5,0.0,0.0,0,5067847.0,0.0,245790579.5,1,0,0,-1,Anti-Infective,0,unique,28031,0
ITRACONAZOLE,2019,2020,5270560.0,1027360.0,255622202.68,48.5,248.81,8.0,5067847.0,0.04,987847.0,0.04,245790579.5,0.04,0.0,1,5169203.5,143339.74,250706391.09,0,0,0,-1,Anti-Infective,0,unique,28031,0
ITRACONAZOLE,2020,2021,5473274.0,1066874.0,265453825.86,48.5,248.81,8.0,5270560.0,0.0385,1027360.0,0.0385,255622202.68,0.0385,0.0,2,5371917.0,143340.44,260538014.27,0,0,0,-1,Anti-Infective,0,unique,28031,0
ITRACONAZOLE,2021,2022,5675988.0,1106388.0,275285449.04,48.5,248.81,8.0,5473274.0,0.037,1066874.0,0.037,265453825.86,0.037,0.0,3,5574631.0,143340.44,270369637.45,0,0,0,-1,Anti-Infective,0,unique,28031,0
ITRACONAZOLE,2022,2023,5878702.0,1145902.0,285117072.22,48.5,248.81,8.0,5675988.0,0.0357,1106388.0,0.0357,275285449.04,0.0357,0.0,4,5777345.0,143340.44,280201260.63,0,0,0,-1,Anti-Infective,0,unique,28031,0
ITRACONAZOLE,2023,2024,6081416.0,1185416.0,294948695.4,48.5,248.81,8.0,5878702.0,0.0345,1145902.0,0.0345,285117072.22,0.0345,0.0,5,5980059.0,143340.44,290032883.81,0,0,0,-1,Anti-Infective,0,unique,28031,0
VORICONAZOLE,2018,2019,4449523.0,369523.0,109013313.5,24.5,295.01,4.0,4449523.0,0.0,369523.0,0.0,109013313.5,0.0,0.0,0,4449523.0,0.0,109013313.5,1,0,0,-1,Antiviral,0,unique,121243,0
VORICONAZOLE,2019,2020,4627503.0,384303.0,113373846.04,24.5,295.01,4.0,4449523.0,0.04,369523.0,0.04,109013313.5,0.04,0.0,1,4538513.0,125850.86,111193579.77,0,0,0,-1,Antiviral,0,unique,121243,0
VORICONAZOLE,2020,2021,4805484.0,399084.0,117734378.58,24.5,295.01,4.0,4627503.0,0.0385,384303.0,0.0385,113373846.04,0.0385,0.0,2,4716493.5,125851.57,115554112.31,0,0,0,-1,Antiviral,0,unique,121243,0
VORICONAZOLE,2021,2022,4983465.0,413865.0,122094911.12,24.5,295.01,4.0,4805484.0,0.037,399084.0,0.037,117734378.58,0.037,0.0,3,4894474.5,125851.57,119914644.85,0,0,0,-1,Antiviral,0,unique,121243,0
VORICONAZOLE,2022,2023,5161446.0,428646.0,126455443.66,24.5,295.01,4.0,4983465.0,0.0357,413865.0,0.0357,122094911.12,0.0357,0.0,4,5072455.5,125851.57,124275177.39,0,0,0,-1,Antiviral,0,unique,121243,0
VORICONAZOLE,2023,2024,5339427.0,443427.0,130815976.2,24.5,295.01,4.0,5161446.0,0.0345,428646.0,0.0345,126455443.66,0.0345,0.0,5,5250436.5,125851.57,128635709.93,0,0,0,-1,Antiviral,0,unique,121243,0
CEFTRIAXONE,2018,2019,4495153.0,415153.0,20228188.5,4.5,48.72,2.0,4495153.0,0.0,415153.0,0.0,20228188.5,0.0,0.0,0,4495153.0,0.0,20228188.5,1,0,0,-1,Unclassified / General,0,unique,2193,0
CEFTRIAXONE,2019,2020,4674959.0,431759.0,21037316.04,4.5,48.72,2.0,4495153.0,0.04,415153.0,0.04,20228188.5,0.04,0.0,1,4585056.0,127142.04,20632752.27,0,0,0,-1,Unclassified / General,0,unique,2193,0
CEFTRIAXONE,2020,2021,4854765.0,448365.0,21846443.58,4.5,48.72,2.0,4674959.0,0.0385,431759.0,0.0385,21037316.04,0.0385,0.0,2,4764862.0,127142.04,21441879.81,0,0,0,-1,Unclassified / General,0,unique,2193,0
CEFTRIAXONE,2021,2022,5034571.0,464971.0,22655571.12,4.5,48.72,2.0,4854765.0,0.037,448365.0,0.037,21846443.58,0.037,0.0,3,4944668.0,127142.04,22251007.35,0,0,0,-1,Unclassified / General,0,unique,2193,0
CEFTRIAXONE,2022,2023,5214377.0,481577.0,23464698.66,4.5,48.72,2.0,5034571.0,0.0357,464971.0,0.0357,22655571.12,0.0357,0.0,4,5124474.0,127142.04,23060134.89,0,0,0,-1,Unclassified / General,0,unique,2193,0
CEFTRIAXONE,2023,2024,5394183.0,498183.0,24273826.2,4.5,48.72,2.0,5214377.0,0.0345,481577.0,0.0345,23464698.66,0.0345,0.0,5,5304280.0,127142.04,23869262.43,0,0,0,-1,Unclassified / General,0,unique,2193,0
CEFAZOLIN,2018,2019,266391.0,186391.0,11321617.5,42.5,60.74,8.0,266391.0,0.0,186391.0,0.0,11321617.5,0.0,0.0,0,266391.0,0.0,11321617.5,1,0,0,-1,Unclassified / General,0,unique,2180,0
CEFAZOLIN,2019,2020,277046.0,193846.0,11774482.2,42.5,60.74,8.0,266391.0,0.04,186391.0,0.04,11321617.5,0.04,0.0,1,271718.5,7534.22,11548049.85,0,0,0,-1,Unclassified / General,0,unique,2180,0
CEFAZOLIN,2020,2021,287702.0,201302.0,12227346.9,42.5,60.74,8.0,277046.0,0.0385,193846.0,0.0385,11774482.2,0.0385,0.0,2,282374.0,7534.93,12000914.55,0,0,0,-1,Unclassified / General,0,unique,2180,0
CEFAZOLIN,2021,2022,298357.0,208757.0,12680211.6,42.5,60.74,8.0,287702.0,0.037,201302.0,0.037,12227346.9,0.037,0.0,3,293029.5,7534.22,12453779.25,0,0,0,-1,Unclassified / General,0,unique,2180,0
CEFAZOLIN,2022,2023,309013.0,216213.0,13133076.3,42.5,60.74,8.0,298357.0,0.0357,208757.0,0.0357,12680211.6,0.0357,0.0,4,303685.0,7534.93,12906643.95,0,0,0,-1,Unclassified / General,0,unique,2180,0
CEFAZOLIN,2023,2024,319669.0,223669.0,13585941.0,42.5,60.74,8.0,309013.0,0.0345,216213.0,0.0345,13133076.3,0.0345,0.0,5,314341.0,7534.93,13359508.65,0,0,0,-1,Unclassified / General,0,unique,2180,0
CEFEPIME,2018,2019,2032594.0,952594.0,92483027.0,45.5,97.09,3.0,2032594.0,0.0,952594.0,0.0,92483027.0,0.0,0.0,0,2032594.0,0.0,92483027.0,1,0,0,-1,Anti-Infective,0,unique,20481,0
CEFEPIME,2019,2020,2113897.0,990697.0,96182348.08,45.5,97.09,3.0,2032594.0,0.04,952594.0,0.04,92483027.0,0.04,0.0,1,2073245.5,57489.9,94332687.54,0,0,0,-1,Anti-Infective,0,unique,20481,0
CEFEPIME,2020,2021,2195201.0,1028801.0,99881669.16,45.5,97.09,3.0,2113897.0,0.0385,990697.0,0.0385,96182348.08,0.0385,0.0,2,2154549.0,57490.61,98032008.62,0,0,0,-1,Anti-Infective,0,unique,20481,0
CEFEPIME,2021,2022,2276505.0,1066905.0,103580990.24,45.5,97.09,3.0,2195201.0,0.037,1028801.0,0.037,99881669.16,0.037,0.0,3,2235853.0,57490.61,101731329.7,0,0,0,-1,Anti-Infective,0,unique,20481,0
CEFEPIME,2022,2023,2357809.0,1105009.0,107280311.32,45.5,97.09,3.0,2276505.0,0.0357,1066905.0,0.0357,103580990.24,0.0357,0.0,4,2317157.0,57490.61,105430650.78,0,0,0,-1,Anti-Infective,0,unique,20481,0
CEFEPIME,2023,2024,2439112.0,1143112.0,110979632.4,45.5,97.09,3.0,2357809.0,0.0345,1105009.0,0.0345,107280311.32,0.0345,0.0,5,2398460.5,57489.9,109129971.86,0,0,0,-1,Anti-Infective,0,unique,20481,0
AMPICILLIN,2018,2019,345094.0,265094.0,15701777.0,45.5,59.23,7.0,345094.0,0.0,265094.0,0.0,15701777.0,0.0,0.0,0,345094.0,0.0,15701777.0,1,0,0,-1,Anti-Infective,0,unique,733,0
AMPICILLIN,2019,2020,358897.0,275697.0,16329848.08,45.5,59.23,7.0,345094.0,0.04,265094.0,0.04,15701777.0,0.04,0.0,1,351995.5,9760.19,16015812.54,0,0,0,-1,Anti-Infective,0,unique,733,0
AMPICILLIN,2020,2021,372701.0,286301.0,16957919.16,45.5,59.23,7.0,358897.0,0.0385,275697.0,0.0385,16329848.08,0.0385,0.0,2,365799.0,9760.9,16643883.62,0,0,0,-1,Anti-Infective,0,unique,733,0
AMPICILLIN,2021,2022,386505.0,296905.0,17585990.24,45.5,59.23,7.0,372701.0,0.037,286301.0,0.037,16957919.16,0.037,0.0,3,379603.0,9760.9,17271954.7,0,0,0,-1,Anti-Infective,0,unique,733,0
AMPICILLIN,2022,2023,400309.0,307509.0,18214061.32,45.5,59.23,7.0,386505.0,0.0357,296905.0,0.0357,17585990.24,0.0357,0.0,4,393407.0,9760.9,17900025.78,0,0,0,-1,Anti-Infective,0,unique,733,0
AMPICILLIN,2023,2024,414112.0,318112.0,18842132.4,45.5,59.23,7.0,400309.0,0.0345,307509.0,0.0345,18214061.32,0.0345,0.0,5,407210.5,9760.19,18528096.86,0,0,0,-1,Anti-Infective,0,unique,733,0
PIPERACILLIN,2018,2019,1324954.0,244954.0,7287247.0,5.5,29.75,3.0,1324954.0,0.0,244954.0,0.0,7287247.0,0.0,0.0,0,1324954.0,0.0,7287247.0,1,0,0,-1,Anti-Infective,0,unique,8339,0
PIPERACILLIN,2019,2020,1377952.0,254752.0,7578736.88,5.5,29.75,3.0,1324954.0,0.04,244954.0,0.04,7287247.0,0.04,0.0,1,1351453.0,37475.25,7432991.94,0,0,0,-1,Anti-Infective,0,unique,8339,0
PIPERACILLIN,2020,2021,1430950.0,264550.0,7870226.76,5.5,29.75,3.0,1377952.0,0.0385,254752.0,0.0385,7578736.88,0.0385,0.0,2,1404451.0,37475.25,7724481.82,0,0,0,-1,Anti-Infective,0,unique,8339,0
PIPERACILLIN,2021,2022,1483948.0,274348.0,8161716.64,5.5,29.75,3.0,1430950.0,0.037,264550.0,0.037,7870226.76,0.037,0.0,3,1457449.0,37475.25,8015971.7,0,0,0,-1,Anti-Infective,0,unique,8339,0
PIPERACILLIN,2022,2023,1536946.0,284146.0,8453206.52,5.5,29.75,3.0,1483948.0,0.0357,274348.0,0.0357,8161716.64,0.0357,0.0,4,1510447.0,37475.25,8307461.58,0,0,0,-1,Anti-Infective,0,unique,8339,0
PIPERACILLIN,2023,2024,1589944.0,293944.0,8744696.4,5.5,29.75,3.0,1536946.0,0.0345,284146.0,0.0345,8453206.52,0.0345,0.0,5,1563445.0,37475.25,8598951.46,0,0,0,-1,Anti-Infective,0,unique,8339,0
TAZOBACTAM,2018,2019,2218604.0,138604.0,12202322.0,5.5,88.04,5.0,2218604.0,0.0,138604.0,0.0,12202322.0,0.0,0.0,0,2218604.0,0.0,12202322.0,1,0,0,-1,Unclassified / General,0,unique,37617,0
TAZOBACTAM,2019,2020,2307348.0,144148.0,12690414.88,5.5,88.04,5.0,2218604.0,0.04,138604.0,0.04,12202322.0,0.04,0.0,1,2262976.0,62751.48,12446368.44,0,0,0,-1,Unclassified / General,0,unique,37617,0
TAZOBACTAM,2020,2021,2396092.0,149692.0,13178507.76,5.5,88.04,5.0,2307348.0,0.0385,144148.0,0.0385,12690414.88,0.0385,0.0,2,2351720.0,62751.48,12934461.32,0,0,0,-1,Unclassified / General,0,unique,37617,0
TAZOBACTAM,2021,2022,2484836.0,155236.0,13666600.64,5.5,88.04,5.0,2396092.0,0.037,149692.0,0.037,13178507.76,0.037,0.0,3,2440464.0,62751.48,13422554.2,0,0,0,-1,Unclassified / General,0,unique,37617,0
TAZOBACTAM,2022,2023,2573580.0,160780.0,14154693.52,5.5,88.04,5.0,2484836.0,0.0357,155236.0,0.0357,13666600.64,0.0357,0.0,4,2529208.0,62751.48,13910647.08,0,0,0,-1,Unclassified / General,0,unique,37617,0
TAZOBACTAM,2023,2024,2662324.0,166324.0,14642786.4,5.5,88.04,5.0,2573580.0,0.0345,160780.0,0.0345,14154693.52,0.0345,0.0,5,2617952.0,62751.48,14398739.96,0,0,0,-1,Unclassified / General,0,unique,37617,0
ERTAPENEM,2018,2019,946136.0,866136.0,35480100.0,37.5,40.96,1.0,946136.0,0.0,866136.0,0.0,35480100.0,0.0,0.0,0,946136.0,0.0,35480100.0,1,0,0,-1,Unclassified / General,1,unique,325642,0
ERTAPENEM,2019,2020,983981.0,900781.0,36899304.0,37.5,40.96,1.0,946136.0,0.04,866136.0,0.04,35480100.0,0.04,0.0,1,965058.5,26760.46,36189702.0,0,0,0,-1,Unclassified / General,1,unique,325642,0
ERTAPENEM,2020,2021,1021826.0,935426.0,38318508.0,37.5,40.96,1.0,983981.0,0.0385,900781.0,0.0385,36899304.0,0.0385,0.0,2,1002903.5,26760.46,37608906.0,0,0,0,-1,Unclassified / General,1,unique,325642,0
ERTAPENEM,2021,2022,1059672.0,970072.0,39737712.0,37.5,40.96,1.0,1021826.0,0.037,935426.0,0.037,38318508.0,0.037,0.0,3,1040749.0,26761.16,39028110.0,0,0,0,-1,Unclassified / General,1,unique,325642,0
ERTAPENEM,2022,2023,1097517.0,1004717.0,41156916.0,37.5,40.96,1.0,1059672.0,0.0357,970072.0,0.0357,39737712.0,0.0357,0.0,4,1078594.5,26760.46,40447314.0,0,0,0,-1,Unclassified / General,1,unique,325642,0
ERTAPENEM,2023,2024,1135363.0,1039363.0,42576120.0,37.5,40.96,1.0,1097517.0,0.0345,1004717.0,0.0345,41156916.0,0.0345,0.0,5,1116440.0,26761.16,41866518.0,0,0,0,-1,Unclassified / General,1,unique,325642,0
TOBRAMYCIN,2018,2019,4417018.0,337018.0,86131851.0,19.5,255.57,3.0,4417018.0,0.0,337018.0,0.0,86131851.0,0.0,0.0,0,4417018.0,0.0,86131851.0,1,0,0,-1,Anti-Infective,0,unique,10627,0
TOBRAMYCIN,2019,2020,4593698.0,350498.0,89577125.04,19.5,255.57,3.0,4417018.0,0.04,337018.0,0.04,86131851.0,0.04,0.0,1,4505358.0,124931.63,87854488.02,0,0,0,-1,Anti-Infective,0,unique,10627,0
TOBRAMYCIN,2020,2021,4770379.0,363979.0,93022399.08,19.5,255.57,3.0,4593698.0,0.0385,350498.0,0.0385,89577125.04,0.0385,0.0,2,4682038.5,124932.33,91299762.06,0,0,0,-1,Anti-Infective,0,unique,10627,0
TOBRAMYCIN,2021,2022,4947060.0,377460.0,96467673.12,19.5,255.57,3.0,4770379.0,0.037,363979.0,0.037,93022399.08,0.037,0.0,3,4858719.5,124932.33,94745036.1,0,0,0,-1,Anti-Infective,0,unique,10627,0
TOBRAMYCIN,2022,2023,5123740.0,390940.0,99912947.16,19.5,255.57,3.0,4947060.0,0.0357,377460.0,0.0357,96467673.12,0.0357,0.0,4,5035400.0,124931.63,98190310.14,0,0,0,-1,Anti-Infective,0,unique,10627,0
TOBRAMYCIN,2023,2024,5300421.0,404421.0,103358221.2,19.5,255.57,3.0,5123740.0,0.0345,390940.0,0.0345,99912947.16,0.0345,0.0,5,5212080.5,124932.33,101635584.18,0,0,0,-1,Anti-Infective,0,unique,10627,0
AMIKACIN,2018,2019,4544113.0,464113.0,65889638.5,14.5,141.97,2.0,4544113.0,0.0,464113.0,0.0,65889638.5,0.0,0.0,0,4544113.0,0.0,65889638.5,1,0,0,-1,Unclassified / General,0,unique,641,0
AMIKACIN,2019,2020,4725877.0,482677.0,68525224.04,14.5,141.97,2.0,4544113.0,0.04,464113.0,0.04,65889638.5,0.04,0.0,1,4634995.0,128526.56,67207431.27,0,0,0,-1,Unclassified / General,0,unique,641,0
AMIKACIN,2020,2021,4907642.0,501242.0,71160809.58,14.5,141.97,2.0,4725877.0,0.0385,482677.0,0.0385,68525224.04,0.0385,0.0,2,4816759.5,128527.26,69843016.81,0,0,0,-1,Unclassified / General,0,unique,641,0
AMIKACIN,2021,2022,5089406.0,519806.0,73796395.12,14.5,141.97,2.0,4907642.0,0.037,501242.0,0.037,71160809.58,0.037,0.0,3,4998524.0,128526.56,72478602.35,0,0,0,-1,Unclassified / General,0,unique,641,0
AMIKACIN,2022,2023,5271171.0,538371.0,76431980.66,14.5,141.97,2.0,5089406.0,0.0357,519806.0,0.0357,73796395.12,0.0357,0.0,4,5180288.5,128527.26,75114187.89,0,0,0,-1,Unclassified / General,0,unique,641,0
AMIKACIN,2023,2024,5452935.0,556935.0,79067566.2,14.5,141.97,2.0,5271171.0,0.0345,538371.0,0.0345,76431980.66,0.0345,0.0,5,5362053.0,128526.56,77749773.43,0,0,0,-1,Unclassified / General,0,unique,641,0
MOXIFLOXACIN,2018,2019,1221317.0,141317.0,22594364.5,18.5,159.88,6.0,1221317.0,0.0,141317.0,0.0,22594364.5,0.0,0.0,0,1221317.0,0.0,22594364.5,1,0,0,-1,Anti-Infective,0,unique,139462,0
MOXIFLOXACIN,2019,2020,1270169.0,146969.0,23498139.08,18.5,159.89,6.0,1221317.0,0.04,141317.0,0.04,22594364.5,0.04,0.0,1,1245743.0,34543.58,23046251.79,0,0,0,-1,Anti-Infective,0,unique,139462,0
MOXIFLOXACIN,2020,2021,1319022.0,152622.0,24401913.66,18.5,159.88,6.0,1270169.0,0.0385,146969.0,0.0385,23498139.08,0.0385,0.0,2,1294595.5,34544.29,23950026.37,0,0,0,-1,Anti-Infective,0,unique,139462,0
MOXIFLOXACIN,2021,2022,1367875.0,158275.0,25305688.24,18.5,159.88,6.0,1319022.0,0.037,152622.0,0.037,24401913.66,0.037,0.0,3,1343448.5,34544.29,24853800.95,0,0,0,-1,Anti-Infective,0,unique,139462,0
MOXIFLOXACIN,2022,2023,1416727.0,163927.0,26209462.82,18.5,159.88,6.0,1367875.0,0.0357,158275.0,0.0357,25305688.24,0.0357,0.0,4,1392301.0,34543.58,25757575.53,0,0,0,-1,Anti-Infective,0,unique,139462,0
MOXIFLOXACIN,2023,2024,1465580.0,169580.0,27113237.4,18.5,159.88,6.0,1416727.0,0.0345,163927.0,0.0345,26209462.82,0.0345,0.0,5,1441153.5,34544.29,26661350.11,0,0,0,-1,Anti-Infective,0,unique,139462,0
OFLOXACIN,2018,2019,3141593.0,61593.0,139800888.5,44.5,2269.75,2.0,3141593.0,0.0,61593.0,0.0,139800888.5,0.0,0.0,0,3141593.0,0.0,139800888.5,1,0,0,-1,Unclassified / General,0,unique,7623,0
OFLOXACIN,2019,2020,3267256.0,64056.0,145392924.04,44.5,2269.78,2.0,3141593.0,0.04,61593.0,0.04,139800888.5,0.04,0.0,1,3204424.5,88857.16,142596906.27,0,0,0,-1,Unclassified / General,0,unique,7623,0
OFLOXACIN,2020,2021,3392920.0,66520.0,150984959.58,44.5,2269.77,2.0,3267256.0,0.0385,64056.0,0.0385,145392924.04,0.0385,0.0,2,3330088.0,88857.87,148188941.81,0,0,0,-1,Unclassified / General,0,unique,7623,0
OFLOXACIN,2021,2022,3518584.0,68984.0,156576995.12,44.5,2269.76,2.0,3392920.0,0.037,66520.0,0.037,150984959.58,0.037,0.0,3,3455752.0,88857.87,153780977.35,0,0,0,-1,Unclassified / General,0,unique,7623,0
OFLOXACIN,2022,2023,3644247.0,71447.0,162169030.66,44.5,2269.78,2.0,3518584.0,0.0357,68984.0,0.0357,156576995.12,0.0357,0.0,4,3581415.5,88857.16,159373012.89,0,0,0,-1,Unclassified / General,0,unique,7623,0
OFLOXACIN,2023,2024,3769911.0,73911.0,167761066.2,44.5,2269.77,2.0,3644247.0,0.0345,71447.0,0.0345,162169030.66,0.0345,0.0,5,3707079.0,88857.87,164965048.43,0,0,0,-1,Unclassified / General,0,unique,7623,0
CLARITHROMYCIN,2018,2019,4247376.0,167376.0,116802840.0,27.5,697.85,1.0,4247376.0,0.0,167376.0,0.0,116802840.0,0.0,0.0,0,4247376.0,0.0,116802840.0,1,0,0,-1,Unclassified / General,1,unique,21212,0
CLARITHROMYCIN,2019,2020,4417271.0,174071.0,121474953.6,27.5,697.85,1.0,4247376.0,0.04,167376.0,0.04,116802840.0,0.04,0.0,1,4332323.5,120133.91,119138896.8,0,0,0,-1,Unclassified / General,1,unique,21212,0
CLARITHROMYCIN,2020,2021,4587166.0,180766.0,126147067.2,27.5,697.85,1.0,4417271.0,0.0385,174071.0,0.0385,121474953.6,0.0385,0.0,2,4502218.5,120133.91,123811010.4,0,0,0,-1,Unclassified / General,1,unique,21212,0
CLARITHROMYCIN,2021,2022,4757061.0,187461.0,130819180.8,27.5,697.85,1.0,4587166.0,0.037,180766.0,0.037,126147067.2,0.037,0.0,3,4672113.5,120133.91,128483124.0,0,0,0,-1,Unclassified / General,1,unique,21212,0
CLARITHROMYCIN,2022,2023,4926956.0,194156.0,135491294.4,27.5,697.85,1.0,4757061.0,0.0357,187461.0,0.0357,130819180.8,0.0357,0.0,4,4842008.5,120133.91,133155237.6,0,0,0,-1,Unclassified / General,1,unique,21212,0
CLARITHROMYCIN,2023,2024,5096851.0,200851.0,140163408.0,27.5,697.85,1.0,4926956.0,0.0345,194156.0,0.0345,135491294.4,0.0345,0.0,5,5011903.5,120133.91,137827351.2,0,0,0,-1,Unclassified / General,1,unique,21212,0
ERYTHROMYCIN,2018,2019,1058751.0,978751.0,2646877.5,2.5,2.7,8.0,1058751.0,0.0,978751.0,0.0,2646877.5,0.0,0.0,0,1058751.0,0.0,2646877.5,1,0,0,-1,Unclassified / General,0,unique,4053,0
ERYTHROMYCIN,2019,2020,1101101.0,1017901.0,2752752.6,2.5,2.7,8.0,1058751.0,0.04,978751.0,0.04,2646877.5,0.04,0.0,1,1079926.0,29945.97,2699815.05,0,0,0,-1,Unclassified / General,0,unique,4053,0
ERYTHROMYCIN,2020,2021,1143451.0,1057051.0,2858627.7,2.5,2.7,8.0,1101101.0,0.0385,1017901.0,0.0385,2752752.6,0.0385,0.0,2,1122276.0,29945.97,2805690.15,0,0,0,-1,Unclassified / General,0,unique,4053,0
ERYTHROMYCIN,2021,2022,1185801.0,1096201.0,2964502.8,2.5,2.7,8.0,1143451.0,0.037,1057051.0,0.037,2858627.7,0.037,0.0,3,1164626.0,29945.97,2911565.25,0,0,0,-1,Unclassified / General,0,unique,4053,0
ERYTHROMYCIN,2022,2023,1228151.0,1135351.0,3070377.9,2.5,2.7,8.0,1185801.0,0.0357,1096201.0,0.0357,2964502.8,0.0357,0.0,4,1206976.0,29945.97,3017440.35,0,0,0,-1,Unclassified / General,0,unique,4053,0
ERYTHROMYCIN,2023,2024,1270501.0,1174501.0,3176253.0,2.5,2.7,8.0,1228151.0,0.0345,1135351.0,0.0345,3070377.9,0.0345,0.0,5,1249326.0,29945.97,3123315.45,0,0,0,-1,Unclassified / General,0,unique,4053,0
MINOCYCLINE,2018,2019,4711678.0,631678.0,138994501.0,29.5,220.04,7.0,4711678.0,0.0,631678.0,0.0,138994501.0,0.0,0.0,0,4711678.0,0.0,138994501.0,1,0,0,-1,Unclassified / General,0,unique,6980,0
MINOCYCLINE,2019,2020,4900145.0,656945.0,144554281.04,29.5,220.04,7.0,4711678.0,0.04,631678.0,0.04,138994501.0,0.04,0.0,1,4805911.5,133266.29,141774391.02,0,0,0,-1,Unclassified / General,0,unique,6980,0
MINOCYCLINE,2020,2021,5088612.0,682212.0,150114061.08,29.5,220.04,7.0,4900145.0,0.0385,656945.0,0.0385,144554281.04,0.0385,0.0,2,4994378.5,133266.29,147334171.06,0,0,0,-1,Unclassified / General,0,unique,6980,0
MINOCYCLINE,2021,2022,5277079.0,707479.0,155673841.12,29.5,220.04,7.0,5088612.0,0.037,682212.0,0.037,150114061.08,0.037,0.0,3,5182845.5,133266.29,152893951.1,0,0,0,-1,Unclassified / General,0,unique,6980,0
MINOCYCLINE,2022,2023,5465546.0,732746.0,161233621.16,29.5,220.04,7.0,5277079.0,0.0357,707479.0,0.0357,155673841.12,0.0357,0.0,4,5371312.5,133266.29,158453731.14,0,0,0,-1,Unclassified / General,0,unique,6980,0
MINOCYCLINE,2023,2024,5654013.0,758013.0,166793401.2,29.5,220.04,7.0,5465546.0,0.0345,732746.0,0.0345,161233621.16,0.0345,0.0,5,5559779.5,133266.29,164013511.18,0,0,0,-1,Unclassified / General,0,unique,6980,0
TETRACYCLINE,2018,2019,3973696.0,893696.0,188750560.0,47.5,211.2,1.0,3973696.0,0.0,893696.0,0.0,188750560.0,0.0,0.0,0,3973696.0,0.0,188750560.0,1,0,0,-1,Unclassified / General,1,unique,10395,0
TETRACYCLINE,2019,2020,4132643.0,929443.0,196300582.4,47.5,211.2,1.0,3973696.0,0.04,893696.0,0.04,188750560.0,0.04,0.0,1,4053169.5,112392.5,192525571.2,0,0,0,-1,Unclassified / General,1,unique,10395,0
TETRACYCLINE,2020,2021,4291591.0,965191.0,203850604.8,47.5,211.2,1.0,4132643.0,0.0385,929443.0,0.0385,196300582.4,0.0385,0.0,2,4212117.0,112393.21,200075593.6,0,0,0,-1,Unclassified / General,1,unique,10395,0
TETRACYCLINE,2021,2022,4450539.0,1000939.0,211400627.2,47.5,211.2,1.0,4291591.0,0.037,965191.0,0.037,203850604.8,0.037,0.0,3,4371065.0,112393.21,207625616.0,0,0,0,-1,Unclassified / General,1,unique,10395,0
TETRACYCLINE,2022,2023,4609487.0,1036687.0,218950649.6,47.5,211.2,1.0,4450539.0,0.0357,1000939.0,0.0357,211400627.2,0.0357,0.0,4,4530013.0,112393.21,215175638.4,0,0,0,-1,Unclassified / General,1,unique,10395,0
TETRACYCLINE,2023,2024,4768435.0,1072435.0,226500672.0,47.5,211.2,1.0,4609487.0,0.0345,1036687.0,0.0345,218950649.6,0.0345,0.0,5,4688961.0,112393.21,222725660.8,0,0,0,-1,Unclassified / General,1,unique,10395,0
RIFAMPIN,2018,2019,2932124.0,852124.0,74769162.0,25.5,87.74,5.0,2932124.0,0.0,852124.0,0.0,74769162.0,0.0,0.0,0,2932124.0,0.0,74769162.0,1,0,0,-1,Anti-Infective,0,unique,9384,0
RIFAMPIN,2019,2020,3049408.0,886208.0,77759928.48,25.5,87.74,5.0,2932124.0,0.04,852124.0,0.04,74769162.0,0.04,0.0,1,2990766.0,82932.31,76264545.24,0,0,0,-1,Anti-Infective,0,unique,9384,0
RIFAMPIN,2020,2021,3166693.0,920293.0,80750694.96,25.5,87.74,5.0,3049408.0,0.0385,886208.0,0.0385,77759928.48,0.0385,0.0,2,3108050.5,82933.02,79255311.72,0,0,0,-1,Anti-Infective,0,unique,9384,1
RIFAMPIN,2021,2022,3283978.0,954378.0,83741461.44,25.5,87.74,5.0,3166693.0,0.037,920293.0,0.037,80750694.96,0.037,0.0,3,3225335.5,82933.02,82246078.2,0,12,1,0,Anti-Infective,0,unique,9384,0
RIFAMPIN,2022,2023,3401263.0,988463.0,86732227.92,25.5,87.74,5.0,3283978.0,0.0357,954378.0,0.0357,83741461.44,0.0357,0.0,4,3342620.5,82933.02,85236844.68,0,12,1,1,Anti-Infective,0,unique,9384,0
RIFAMPIN,2023,2024,3518548.0,1022548.0,89722994.4,25.5,87.74,5.0,3401263.0,0.0345,988463.0,0.0345,86732227.92,0.0345,0.0,5,3459905.5,82933.02,88227611.16,0,12,1,2,Anti-Infective,0,unique,9384,0
ISONIAZID,2018,2019,4901912.0,821912.0,66175812.0,13.5,80.51,1.0,4901912.0,0.0,821912.0,0.0,66175812.0,0.0,0.0,0,4901912.0,0.0,66175812.0,1,0,0,-1,Unclassified / General,1,unique,6038,0
ISONIAZID,2019,2020,5097988.0,854788.0,68822844.48,13.5,80.51,1.0,4901912.0,0.04,821912.0,0.04,66175812.0,0.04,0.0,1,4999950.0,138646.67,67499328.24,0,0,0,-1,Unclassified / General,1,unique,6038,0
ISONIAZID,2020,2021,5294064.0,887664.0,71469876.96,13.5,80.51,1.0,5097988.0,0.0385,854788.0,0.0385,68822844.48,0.0385,0.0,2,5196026.0,138646.67,70146360.72,0,0,0,-1,Unclassified / General,1,unique,6038,0
ISONIAZID,2021,2022,5490141.0,920541.0,74116909.44,13.5,80.51,1.0,5294064.0,0.037,887664.0,0.037,71469876.96,0.037,0.0,3,5392102.5,138647.38,72793393.2,0,0,0,-1,Unclassified / General,1,unique,6038,0
ISONIAZID,2022,2023,5686217.0,953417.0,76763941.92,13.5,80.51,1.0,5490141.0,0.0357,920541.0,0.0357,74116909.44,0.0357,0.0,4,5588179.0,138646.67,75440425.68,0,0,0,-1,Unclassified / General,1,unique,6038,0
ISONIAZID,2023,2024,5882294.0,986294.0,79410974.4,13.5,80.51,1.0,5686217.0,0.0345,953417.0,0.0345,76763941.92,0.0345,0.0,5,5784255.5,138647.38,78087458.16,0,0,0,-1,Unclassified / General,1,unique,6038,0
PYRAZINAMIDE,2018,2019,690701.0,610701.0,1726752.5,2.5,2.83,6.0,690701.0,0.0,610701.0,0.0,1726752.5,0.0,0.0,0,690701.0,0.0,1726752.5,1,0,0,-1,Unclassified / General,0,unique,8987,0
PYRAZINAMIDE,2019,2020,718329.0,635129.0,1795822.6,2.5,2.83,6.0,690701.0,0.04,610701.0,0.04,1726752.5,0.04,0.0,1,704515.0,19535.95,1761287.55,0,0,0,-1,Unclassified / General,0,unique,8987,0
PYRAZINAMIDE,2020,2021,745957.0,659557.0,1864892.7,2.5,2.83,6.0,718329.0,0.0385,635129.0,0.0385,1795822.6,0.0385,0.0,2,732143.0,19535.95,1830357.65,0,0,0,-1,Unclassified / General,0,unique,8987,0
PYRAZINAMIDE,2021,2022,773585.0,683985.0,1933962.8,2.5,2.83,6.0,745957.0,0.037,659557.0,0.037,1864892.7,0.037,0.0,3,759771.0,19535.95,1899427.75,0,0,0,-1,Unclassified / General,0,unique,8987,0
PYRAZINAMIDE,2022,2023,801213.0,708413.0,2003032.9,2.5,2.83,6.0,773585.0,0.0357,683985.0,0.0357,1933962.8,0.0357,0.0,4,787399.0,19535.95,1968497.85,0,0,0,-1,Unclassified / General,0,unique,8987,0
PYRAZINAMIDE,2023,2024,828841.0,732841.0,2072103.0,2.5,2.83,6.0,801213.0,0.0345,708413.0,0.0345,2003032.9,0.0345,0.0,5,815027.0,19535.95,2037567.95,0,0,0,-1,Unclassified / General,0,unique,8987,0
ETHAMBUTOL,2018,2019,3827724.0,747724.0,97606962.0,25.5,130.54,5.0,3827724.0,0.0,747724.0,0.0,97606962.0,0.0,0.0,0,3827724.0,0.0,97606962.0,1,0,0,-1,Unclassified / General,0,unique,4110,0
ETHAMBUTOL,2019,2020,3980832.0,777632.0,101511240.48,25.5,130.54,5.0,3827724.0,0.04,747724.0,0.04,97606962.0,0.04,0.0,1,3904278.0,108263.71,99559101.24,0,0,0,-1,Unclassified / General,0,unique,4110,0
ETHAMBUTOL,2020,2021,4133941.0,807541.0,105415518.96,25.5,130.54,5.0,3980832.0,0.0385,777632.0,0.0385,101511240.48,0.0385,0.0,2,4057386.5,108264.41,103463379.72,0,0,0,-1,Unclassified / General,0,unique,4110,0
ETHAMBUTOL,2021,2022,4287050.0,837450.0,109319797.44,25.5,130.54,5.0,4133941.0,0.037,807541.0,0.037,105415518.96,0.037,0.0,3,4210495.5,108264.41,107367658.2,0,0,0,-1,Unclassified / General,0,unique,4110,0
ETHAMBUTOL,2022,2023,4440159.0,867359.0,113224075.92,25.5,130.54,5.0,4287050.0,0.0357,837450.0,0.0357,109319797.44,0.0357,0.0,4,4363604.5,108264.41,111271936.68,0,0,0,-1,Unclassified / General,0,unique,4110,0
ETHAMBUTOL,2023,2024,4593268.0,897268.0,117128354.4,25.5,130.54,5.0,4440159.0,0.0345,867359.0,0.0345,113224075.92,0.0345,0.0,5,4516713.5,108264.41,115176215.16,0,0,0,-1,Unclassified / General,0,unique,4110,0
DAPSONE,2018,2019,2101197.0,21197.0,101908054.5,48.5,4807.66,6.0,2101197.0,0.0,21197.0,0.0,101908054.5,0.0,0.0,0,2101197.0,0.0,101908054.5,1,0,0,-1,Dermatology,0,unique,3108,0
DAPSONE,2019,2020,2185244.0,22044.0,105984376.68,48.5,4807.86,6.0,2101197.0,0.04,21197.0,0.04,101908054.5,0.04,0.0,1,2143220.5,59430.2,103946215.59,0,0,0,-1,Dermatology,0,unique,3108,0
DAPSONE,2020,2021,2269292.0,22892.0,110060698.86,48.5,4807.82,6.0,2185244.0,0.0385,22044.0,0.0385,105984376.68,0.0385,0.0,2,2227268.0,59430.91,108022537.77,0,0,0,-1,Dermatology,0,unique,3108,0
DAPSONE,2021,2022,2353340.0,23740.0,114137021.04,48.5,4807.79,6.0,2269292.0,0.037,22892.0,0.037,110060698.86,0.037,0.0,3,2311316.0,59430.91,112098859.95,0,0,0,-1,Dermatology,0,unique,3108,0
DAPSONE,2022,2023,2437388.0,24588.0,118213343.22,48.5,4807.77,6.0,2353340.0,0.0357,23740.0,0.0357,114137021.04,0.0357,0.0,4,2395364.0,59430.91,116175182.13,0,0,0,-1,Dermatology,0,unique,3108,0
DAPSONE,2023,2024,2521436.0,25436.0,122289665.4,48.5,4807.74,6.0,2437388.0,0.0345,24588.0,0.0345,118213343.22,0.0345,0.0,5,2479412.0,59430.91,120251504.31,0,0,0,-1,Dermatology,0,unique,3108,0
LINEZOLID,2018,2019,2302731.0,222731.0,74838757.5,32.5,336.01,4.0,2302731.0,0.0,222731.0,0.0,74838757.5,0.0,0.0,0,2302731.0,0.0,74838757.5,1,0,0,-1,Unclassified / General,0,unique,190376,0
LINEZOLID,2019,2020,2394840.0,231640.0,77832307.8,32.5,336.01,4.0,2302731.0,0.04,222731.0,0.04,74838757.5,0.04,0.0,1,2348785.5,65130.9,76335532.65,0,0,0,-1,Unclassified / General,0,unique,190376,0
LINEZOLID,2020,2021,2486949.0,240549.0,80825858.1,32.5,336.01,4.0,2394840.0,0.0385,231640.0,0.0385,77832307.8,0.0385,0.0,2,2440894.5,65130.9,79329082.95,0,0,0,-1,Unclassified / General,0,unique,190376,0
LINEZOLID,2021,2022,2579058.0,249458.0,83819408.4,32.5,336.01,4.0,2486949.0,0.037,240549.0,0.037,80825858.1,0.037,0.0,3,2533003.5,65130.9,82322633.25,0,0,0,-1,Unclassified / General,0,unique,190376,0
LINEZOLID,2022,2023,2671167.0,258367.0,86812958.7,32.5,336.01,4.0,2579058.0,0.0357,249458.0,0.0357,83819408.4,0.0357,0.0,4,2625112.5,65130.9,85316183.55,0,0,0,-1,Unclassified / General,0,unique,190376,0
LINEZOLID,2023,2024,2763277.0,267277.0,89806509.0,32.5,336.01,4.0,2671167.0,0.0345,258367.0,0.0345,86812958.7,0.0345,0.0,5,2717222.0,65131.61,88309733.85,0,0,0,-1,Unclassified / General,0,unique,190376,0
DAPTOMYCIN,2018,2019,1906318.0,826318.0,37173201.0,19.5,44.99,7.0,1906318.0,0.0,826318.0,0.0,37173201.0,0.0,0.0,0,1906318.0,0.0,37173201.0,1,0,0,-1,Anti-Infective,0,unique,22299,0
DAPTOMYCIN,2019,2020,1982570.0,859370.0,38660129.04,19.5,44.99,7.0,1906318.0,0.04,826318.0,0.04,37173201.0,0.04,0.0,1,1944444.0,53918.31,37916665.02,0,0,0,-1,Anti-Infective,0,unique,22299,0
DAPTOMYCIN,2020,2021,2058823.0,892423.0,40147057.08,19.5,44.99,7.0,1982570.0,0.0385,859370.0,0.0385,38660129.04,0.0385,0.0,2,2020696.5,53919.01,39403593.06,0,0,0,-1,Anti-Infective,0,unique,22299,0
DAPTOMYCIN,2021,2022,2135076.0,925476.0,41633985.12,19.5,44.99,7.0,2058823.0,0.037,892423.0,0.037,40147057.08,0.037,0.0,3,2096949.5,53919.01,40890521.1,0,0,0,-1,Anti-Infective,0,unique,22299,0
DAPTOMYCIN,2022,2023,2211328.0,958528.0,43120913.16,19.5,44.99,7.0,2135076.0,0.0357,925476.0,0.0357,41633985.12,0.0357,0.0,4,2173202.0,53918.31,42377449.14,0,0,0,-1,Anti-Infective,0,unique,22299,0
DAPTOMYCIN,2023,2024,2287581.0,991581.0,44607841.2,19.5,44.99,7.0,2211328.0,0.0345,958528.0,0.0345,43120913.16,0.0345,0.0,5,2249454.5,53919.01,43864377.18,0,0,0,-1,Anti-Infective,0,unique,22299,0
ATORVASTATIN,2018,2019,557885.0,477885.0,20362802.5,36.5,42.61,6.0,557885.0,0.0,477885.0,0.0,20362802.5,0.0,0.0,0,557885.0,0.0,20362802.5,1,0,0,-1,Unclassified / General,0,unique,83367,0
ATORVASTATIN,2019,2020,580200.0,497000.0,21177314.6,36.5,42.61,6.0,557885.0,0.04,477885.0,0.04,20362802.5,0.04,0.0,1,569042.5,15779.09,20770058.55,0,0,0,-1,Unclassified / General,0,unique,83367,0
ATORVASTATIN,2020,2021,602515.0,516115.0,21991826.7,36.5,42.61,6.0,580200.0,0.0385,497000.0,0.0385,21177314.6,0.0385,0.0,2,591357.5,15779.09,21584570.65,0,0,0,-1,Unclassified / General,0,unique,83367,0
ATORVASTATIN,2021,2022,624831.0,535231.0,22806338.8,36.5,42.61,6.0,602515.0,0.037,516115.0,0.037,21991826.7,0.037,0.0,3,613673.0,15779.79,22399082.75,0,0,0,-1,Unclassified / General,0,unique,83367,0
ATORVASTATIN,2022,2023,647146.0,554346.0,23620850.9,36.5,42.61,6.0,624831.0,0.0357,535231.0,0.0357,22806338.8,0.0357,0.0,4,635988.5,15779.09,23213594.85,0,0,0,-1,Unclassified / General,0,unique,83367,0
ATORVASTATIN,2023,2024,669462.0,573462.0,24435363.0,36.5,42.61,6.0,647146.0,0.0345,554346.0,0.0345,23620850.9,0.0345,0.0,5,658304.0,15779.79,24028106.95,0,0,0,-1,Unclassified / General,0,unique,83367,0
LISINOPRIL,2018,2019,1345412.0,265412.0,18163062.0,13.5,68.43,5.0,1345412.0,0.0,265412.0,0.0,18163062.0,0.0,0.0,0,1345412.0,0.0,18163062.0,1,0,0,-1,Unclassified / General,0,unique,29046,0
LISINOPRIL,2019,2020,1399228.0,276028.0,18889584.48,13.5,68.43,5.0,1345412.0,0.04,265412.0,0.04,18163062.0,0.04,0.0,1,1372320.0,38053.66,18526323.24,0,0,0,-1,Unclassified / General,0,unique,29046,0
LISINOPRIL,2020,2021,1453044.0,286644.0,19616106.96,13.5,68.43,5.0,1399228.0,0.0385,276028.0,0.0385,18889584.48,0.0385,0.0,2,1426136.0,38053.66,19252845.72,0,0,0,-1,Unclassified / General,0,unique,29046,0
LISINOPRIL,2021,2022,1506861.0,297261.0,20342629.44,13.5,68.43,5.0,1453044.0,0.037,286644.0,0.037,19616106.96,0.037,0.0,3,1479952.5,38054.37,19979368.2,0,0,0,-1,Unclassified / General,0,unique,29046,0
LISINOPRIL,2022,2023,1560677.0,307877.0,21069151.92,13.5,68.43,5.0,1506861.0,0.0357,297261.0,0.0357,20342629.44,0.0357,0.0,4,1533769.0,38053.66,20705890.68,0,0,0,-1,Unclassified / General,0,unique,29046,0
LISINOPRIL,2023,2024,1614494.0,318494.0,21795674.4,13.5,68.43,5.0,1560677.0,0.0345,307877.0,0.0345,21069151.92,0.0345,0.0,5,1587585.5,38054.37,21432413.16,0,0,0,-1,Unclassified / General,0,unique,29046,0
AMLODIPINE,2018,2019,341057.0,261057.0,2898984.5,8.5,11.1,2.0,341057.0,0.0,261057.0,0.0,2898984.5,0.0,0.0,0,341057.0,0.0,2898984.5,1,0,0,-1,Unclassified / General,0,unique,17767,0
AMLODIPINE,2019,2020,354699.0,271499.0,3014943.88,8.5,11.1,2.0,341057.0,0.04,261057.0,0.04,2898984.5,0.04,0.0,1,347878.0,9646.35,2956964.19,0,0,0,-1,Unclassified / General,0,unique,17767,0
AMLODIPINE,2020,2021,368341.0,281941.0,3130903.26,8.5,11.1,2.0,354699.0,0.0385,271499.0,0.0385,3014943.88,0.0385,0.0,2,361520.0,9646.35,3072923.57,0,0,0,-1,Unclassified / General,0,unique,17767,0
AMLODIPINE,2021,2022,381983.0,292383.0,3246862.64,8.5,11.1,2.0,368341.0,0.037,281941.0,0.037,3130903.26,0.037,0.0,3,375162.0,9646.35,3188882.95,0,0,0,-1,Unclassified / General,0,unique,17767,0
AMLODIPINE,2022,2023,395626.0,302826.0,3362822.02,8.5,11.1,2.0,381983.0,0.0357,292383.0,0.0357,3246862.64,0.0357,0.0,4,388804.5,9647.06,3304842.33,0,0,0,-1,Unclassified / General,0,unique,17767,0
AMLODIPINE,2023,2024,409268.0,313268.0,3478781.4,8.5,11.1,2.0,395626.0,0.0345,302826.0,0.0345,3362822.02,0.0345,0.0,5,402447.0,9646.35,3420801.71,0,0,0,-1,Unclassified / General,0,unique,17767,0
LOSARTAN,2018,2019,663753.0,583753.0,2986888.5,4.5,5.12,2.0,663753.0,0.0,583753.0,0.0,2986888.5,0.0,0.0,0,663753.0,0.0,2986888.5,1,0,0,-1,Unclassified / General,0,unique,52175,0
LOSARTAN,2019,2020,690303.0,607103.0,3106364.04,4.5,5.12,2.0,663753.0,0.04,583753.0,0.04,2986888.5,0.04,0.0,1,677028.0,18773.69,3046626.27,0,0,0,-1,Unclassified / General,0,unique,52175,0
LOSARTAN,2020,2021,716853.0,630453.0,3225839.58,4.5,5.12,2.0,690303.0,0.0385,607103.0,0.0385,3106364.04,0.0385,0.0,2,703578.0,18773.69,3166101.81,0,0,0,-1,Unclassified / General,0,unique,52175,0
LOSARTAN,2021,2022,743403.0,653803.0,3345315.12,4.5,5.12,2.0,716853.0,0.037,630453.0,0.037,3225839.58,0.037,0.0,3,730128.0,18773.69,3285577.35,0,0,0,-1,Unclassified / General,0,unique,52175,0
LOSARTAN,2022,2023,769953.0,677153.0,3464790.66,4.5,5.12,2.0,743403.0,0.0357,653803.0,0.0357,3345315.12,0.0357,0.0,4,756678.0,18773.69,3405052.89,0,0,0,-1,Unclassified / General,0,unique,52175,0
LOSARTAN,2023,2024,796503.0,700503.0,3584266.2,4.5,5.12,2.0,769953.0,0.0345,677153.0,0.0345,3464790.66,0.0345,0.0,5,783228.0,18773.69,3524528.43,0,0,0,-1,Unclassified / General,0,unique,52175,0
METOPROLOL,2018,2019,4882628.0,802628.0,144037526.0,29.5,179.46,5.0,4882628.0,0.0,802628.0,0.0,144037526.0,0.0,0.0,0,4882628.0,0.0,144037526.0,1,0,0,-1,Cardiovascular,0,unique,6918,0
METOPROLOL,2019,2020,5077933.0,834733.0,149799027.04,29.5,179.46,5.0,4882628.0,0.04,802628.0,0.04,144037526.0,0.04,0.0,1,4980280.5,138101.49,146918276.52,0,0,0,-1,Cardiovascular,0,unique,6918,0
METOPROLOL,2020,2021,5273238.0,866838.0,155560528.08,29.5,179.46,5.0,5077933.0,0.0385,834733.0,0.0385,149799027.04,0.0385,0.0,2,5175585.5,138101.49,152679777.56,0,0,0,-1,Cardiovascular,0,unique,6918,0
METOPROLOL,2021,2022,5468543.0,898943.0,161322029.12,29.5,179.46,5.0,5273238.0,0.037,866838.0,0.037,155560528.08,0.037,0.0,3,5370890.5,138101.49,158441278.6,0,0,0,-1,Cardiovascular,0,unique,6918,0
METOPROLOL,2022,2023,5663848.0,931048.0,167083530.16,29.5,179.46,5.0,5468543.0,0.0357,898943.0,0.0357,161322029.12,0.0357,0.0,4,5566195.5,138101.49,164202779.64,0,0,0,-1,Cardiovascular,0,unique,6918,0
METOPROLOL,2023,2024,5859153.0,963153.0,172845031.2,29.5,179.46,5.0,5663848.0,0.0345,931048.0,0.0345,167083530.16,0.0345,0.0,5,5761500.5,138101.49,169964280.68,0,0,0,-1,Cardiovascular,0,unique,6918,0
CARVEDILOL,2018,2019,1263751.0,183751.0,3159377.5,2.5,17.19,8.0,1263751.0,0.0,183751.0,0.0,3159377.5,0.0,0.0,0,1263751.0,0.0,3159377.5,1,0,0,-1,Unclassified / General,0,unique,20352,0
CARVEDILOL,2019,2020,1314301.0,191101.0,3285752.6,2.5,17.19,8.0,1263751.0,0.04,183751.0,0.04,3159377.5,0.04,0.0,1,1289026.0,35744.25,3222565.05,0,0,0,-1,Unclassified / General,0,unique,20352,0
CARVEDILOL,2020,2021,1364851.0,198451.0,3412127.7,2.5,17.19,8.0,1314301.0,0.0385,191101.0,0.0385,3285752.6,0.0385,0.0,2,1339576.0,35744.25,3348940.15,0,0,0,-1,Unclassified / General,0,unique,20352,0
CARVEDILOL,2021,2022,1415401.0,205801.0,3538502.8,2.5,17.19,8.0,1364851.0,0.037,198451.0,0.037,3412127.7,0.037,0.0,3,1390126.0,35744.25,3475315.25,0,0,0,-1,Unclassified / General,0,unique,20352,0
CARVEDILOL,2022,2023,1465951.0,213151.0,3664877.9,2.5,17.19,8.0,1415401.0,0.0357,205801.0,0.0357,3538502.8,0.0357,0.0,4,1440676.0,35744.25,3601690.35,0,0,0,-1,Unclassified / General,0,unique,20352,0
CARVEDILOL,2023,2024,1516501.0,220501.0,3791253.0,2.5,17.19,8.0,1465951.0,0.0345,213151.0,0.0345,3664877.9,0.0345,0.0,5,1491226.0,35744.25,3728065.45,0,0,0,-1,Unclassified / General,0,unique,20352,0
ROSUVASTATIN,2018,2019,2735656.0,655656.0,20517420.0,7.5,31.29,1.0,2735656.0,0.0,655656.0,0.0,20517420.0,0.0,0.0,0,2735656.0,0.0,20517420.0,1,0,0,-1,Unclassified / General,1,unique,301542,0
ROSUVASTATIN,2019,2020,2845082.0,681882.0,21338116.8,7.5,31.29,1.0,2735656.0,0.04,655656.0,0.04,20517420.0,0.04,0.0,1,2790369.0,77375.87,20927768.4,0,0,0,-1,Unclassified / General,1,unique,301542,0
ROSUVASTATIN,2020,2021,2954508.0,708108.0,22158813.6,7.5,31.29,1.0,2845082.0,0.0385,681882.0,0.0385,21338116.8,0.0385,0.0,2,2899795.0,77375.87,21748465.2,0,0,0,-1,Unclassified / General,1,unique,301542,0
ROSUVASTATIN,2021,2022,3063934.0,734334.0,22979510.4,7.5,31.29,1.0,2954508.0,0.037,708108.0,0.037,22158813.6,0.037,0.0,3,3009221.0,77375.87,22569162.0,0,0,0,-1,Unclassified / General,1,unique,301542,0
ROSUVASTATIN,2022,2023,3173360.0,760560.0,23800207.2,7.5,31.29,1.0,3063934.0,0.0357,734334.0,0.0357,22979510.4,0.0357,0.0,4,3118647.0,77375.87,23389858.8,0,0,0,-1,Unclassified / General,1,unique,301542,0
ROSUVASTATIN,2023,2024,3282787.0,786787.0,24620904.0,7.5,31.29,1.0,3173360.0,0.0345,760560.0,0.0345,23800207.2,0.0345,0.0,5,3228073.5,77376.57,24210555.6,0,0,0,-1,Unclassified / General,1,unique,301542,0
HYDROCHLOROTHIAZIDE,2018,2019,2737724.0,657724.0,69811962.0,25.5,106.14,5.0,2737724.0,0.0,657724.0,0.0,69811962.0,0.0,0.0,0,2737724.0,0.0,69811962.0,1,0,0,-1,Cardiovascular,0,unique,5487,0
HYDROCHLOROTHIAZIDE,2019,2020,2847232.0,684032.0,72604440.48,25.5,106.14,5.0,2737724.0,0.04,657724.0,0.04,69811962.0,0.04,0.0,1,2792478.0,77433.85,71208201.24,0,0,0,-1,Cardiovascular,0,unique,5487,0
HYDROCHLOROTHIAZIDE,2020,2021,2956741.0,710341.0,75396918.96,25.5,106.14,5.0,2847232.0,0.0385,684032.0,0.0385,72604440.48,0.0385,0.0,2,2901986.5,77434.56,74000679.72,0,0,0,-1,Cardiovascular,0,unique,5487,0
HYDROCHLOROTHIAZIDE,2021,2022,3066250.0,736650.0,78189397.44,25.5,106.14,5.0,2956741.0,0.037,710341.0,0.037,75396918.96,0.037,0.0,3,3011495.5,77434.56,76793158.2,0,0,0,-1,Cardiovascular,0,unique,5487,0
HYDROCHLOROTHIAZIDE,2022,2023,3175759.0,762959.0,80981875.92,25.5,106.14,5.0,3066250.0,0.0357,736650.0,0.0357,78189397.44,0.0357,0.0,4,3121004.5,77434.56,79585636.68,0,0,0,-1,Cardiovascular,0,unique,5487,0
HYDROCHLOROTHIAZIDE,2023,2024,3285268.0,789268.0,83774354.4,25.5,106.14,5.0,3175759.0,0.0345,762959.0,0.0345,80981875.92,0.0345,0.0,5,3230513.5,77434.56,82378115.16,0,0,0,-1,Cardiovascular,0,unique,5487,0
FUROSEMIDE,2018,2019,2535451.0,455451.0,6338627.5,2.5,13.92,4.0,2535451.0,0.0,455451.0,0.0,6338627.5,0.0,0.0,0,2535451.0,0.0,6338627.5,1,0,0,-1,Cardiovascular,0,unique,4603,0
FUROSEMIDE,2019,2020,2636869.0,473669.0,6592172.6,2.5,13.92,4.0,2535451.0,0.04,455451.0,0.04,6338627.5,0.04,0.0,1,2586160.0,71713.36,6465400.05,0,0,0,-1,Cardiovascular,0,unique,4603,1
FUROSEMIDE,2020,2021,2738287.0,491887.0,6845717.7,2.5,13.92,4.0,2636869.0,0.0385,473669.0,0.0385,6592172.6,0.0385,0.0,2,2687578.0,71713.36,6718945.15,0,27,1,0,Cardiovascular,0,unique,4603,0
FUROSEMIDE,2021,2022,2839705.0,510105.0,7099262.8,2.5,13.92,4.0,2738287.0,0.037,491887.0,0.037,6845717.7,0.037,0.0,3,2788996.0,71713.36,6972490.25,0,27,1,1,Cardiovascular,0,unique,4603,0
FUROSEMIDE,2022,2023,2941123.0,528323.0,7352807.9,2.5,13.92,4.0,2839705.0,0.0357,510105.0,0.0357,7099262.8,0.0357,0.0,4,2890414.0,71713.36,7226035.35,0,27,1,2,Cardiovascular,0,unique,4603,0
FUROSEMIDE,2023,2024,3042541.0,546541.0,7606353.0,2.5,13.92,4.0,2941123.0,0.0345,528323.0,0.0345,7352807.9,0.0345,0.0,5,2991832.0,71713.36,7479580.45,0,27,1,3,Cardiovascular,0,unique,4603,0
APIXABAN,2018,2019,3386272.0,306272.0,79577392.0,23.5,259.83,1.0,3386272.0,0.0,306272.0,0.0,79577392.0,0.0,0.0,0,3386272.0,0.0,79577392.0,1,0,0,-1,Unclassified / General,1,unmapped,,0
APIXABAN,2019,2020,3521722.0,318522.0,82760487.68,23.5,259.83,1.0,3386272.0,0.04,306272.0,0.04,79577392.0,0.04,0.0,1,3453997.0,95777.61,81168939.84,0,0,0,-1,Unclassified / General,1,unmapped,,0
APIXABAN,2020,2021,3657173.0,330773.0,85943583.36,23.5,259.83,1.0,3521722.0,0.0385,318522.0,0.0385,82760487.68,0.0385,0.0,2,3589447.5,95778.32,84352035.52,0,0,0,-1,Unclassified / General,1,unmapped,,0
APIXABAN,2021,2022,3792624.0,343024.0,89126679.04,23.5,259.83,1.0,3657173.0,0.037,330773.0,0.037,85943583.36,0.037,0.0,3,3724898.5,95778.32,87535131.2,0,0,0,-1,Unclassified / General,1,unmapped,,0
APIXABAN,2022,2023,3928075.0,355275.0,92309774.72,23.5,259.83,1.0,3792624.0,0.0357,343024.0,0.0357,89126679.04,0.0357,0.0,4,3860349.5,95778.32,90718226.88,0,0,0,-1,Unclassified / General,1,unmapped,,0
APIXABAN,2023,2024,4063526.0,367526.0,95492870.4,23.5,259.83,1.0,3928075.0,0.0345,355275.0,0.0345,92309774.72,0.0345,0.0,5,3995800.5,95778.32,93901322.56,0,0,0,-1,Unclassified / General,1,unmapped,,0
CLOPIDOGREL,2018,2019,1426147.0,346147.0,69168129.5,48.5,199.82,4.0,1426147.0,0.0,346147.0,0.0,69168129.5,0.0,0.0,0,1426147.0,0.0,69168129.5,1,0,0,-1,Unclassified / General,0,unique,32968,0
CLOPIDOGREL,2019,2020,1483192.0,359992.0,71934854.68,48.5,199.82,4.0,1426147.0,0.04,346147.0,0.04,69168129.5,0.04,0.0,1,1454669.5,40336.91,70551492.09,0,0,0,-1,Unclassified / General,0,unique,32968,0
CLOPIDOGREL,2020,2021,1540238.0,373838.0,74701579.86,48.5,199.82,4.0,1483192.0,0.0385,359992.0,0.0385,71934854.68,0.0385,0.0,2,1511715.0,40337.61,73318217.27,0,0,0,-1,Unclassified / General,0,unique,32968,0
CLOPIDOGREL,2021,2022,1597284.0,387684.0,77468305.04,48.5,199.82,4.0,1540238.0,0.037,373838.0,0.037,74701579.86,0.037,0.0,3,1568761.0,40337.61,76084942.45,0,0,0,-1,Unclassified / General,0,unique,32968,0
CLOPIDOGREL,2022,2023,1654330.0,401530.0,80235030.22,48.5,199.82,4.0,1597284.0,0.0357,387684.0,0.0357,77468305.04,0.0357,0.0,4,1625807.0,40337.61,78851667.63,0,0,0,-1,Unclassified / General,0,unique,32968,0
CLOPIDOGREL,2023,2024,1711376.0,415376.0,83001755.4,48.5,199.82,4.0,1654330.0,0.0345,401530.0,0.0345,80235030.22,0.0345,0.0,5,1682853.0,40337.61,81618392.81,0,0,0,-1,Unclassified / General,0,unique,32968,0
SIMVASTATIN,2018,2019,833424.0,753424.0,21252312.0,25.5,28.21,1.0,833424.0,0.0,753424.0,0.0,21252312.0,0.0,0.0,0,833424.0,0.0,21252312.0,1,0,0,-1,Unclassified / General,1,unique,36567,0
SIMVASTATIN,2019,2020,866760.0,783560.0,22102404.48,25.5,28.21,1.0,833424.0,0.04,753424.0,0.04,21252312.0,0.04,0.0,1,850092.0,23572.11,21677358.24,0,0,0,-1,Unclassified / General,1,unique,36567,0
SIMVASTATIN,2020,2021,900097.0,813697.0,22952496.96,25.5,28.21,1.0,866760.0,0.0385,783560.0,0.0385,22102404.48,0.0385,0.0,2,883428.5,23572.82,22527450.72,0,0,0,-1,Unclassified / General,1,unique,36567,0
SIMVASTATIN,2021,2022,933434.0,843834.0,23802589.44,25.5,28.21,1.0,900097.0,0.037,813697.0,0.037,22952496.96,0.037,0.0,3,916765.5,23572.82,23377543.2,0,0,0,-1,Unclassified / General,1,unique,36567,0
SIMVASTATIN,2022,2023,966771.0,873971.0,24652681.92,25.5,28.21,1.0,933434.0,0.0357,843834.0,0.0357,23802589.44,0.0357,0.0,4,950102.5,23572.82,24227635.68,0,0,0,-1,Unclassified / General,1,unique,36567,0
SIMVASTATIN,2023,2024,1000108.0,904108.0,25502774.4,25.5,28.21,1.0,966771.0,0.0345,873971.0,0.0345,24652681.92,0.0345,0.0,5,983439.5,23572.82,25077728.16,0,0,0,-1,Unclassified / General,1,unique,36567,0
PRAVASTATIN,2018,2019,2226548.0,146548.0,110214126.0,49.5,752.07,5.0,2226548.0,0.0,146548.0,0.0,110214126.0,0.0,0.0,0,2226548.0,0.0,110214126.0,1,0,0,-1,Unclassified / General,0,unique,42463,0
PRAVASTATIN,2019,2020,2315609.0,152409.0,114622691.04,49.5,752.07,5.0,2226548.0,0.04,146548.0,0.04,110214126.0,0.04,0.0,1,2271078.5,62975.64,112418408.52,0,0,0,-1,Unclassified / General,0,unique,42463,0
PRAVASTATIN,2020,2021,2404671.0,158271.0,119031256.08,49.5,752.07,5.0,2315609.0,0.0385,152409.0,0.0385,114622691.04,0.0385,0.0,2,2360140.0,62976.34,116826973.56,0,0,0,-1,Unclassified / General,0,unique,42463,0
PRAVASTATIN,2021,2022,2493733.0,164133.0,123439821.12,49.5,752.07,5.0,2404671.0,0.037,158271.0,0.037,119031256.08,0.037,0.0,3,2449202.0,62976.34,121235538.6,0,0,0,-1,Unclassified / General,0,unique,42463,0
PRAVASTATIN,2022,2023,2582795.0,169995.0,127848386.16,49.5,752.07,5.0,2493733.0,0.0357,164133.0,0.0357,123439821.12,0.0357,0.0,4,2538264.0,62976.34,125644103.64,0,0,0,-1,Unclassified / General,0,unique,42463,0
PRAVASTATIN,2023,2024,2671857.0,175857.0,132256951.2,49.5,752.07,5.0,2582795.0,0.0345,169995.0,0.0345,127848386.16,0.0345,0.0,5,2627326.0,62976.34,130052668.68,0,0,0,-1,Unclassified / General,0,unique,42463,0
SPIRONOLACTONE,2018,2019,2964908.0,884908.0,28166626.0,9.5,31.83,5.0,2964908.0,0.0,884908.0,0.0,28166626.0,0.0,0.0,0,2964908.0,0.0,28166626.0,1,0,0,-1,Cardiovascular,0,unique,9997,0
SPIRONOLACTONE,2019,2020,3083504.0,920304.0,29293291.04,9.5,31.83,5.0,2964908.0,0.04,884908.0,0.04,28166626.0,0.04,0.0,1,3024206.0,83860.04,28729958.52,0,0,0,-1,Cardiovascular,0,unique,9997,0
SPIRONOLACTONE,2020,2021,3202100.0,955700.0,30419956.08,9.5,31.83,5.0,3083504.0,0.0385,920304.0,0.0385,29293291.04,0.0385,0.0,2,3142802.0,83860.04,29856623.56,0,0,0,-1,Cardiovascular,0,unique,9997,0
SPIRONOLACTONE,2021,2022,3320696.0,991096.0,31546621.12,9.5,31.83,5.0,3202100.0,0.037,955700.0,0.037,30419956.08,0.037,0.0,3,3261398.0,83860.04,30983288.6,0,0,0,-1,Cardiovascular,0,unique,9997,0
SPIRONOLACTONE,2022,2023,3439293.0,1026493.0,32673286.16,9.5,31.83,5.0,3320696.0,0.0357,991096.0,0.0357,31546621.12,0.0357,0.0,4,3379994.5,83860.74,32109953.64,0,0,0,-1,Cardiovascular,0,unique,9997,0
SPIRONOLACTONE,2023,2024,3557889.0,1061889.0,33799951.2,9.5,31.83,5.0,3439293.0,0.0345,1026493.0,0.0345,32673286.16,0.0345,0.0,5,3498591.0,83860.04,33236618.68,0,0,0,-1,Cardiovascular,0,unique,9997,0
VALSARTAN,2018,2019,2724787.0,644787.0,104904299.5,38.5,162.7,4.0,2724787.0,0.0,644787.0,0.0,104904299.5,0.0,0.0,0,2724787.0,0.0,104904299.5,1,0,0,-1,Cardiovascular,0,unique,69749,0
VALSARTAN,2019,2020,2833778.0,670578.0,109100471.48,38.5,162.7,4.0,2724787.0,0.04,644787.0,0.04,104904299.5,0.04,0.0,1,2779282.5,77068.28,107002385.49,0,0,0,-1,Cardiovascular,0,unique,69749,0
VALSARTAN,2020,2021,2942769.0,696369.0,113296643.46,38.5,162.7,4.0,2833778.0,0.0385,670578.0,0.0385,109100471.48,0.0385,0.0,2,2888273.5,77068.28,111198557.47,0,0,0,-1,Cardiovascular,0,unique,69749,0
VALSARTAN,2021,2022,3051761.0,722161.0,117492815.44,38.5,162.7,4.0,2942769.0,0.037,696369.0,0.037,113296643.46,0.037,0.0,3,2997265.0,77068.98,115394729.45,0,0,0,-1,Cardiovascular,0,unique,69749,0
VALSARTAN,2022,2023,3160752.0,747952.0,121688987.42,38.5,162.7,4.0,3051761.0,0.0357,722161.0,0.0357,117492815.44,0.0357,0.0,4,3106256.5,77068.28,119590901.43,0,0,0,-1,Cardiovascular,0,unique,69749,0
VALSARTAN,2023,2024,3269744.0,773744.0,125885159.4,38.5,162.7,4.0,3160752.0,0.0345,747952.0,0.0345,121688987.42,0.0345,0.0,5,3215248.0,77068.98,123787073.41,0,0,0,-1,Cardiovascular,0,unique,69749,0
DILTIAZEM,2018,2019,3429727.0,349727.0,97747219.5,28.5,279.5,8.0,3429727.0,0.0,349727.0,0.0,97747219.5,0.0,0.0,0,3429727.0,0.0,97747219.5,1,0,0,-1,Cardiovascular,0,unique,3443,0
DILTIAZEM,2019,2020,3566916.0,363716.0,101657108.28,28.5,279.5,8.0,3429727.0,0.04,349727.0,0.04,97747219.5,0.04,0.0,1,3498321.5,97007.27,99702163.89,0,0,0,-1,Cardiovascular,0,unique,3443,0
DILTIAZEM,2020,2021,3704105.0,377705.0,105566997.06,28.5,279.5,8.0,3566916.0,0.0385,363716.0,0.0385,101657108.28,0.0385,0.0,2,3635510.5,97007.27,103612052.67,0,0,0,-1,Cardiovascular,0,unique,3443,0
DILTIAZEM,2021,2022,3841294.0,391694.0,109476885.84,28.5,279.5,8.0,3704105.0,0.037,377705.0,0.037,105566997.06,0.037,0.0,3,3772699.5,97007.27,107521941.45,0,0,0,-1,Cardiovascular,0,unique,3443,0
DILTIAZEM,2022,2023,3978483.0,405683.0,113386774.62,28.5,279.5,8.0,3841294.0,0.0357,391694.0,0.0357,109476885.84,0.0357,0.0,4,3909888.5,97007.27,111431830.23,0,0,0,-1,Cardiovascular,0,unique,3443,0
DILTIAZEM,2023,2024,4115672.0,419672.0,117296663.4,28.5,279.5,8.0,3978483.0,0.0345,405683.0,0.0345,113386774.62,0.0345,0.0,5,4047077.5,97007.27,115341719.01,0,0,0,-1,Cardiovascular,0,unique,3443,0
VERAPAMIL,2018,2019,4530963.0,450963.0,65698963.5,14.5,145.69,4.0,4530963.0,0.0,450963.0,0.0,65698963.5,0.0,0.0,0,4530963.0,0.0,65698963.5,1,0,0,-1,Cardiovascular,0,unique,11170,0
VERAPAMIL,2019,2020,4712201.0,469001.0,68326922.04,14.5,145.69,4.0,4530963.0,0.04,450963.0,0.04,65698963.5,0.04,0.0,1,4621582.0,128154.62,67012942.77,0,0,0,-1,Cardiovascular,0,unique,11170,0
VERAPAMIL,2020,2021,4893440.0,487040.0,70954880.58,14.5,145.69,4.0,4712201.0,0.0385,469001.0,0.0385,68326922.04,0.0385,0.0,2,4802820.5,128155.33,69640901.31,0,0,0,-1,Cardiovascular,0,unique,11170,0
VERAPAMIL,2021,2022,5074678.0,505078.0,73582839.12,14.5,145.69,4.0,4893440.0,0.037,487040.0,0.037,70954880.58,0.037,0.0,3,4984059.0,128154.62,72268859.85,0,0,0,-1,Cardiovascular,0,unique,11170,0
VERAPAMIL,2022,2023,5255917.0,523117.0,76210797.66,14.5,145.69,4.0,5074678.0,0.0357,505078.0,0.0357,73582839.12,0.0357,0.0,4,5165297.5,128155.33,74896818.39,0,0,0,-1,Cardiovascular,0,unique,11170,0
VERAPAMIL,2023,2024,5437155.0,541155.0,78838756.2,14.5,145.69,4.0,5255917.0,0.0345,523117.0,0.0345,76210797.66,0.0345,0.0,5,5346536.0,128154.62,77524776.93,0,0,0,-1,Cardiovascular,0,unique,11170,0
ENALAPRIL,2018,2019,4516089.0,436089.0,182901604.5,40.5,419.41,2.0,4516089.0,0.0,436089.0,0.0,182901604.5,0.0,0.0,0,4516089.0,0.0,182901604.5,1,0,0,-1,Unclassified / General,0,unique,3827,0
ENALAPRIL,2019,2020,4696732.0,453532.0,190217668.68,40.5,419.41,2.0,4516089.0,0.04,436089.0,0.04,182901604.5,0.04,0.0,1,4606410.5,127733.89,186559636.59,0,0,0,-1,Unclassified / General,0,unique,3827,0
ENALAPRIL,2020,2021,4877376.0,470976.0,197533732.86,40.5,419.41,2.0,4696732.0,0.0385,453532.0,0.0385,190217668.68,0.0385,0.0,2,4787054.0,127734.6,193875700.77,0,0,0,-1,Unclassified / General,0,unique,3827,0
ENALAPRIL,2021,2022,5058019.0,488419.0,204849797.04,40.5,419.41,2.0,4877376.0,0.037,470976.0,0.037,197533732.86,0.037,0.0,3,4967697.5,127733.89,201191764.95,0,0,0,-1,Unclassified / General,0,unique,3827,0
ENALAPRIL,2022,2023,5238663.0,505863.0,212165861.22,40.5,419.41,2.0,5058019.0,0.0357,488419.0,0.0357,204849797.04,0.0357,0.0,4,5148341.0,127734.6,208507829.13,0,0,0,-1,Unclassified / General,0,unique,3827,0
ENALAPRIL,2023,2024,5419306.0,523306.0,219481925.4,40.5,419.41,2.0,5238663.0,0.0345,505863.0,0.0345,212165861.22,0.0345,0.0,5,5328984.5,127733.89,215823893.31,0,0,0,-1,Unclassified / General,0,unique,3827,0
RAMIPRIL,2018,2019,1766475.0,686475.0,46811587.5,26.5,68.19,4.0,1766475.0,0.0,686475.0,0.0,46811587.5,0.0,0.0,0,1766475.0,0.0,46811587.5,1,0,0,-1,Unclassified / General,0,unique,35296,0
RAMIPRIL,2019,2020,1837134.0,713934.0,48684051.0,26.5,68.19,4.0,1766475.0,0.04,686475.0,0.04,46811587.5,0.04,0.0,1,1801804.5,49963.46,47747819.25,0,0,0,-1,Unclassified / General,0,unique,35296,0
RAMIPRIL,2020,2021,1907793.0,741393.0,50556514.5,26.5,68.19,4.0,1837134.0,0.0385,713934.0,0.0385,48684051.0,0.0385,0.0,2,1872463.5,49963.46,49620282.75,0,0,0,-1,Unclassified / General,0,unique,35296,0
RAMIPRIL,2021,2022,1978452.0,768852.0,52428978.0,26.5,68.19,4.0,1907793.0,0.037,741393.0,0.037,50556514.5,0.037,0.0,3,1943122.5,49963.46,51492746.25,0,0,0,-1,Unclassified / General,0,unique,35296,0
RAMIPRIL,2022,2023,2049110.0,796311.0,54301441.5,26.5,68.19,4.0,1978452.0,0.0357,768852.0,0.0357,52428978.0,0.0357,0.0,4,2013781.0,49962.75,53365209.75,0,0,0,-1,Unclassified / General,0,unique,35296,0
RAMIPRIL,2023,2024,2119770.0,823770.0,56173905.0,26.5,68.19,4.0,2049110.0,0.0345,796311.0,0.0345,54301441.5,0.0345,0.0,5,2084440.0,49964.17,55237673.25,0,0,0,-1,Unclassified / General,0,unique,35296,0
ATENOLOL,2018,2019,3024199.0,944199.0,152722049.5,50.5,161.75,8.0,3024199.0,0.0,944199.0,0.0,152722049.5,0.0,0.0,0,3024199.0,0.0,152722049.5,1,0,0,-1,Unclassified / General,0,unique,1202,0
ATENOLOL,2019,2020,3145166.0,981966.0,158830931.48,50.5,161.75,8.0,3024199.0,0.04,944199.0,0.04,152722049.5,0.04,0.0,1,3084682.5,85536.59,155776490.49,0,0,0,-1,Unclassified / General,0,unique,1202,0
ATENOLOL,2020,2021,3266134.0,1019734.0,164939813.46,50.5,161.75,8.0,3145166.0,0.0385,981966.0,0.0385,158830931.48,0.0385,0.0,2,3205650.0,85537.29,161885372.47,0,0,0,-1,Unclassified / General,0,unique,1202,0
ATENOLOL,2021,2022,3387102.0,1057502.0,171048695.44,50.5,161.75,8.0,3266134.0,0.037,1019734.0,0.037,164939813.46,0.037,0.0,3,3326618.0,85537.29,167994254.45,0,0,0,-1,Unclassified / General,0,unique,1202,0
ATENOLOL,2022,2023,3508070.0,1095270.0,177157577.42,50.5,161.75,8.0,3387102.0,0.0357,1057502.0,0.0357,171048695.44,0.0357,0.0,4,3447586.0,85537.29,174103136.43,0,0,0,-1,Unclassified / General,0,unique,1202,0
ATENOLOL,2023,2024,3629038.0,1133038.0,183266459.4,50.5,161.75,8.0,3508070.0,0.0345,1095270.0,0.0345,177157577.42,0.0345,0.0,5,3568554.0,85537.29,180212018.41,0,0,0,-1,Unclassified / General,0,unique,1202,0
TELMISARTAN,2018,2019,2268692.0,188692.0,98688102.0,43.5,523.01,5.0,2268692.0,0.0,188692.0,0.0,98688102.0,0.0,0.0,0,2268692.0,0.0,98688102.0,1,0,0,-1,Unclassified / General,0,unique,73494,0
TELMISARTAN,2019,2020,2359439.0,196239.0,102635626.08,43.5,523.01,5.0,2268692.0,0.04,188692.0,0.04,98688102.0,0.04,0.0,1,2314065.5,64167.82,100661864.04,0,0,0,-1,Unclassified / General,0,unique,73494,0
TELMISARTAN,2020,2021,2450187.0,203787.0,106583150.16,43.5,523.01,5.0,2359439.0,0.0385,196239.0,0.0385,102635626.08,0.0385,0.0,2,2404813.0,64168.53,104609388.12,0,0,0,-1,Unclassified / General,0,unique,73494,0
TELMISARTAN,2021,2022,2540935.0,211335.0,110530674.24,43.5,523.01,5.0,2450187.0,0.037,203787.0,0.037,106583150.16,0.037,0.0,3,2495561.0,64168.53,108556912.2,0,0,0,-1,Unclassified / General,0,unique,73494,0
TELMISARTAN,2022,2023,2631682.0,218882.0,114478198.32,43.5,523.01,5.0,2540935.0,0.0357,211335.0,0.0357,110530674.24,0.0357,0.0,4,2586308.5,64167.82,112504436.28,0,0,0,-1,Unclassified / General,0,unique,73494,0
TELMISARTAN,2023,2024,2722430.0,226430.0,118425722.4,43.5,523.01,5.0,2631682.0,0.0345,218882.0,0.0345,114478198.32,0.0345,0.0,5,2677056.0,64168.53,116451960.36,0,0,0,-1,Unclassified / General,0,unique,73494,0
RIVAROXABAN,2018,2019,2509217.0,429217.0,46420514.5,18.5,108.15,2.0,2509217.0,0.0,429217.0,0.0,46420514.5,0.0,0.0,0,2509217.0,0.0,46420514.5,1,0,0,-1,Unclassified / General,0,unique,1114195,0
RIVAROXABAN,2019,2020,2609585.0,446385.0,48277335.08,18.5,108.15,2.0,2509217.0,0.04,429217.0,0.04,46420514.5,0.04,0.0,1,2559401.0,70970.89,47348924.79,0,0,0,-1,Unclassified / General,0,unique,1114195,0
RIVAROXABAN,2020,2021,2709954.0,463554.0,50134155.66,18.5,108.15,2.0,2609585.0,0.0385,446385.0,0.0385,48277335.08,0.0385,0.0,2,2659769.5,70971.6,49205745.37,0,0,0,-1,Unclassified / General,0,unique,1114195,0
RIVAROXABAN,2021,2022,2810323.0,480723.0,51990976.24,18.5,108.15,2.0,2709954.0,0.037,463554.0,0.037,50134155.66,0.037,0.0,3,2760138.5,70971.6,51062565.95,0,0,0,-1,Unclassified / General,0,unique,1114195,0
RIVAROXABAN,2022,2023,2910691.0,497891.0,53847796.82,18.5,108.15,2.0,2810323.0,0.0357,480723.0,0.0357,51990976.24,0.0357,0.0,4,2860507.0,70970.89,52919386.53,0,0,0,-1,Unclassified / General,0,unique,1114195,0
RIVAROXABAN,2023,2024,3011060.0,515060.0,55704617.4,18.5,108.15,2.0,2910691.0,0.0345,497891.0,0.0345,53847796.82,0.0345,0.0,5,2960875.5,70971.6,54776207.11,0,0,0,-1,Unclassified / General,0,unique,1114195,0
WARFARIN,2018,2019,2099703.0,1019703.0,9448663.5,4.5,9.27,8.0,2099703.0,0.0,1019703.0,0.0,9448663.5,0.0,0.0,0,2099703.0,0.0,9448663.5,1,0,0,-1,Unclassified / General,0,unique,11289,0
WARFARIN,2019,2020,2183691.0,1060491.0,9826610.04,4.5,9.27,8.0,2099703.0,0.04,1019703.0,0.04,9448663.5,0.04,0.0,1,2141697.0,59388.48,9637636.77,0,0,0,-1,Unclassified / General,0,unique,11289,0
WARFARIN,2020,2021,2267679.0,1101279.0,10204556.58,4.5,9.27,8.0,2183691.0,0.0385,1060491.0,0.0385,9826610.04,0.0385,0.0,2,2225685.0,59388.48,10015583.31,0,0,0,-1,Unclassified / General,0,unique,11289,0
WARFARIN,2021,2022,2351667.0,1142067.0,10582503.12,4.5,9.27,8.0,2267679.0,0.037,1101279.0,0.037,10204556.58,0.037,0.0,3,2309673.0,59388.48,10393529.85,0,0,0,-1,Unclassified / General,0,unique,11289,0
WARFARIN,2022,2023,2435655.0,1182855.0,10960449.66,4.5,9.27,8.0,2351667.0,0.0357,1142067.0,0.0357,10582503.12,0.0357,0.0,4,2393661.0,59388.48,10771476.39,0,0,0,-1,Unclassified / General,0,unique,11289,0
WARFARIN,2023,2024,2519643.0,1223643.0,11338396.2,4.5,9.27,8.0,2435655.0,0.0345,1182855.0,0.0345,10960449.66,0.0345,0.0,5,2477649.0,59388.48,11149422.93,0,0,0,-1,Unclassified / General,0,unique,11289,0
NITROGLYCERIN,2018,2019,232212.0,152212.0,3134862.0,13.5,20.6,5.0,232212.0,0.0,152212.0,0.0,3134862.0,0.0,0.0,0,232212.0,0.0,3134862.0,1,0,0,-1,Analgesia/Addiction,0,unique,4917,0
NITROGLYCERIN,2019,2020,241500.0,158300.0,3260256.48,13.5,20.6,5.0,232212.0,0.04,152212.0,0.04,3134862.0,0.04,0.0,1,236856.0,6567.61,3197559.24,0,0,0,-1,Analgesia/Addiction,0,unique,4917,0
NITROGLYCERIN,2020,2021,250788.0,164388.0,3385650.96,13.5,20.6,5.0,241500.0,0.0385,158300.0,0.0385,3260256.48,0.0385,0.0,2,246144.0,6567.61,3322953.72,0,0,0,-1,Analgesia/Addiction,0,unique,4917,0
NITROGLYCERIN,2021,2022,260077.0,170477.0,3511045.44,13.5,20.6,5.0,250788.0,0.037,164388.0,0.037,3385650.96,0.037,0.0,3,255432.5,6568.31,3448348.2,0,0,0,-1,Analgesia/Addiction,0,unique,4917,0
NITROGLYCERIN,2022,2023,269365.0,176565.0,3636439.92,13.5,20.6,5.0,260077.0,0.0357,170477.0,0.0357,3511045.44,0.0357,0.0,4,264721.0,6567.61,3573742.68,0,0,0,-1,Analgesia/Addiction,0,unique,4917,0
NITROGLYCERIN,2023,2024,278654.0,182654.0,3761834.4,13.5,20.6,5.0,269365.0,0.0345,176565.0,0.0345,3636439.92,0.0345,0.0,5,274009.5,6568.31,3699137.16,0,0,0,-1,Analgesia/Addiction,0,unique,4917,0
HYDRALAZINE,2018,2019,4744157.0,664157.0,40325334.5,8.5,60.72,6.0,4744157.0,0.0,664157.0,0.0,40325334.5,0.0,0.0,0,4744157.0,0.0,40325334.5,1,0,0,-1,Unclassified / General,0,unique,5470,0
HYDRALAZINE,2019,2020,4933923.0,690723.0,41938347.88,8.5,60.72,6.0,4744157.0,0.04,664157.0,0.04,40325334.5,0.04,0.0,1,4839040.0,134184.83,41131841.19,0,0,0,-1,Unclassified / General,0,unique,5470,0
HYDRALAZINE,2020,2021,5123689.0,717289.0,43551361.26,8.5,60.72,6.0,4933923.0,0.0385,690723.0,0.0385,41938347.88,0.0385,0.0,2,5028806.0,134184.83,42744854.57,0,0,0,-1,Unclassified / General,0,unique,5470,0
HYDRALAZINE,2021,2022,5313455.0,743855.0,45164374.64,8.5,60.72,6.0,5123689.0,0.037,717289.0,0.037,43551361.26,0.037,0.0,3,5218572.0,134184.83,44357867.95,0,0,0,-1,Unclassified / General,0,unique,5470,0
HYDRALAZINE,2022,2023,5503222.0,770422.0,46777388.02,8.5,60.72,6.0,5313455.0,0.0357,743855.0,0.0357,45164374.64,0.0357,0.0,4,5408338.5,134185.53,45970881.33,0,0,0,-1,Unclassified / General,0,unique,5470,0
HYDRALAZINE,2023,2024,5692988.0,796988.0,48390401.4,8.5,60.72,6.0,5503222.0,0.0345,770422.0,0.0345,46777388.02,0.0345,0.0,5,5598105.0,134184.83,47583894.71,0,0,0,-1,Unclassified / General,0,unique,5470,0
ISOSORBIDE,2018,2019,4524718.0,444718.0,88232001.0,19.5,198.4,7.0,4524718.0,0.0,444718.0,0.0,88232001.0,0.0,0.0,0,4524718.0,0.0,88232001.0,1,0,0,-1,Unclassified / General,0,unique,6057,0
ISOSORBIDE,2019,2020,4705706.0,462506.0,91761281.04,19.5,198.4,7.0,4524718.0,0.04,444718.0,0.04,88232001.0,0.04,0.0,1,4615212.0,127977.84,89996641.02,0,0,0,-1,Unclassified / General,0,unique,6057,0
ISOSORBIDE,2020,2021,4886695.0,480295.0,95290561.08,19.5,198.4,7.0,4705706.0,0.0385,462506.0,0.0385,91761281.04,0.0385,0.0,2,4796200.5,127978.55,93525921.06,0,0,0,-1,Unclassified / General,0,unique,6057,0
ISOSORBIDE,2021,2022,5067684.0,498084.0,98819841.12,19.5,198.4,7.0,4886695.0,0.037,480295.0,0.037,95290561.08,0.037,0.0,3,4977189.5,127978.55,97055201.1,0,0,0,-1,Unclassified / General,0,unique,6057,0
ISOSORBIDE,2022,2023,5248672.0,515872.0,102349121.16,19.5,198.4,7.0,5067684.0,0.0357,498084.0,0.0357,98819841.12,0.0357,0.0,4,5158178.0,127977.84,100584481.14,0,0,0,-1,Unclassified / General,0,unique,6057,0
ISOSORBIDE,2023,2024,5429661.0,533661.0,105878401.2,19.5,198.4,7.0,5248672.0,0.0345,515872.0,0.0345,102349121.16,0.0345,0.0,5,5339166.5,127978.55,104113761.18,0,0,0,-1,Unclassified / General,0,unique,6057,0
AMIODARONE,2018,2019,3744376.0,664376.0,102970340.0,27.5,154.99,1.0,3744376.0,0.0,664376.0,0.0,102970340.0,0.0,0.0,0,3744376.0,0.0,102970340.0,1,0,0,-1,Unclassified / General,1,unique,703,0
AMIODARONE,2019,2020,3894151.0,690951.0,107089153.6,27.5,154.99,1.0,3744376.0,0.04,664376.0,0.04,102970340.0,0.04,0.0,1,3819263.5,105906.92,105029746.8,0,0,0,-1,Unclassified / General,1,unique,703,0
AMIODARONE,2020,2021,4043926.0,717526.0,111207967.2,27.5,154.99,1.0,3894151.0,0.0385,690951.0,0.0385,107089153.6,0.0385,0.0,2,3969038.5,105906.92,109148560.4,0,0,0,-1,Unclassified / General,1,unique,703,0
AMIODARONE,2021,2022,4193701.0,744101.0,115326780.8,27.5,154.99,1.0,4043926.0,0.037,717526.0,0.037,111207967.2,0.037,0.0,3,4118813.5,105906.92,113267374.0,0,0,0,-1,Unclassified / General,1,unique,703,0
AMIODARONE,2022,2023,4343476.0,770676.0,119445594.4,27.5,154.99,1.0,4193701.0,0.0357,744101.0,0.0357,115326780.8,0.0357,0.0,4,4268588.5,105906.92,117386187.6,0,0,0,-1,Unclassified / General,1,unique,703,0
AMIODARONE,2023,2024,4493251.0,797251.0,123564408.0,27.5,154.99,1.0,4343476.0,0.0345,770676.0,0.0345,119445594.4,0.0345,0.0,5,4418363.5,105906.92,121505001.2,0,0,0,-1,Unclassified / General,1,unique,703,0
DIGOXIN,2018,2019,2228010.0,148010.0,25622115.0,11.5,173.11,3.0,2228010.0,0.0,148010.0,0.0,25622115.0,0.0,0.0,0,2228010.0,0.0,25622115.0,1,0,0,-1,Unclassified / General,0,unique,3407,0
DIGOXIN,2019,2020,2317130.0,153930.0,26646999.6,11.5,173.11,3.0,2228010.0,0.04,148010.0,0.04,25622115.0,0.04,0.0,1,2272570.0,63017.36,26134557.3,0,0,0,-1,Unclassified / General,0,unique,3407,0
DIGOXIN,2020,2021,2406250.0,159850.0,27671884.2,11.5,173.11,3.0,2317130.0,0.0385,153930.0,0.0385,26646999.6,0.0385,0.0,2,2361690.0,63017.36,27159441.9,0,0,0,-1,Unclassified / General,0,unique,3407,0
DIGOXIN,2021,2022,2495371.0,165771.0,28696768.8,11.5,173.11,3.0,2406250.0,0.037,159850.0,0.037,27671884.2,0.037,0.0,3,2450810.5,63018.06,28184326.5,0,0,0,-1,Unclassified / General,0,unique,3407,0
DIGOXIN,2022,2023,2584491.0,171691.0,29721653.4,11.5,173.11,3.0,2495371.0,0.0357,165771.0,0.0357,28696768.8,0.0357,0.0,4,2539931.0,63017.36,29209211.1,0,0,0,-1,Unclassified / General,0,unique,3407,0
DIGOXIN,2023,2024,2673612.0,177612.0,30746538.0,11.5,173.11,3.0,2584491.0,0.0345,171691.0,0.0345,29721653.4,0.0345,0.0,5,2629051.5,63018.06,30234095.7,0,0,0,-1,Unclassified / General,0,unique,3407,0
FLECAINIDE,2018,2019,4471775.0,391775.0,118502037.5,26.5,302.47,8.0,4471775.0,0.0,391775.0,0.0,118502037.5,0.0,0.0,0,4471775.0,0.0,118502037.5,1,0,0,-1,Unclassified / General,0,unique,4441,0
FLECAINIDE,2019,2020,4650646.0,407446.0,123242119.0,26.5,302.47,8.0,4471775.0,0.04,391775.0,0.04,118502037.5,0.04,0.0,1,4561210.5,126480.9,120872078.25,0,0,0,-1,Unclassified / General,0,unique,4441,0
FLECAINIDE,2020,2021,4829517.0,423117.0,127982200.5,26.5,302.47,8.0,4650646.0,0.0385,407446.0,0.0385,123242119.0,0.0385,0.0,2,4740081.5,126480.9,125612159.75,0,0,0,-1,Unclassified / General,0,unique,4441,0
FLECAINIDE,2021,2022,5008388.0,438788.0,132722282.0,26.5,302.47,8.0,4829517.0,0.037,423117.0,0.037,127982200.5,0.037,0.0,3,4918952.5,126480.9,130352241.25,0,0,0,-1,Unclassified / General,0,unique,4441,0
FLECAINIDE,2022,2023,5187259.0,454458.0,137462363.5,26.5,302.48,8.0,5008388.0,0.0357,438788.0,0.0357,132722282.0,0.0357,0.0,4,5097823.5,126480.9,135092322.75,0,0,0,-1,Unclassified / General,0,unique,4441,0
FLECAINIDE,2023,2024,5366130.0,470130.0,142202445.0,26.5,302.47,8.0,5187259.0,0.0345,454458.0,0.0345,137462363.5,0.0345,0.0,5,5276694.5,126480.9,139832404.25,0,0,0,-1,Unclassified / General,0,unique,4441,0
PROPRANOLOL,2018,2019,3164384.0,84384.0,112335632.0,35.5,1331.24,1.0,3164384.0,0.0,84384.0,0.0,112335632.0,0.0,0.0,0,3164384.0,0.0,112335632.0,1,0,0,-1,Cardiovascular,1,unique,8787,0
PROPRANOLOL,2019,2020,3290959.0,87759.0,116829057.28,35.5,1331.25,1.0,3164384.0,0.04,84384.0,0.04,112335632.0,0.04,0.0,1,3227671.5,89502.04,114582344.64,0,0,0,-1,Cardiovascular,1,unique,8787,0
PROPRANOLOL,2020,2021,3417534.0,91134.0,121322482.56,35.5,1331.25,1.0,3290959.0,0.0385,87759.0,0.0385,116829057.28,0.0385,0.0,2,3354246.5,89502.04,119075769.92,0,0,0,-1,Cardiovascular,1,unique,8787,0
PROPRANOLOL,2021,2022,3544110.0,94510.0,125815907.84,35.5,1331.24,1.0,3417534.0,0.037,91134.0,0.037,121322482.56,0.037,0.0,3,3480822.0,89502.75,123569195.2,0,0,0,-1,Cardiovascular,1,unique,8787,0
PROPRANOLOL,2022,2023,3670685.0,97885.0,130309333.12,35.5,1331.25,1.0,3544110.0,0.0357,94510.0,0.0357,125815907.84,0.0357,0.0,4,3607397.5,89502.04,128062620.48,0,0,0,-1,Cardiovascular,1,unique,8787,1
PROPRANOLOL,2023,2024,3797260.0,101260.0,134802758.4,35.5,1331.25,1.0,3670685.0,0.0345,97885.0,0.0345,130309333.12,0.0345,0.0,5,3733972.5,89502.04,132556045.76,0,2,1,0,Cardiovascular,1,unique,8787,0
LABETALOL,2018,2019,4374567.0,294567.0,80929489.5,18.5,274.74,8.0,4374567.0,0.0,294567.0,0.0,80929489.5,0.0,0.0,0,4374567.0,0.0,80929489.5,1,0,0,-1,Unclassified / General,0,unique,6185,0
LABETALOL,2019,2020,4549549.0,306349.0,84166669.08,18.5,274.74,8.0,4374567.0,0.04,294567.0,0.04,80929489.5,0.04,0.0,1,4462058.0,123730.96,82548079.29,0,0,0,-1,Unclassified / General,0,unique,6185,0
LABETALOL,2020,2021,4724532.0,318132.0,87403848.66,18.5,274.74,8.0,4549549.0,0.0385,306349.0,0.0385,84166669.08,0.0385,0.0,2,4637040.5,123731.67,85785258.87,0,0,0,-1,Unclassified / General,0,unique,6185,0
LABETALOL,2021,2022,4899515.0,329915.0,90641028.24,18.5,274.74,8.0,4724532.0,0.037,318132.0,0.037,87403848.66,0.037,0.0,3,4812023.5,123731.67,89022438.45,0,0,0,-1,Unclassified / General,0,unique,6185,0
LABETALOL,2022,2023,5074497.0,341697.0,93878207.82,18.5,274.74,8.0,4899515.0,0.0357,329915.0,0.0357,90641028.24,0.0357,0.0,4,4987006.0,123730.96,92259618.03,0,0,0,-1,Unclassified / General,0,unique,6185,0
LABETALOL,2023,2024,5249480.0,353480.0,97115387.4,18.5,274.74,8.0,5074497.0,0.0345,341697.0,0.0345,93878207.82,0.0345,0.0,5,5161988.5,123731.67,95496797.61,0,0,0,-1,Unclassified / General,0,unique,6185,0
BISOPROLOL,2018,2019,396705.0,316705.0,2578582.5,6.5,8.14,2.0,396705.0,0.0,316705.0,0.0,2578582.5,0.0,0.0,0,396705.0,0.0,2578582.5,1,0,0,-1,Unclassified / General,0,unique,19484,0
BISOPROLOL,2019,2020,412573.0,329373.0,2681725.8,6.5,8.14,2.0,396705.0,0.04,316705.0,0.04,2578582.5,0.04,0.0,1,404639.0,11220.37,2630154.15,0,0,0,-1,Unclassified / General,0,unique,19484,0
BISOPROLOL,2020,2021,428441.0,342041.0,2784869.1,6.5,8.14,2.0,412573.0,0.0385,329373.0,0.0385,2681725.8,0.0385,0.0,2,420507.0,11220.37,2733297.45,0,0,0,-1,Unclassified / General,0,unique,19484,0
BISOPROLOL,2021,2022,444309.0,354709.0,2888012.4,6.5,8.14,2.0,428441.0,0.037,342041.0,0.037,2784869.1,0.037,0.0,3,436375.0,11220.37,2836440.75,0,0,0,-1,Unclassified / General,0,unique,19484,0
BISOPROLOL,2022,2023,460177.0,367377.0,2991155.7,6.5,8.14,2.0,444309.0,0.0357,354709.0,0.0357,2888012.4,0.0357,0.0,4,452243.0,11220.37,2939584.05,0,0,0,-1,Unclassified / General,0,unique,19484,0
BISOPROLOL,2023,2024,476046.0,380046.0,3094299.0,6.5,8.14,2.0,460177.0,0.0345,367377.0,0.0345,2991155.7,0.0345,0.0,5,468111.5,11221.08,3042727.35,0,0,0,-1,Unclassified / General,0,unique,19484,0
NEBIVOLOL,2018,2019,3953027.0,873027.0,112661269.5,28.5,129.05,4.0,3953027.0,0.0,873027.0,0.0,112661269.5,0.0,0.0,0,3953027.0,0.0,112661269.5,1,0,0,-1,Cardiovascular,0,unique,31555,0
NEBIVOLOL,2019,2020,4111148.0,907948.0,117167720.28,28.5,129.05,4.0,3953027.0,0.04,873027.0,0.04,112661269.5,0.04,0.0,1,4032087.5,111808.43,114914494.89,0,0,0,-1,Cardiovascular,0,unique,31555,0
NEBIVOLOL,2020,2021,4269269.0,942869.0,121674171.06,28.5,129.05,4.0,4111148.0,0.0385,907948.0,0.0385,117167720.28,0.0385,0.0,2,4190208.5,111808.43,119420945.67,0,0,0,-1,Cardiovascular,0,unique,31555,0
NEBIVOLOL,2021,2022,4427390.0,977790.0,126180621.84,28.5,129.05,4.0,4269269.0,0.037,942869.0,0.037,121674171.06,0.037,0.0,3,4348329.5,111808.43,123927396.45,0,0,0,-1,Cardiovascular,0,unique,31555,0
NEBIVOLOL,2022,2023,4585511.0,1012711.0,130687072.62,28.5,129.05,4.0,4427390.0,0.0357,977790.0,0.0357,126180621.84,0.0357,0.0,4,4506450.5,111808.43,128433847.23,0,0,0,-1,Cardiovascular,0,unique,31555,0
NEBIVOLOL,2023,2024,4743632.0,1047632.0,135193523.4,28.5,129.05,4.0,4585511.0,0.0345,1012711.0,0.0345,130687072.62,0.0345,0.0,5,4664571.5,111808.43,132940298.01,0,0,0,-1,Cardiovascular,0,unique,31555,0
IRBESARTAN,2018,2019,2317967.0,237967.0,42882389.5,18.5,180.2,8.0,2317967.0,0.0,237967.0,0.0,42882389.5,0.0,0.0,0,2317967.0,0.0,42882389.5,1,0,0,-1,Unclassified / General,0,unique,83818,0
IRBESARTAN,2019,2020,2410685.0,247485.0,44597685.08,18.5,180.2,8.0,2317967.0,0.04,237967.0,0.04,42882389.5,0.04,0.0,1,2364326.0,65561.53,43740037.29,0,0,0,-1,Unclassified / General,0,unique,83818,0
IRBESARTAN,2020,2021,2503404.0,257004.0,46312980.66,18.5,180.2,8.0,2410685.0,0.0385,247485.0,0.0385,44597685.08,0.0385,0.0,2,2457044.5,65562.23,45455332.87,0,0,0,-1,Unclassified / General,0,unique,83818,0
IRBESARTAN,2021,2022,2596123.0,266523.0,48028276.24,18.5,180.2,8.0,2503404.0,0.037,257004.0,0.037,46312980.66,0.037,0.0,3,2549763.5,65562.23,47170628.45,0,0,0,-1,Unclassified / General,0,unique,83818,0
IRBESARTAN,2022,2023,2688841.0,276041.0,49743571.82,18.5,180.2,8.0,2596123.0,0.0357,266523.0,0.0357,48028276.24,0.0357,0.0,4,2642482.0,65561.53,48885924.03,0,0,0,-1,Unclassified / General,0,unique,83818,0
IRBESARTAN,2023,2024,2781560.0,285560.0,51458867.4,18.5,180.2,8.0,2688841.0,0.0345,276041.0,0.0345,49743571.82,0.0345,0.0,5,2735200.5,65562.23,50601219.61,0,0,0,-1,Unclassified / General,0,unique,83818,0
CANDESARTAN,2018,2019,2851286.0,771286.0,106923225.0,37.5,138.63,7.0,2851286.0,0.0,771286.0,0.0,106923225.0,0.0,0.0,0,2851286.0,0.0,106923225.0,1,0,0,-1,Unclassified / General,0,unique,214354,0
CANDESARTAN,2019,2020,2965337.0,802137.0,111200154.0,37.5,138.63,7.0,2851286.0,0.04,771286.0,0.04,106923225.0,0.04,0.0,1,2908311.5,80646.24,109061689.5,0,0,0,-1,Unclassified / General,0,unique,214354,0
CANDESARTAN,2020,2021,3079388.0,832988.0,115477083.0,37.5,138.63,7.0,2965337.0,0.0385,802137.0,0.0385,111200154.0,0.0385,0.0,2,3022362.5,80646.24,113338618.5,0,0,0,-1,Unclassified / General,0,unique,214354,0
CANDESARTAN,2021,2022,3193440.0,863840.0,119754012.0,37.5,138.63,7.0,3079388.0,0.037,832988.0,0.037,115477083.0,0.037,0.0,3,3136414.0,80646.94,117615547.5,0,0,0,-1,Unclassified / General,0,unique,214354,0
CANDESARTAN,2022,2023,3307491.0,894691.0,124030941.0,37.5,138.63,7.0,3193440.0,0.0357,863840.0,0.0357,119754012.0,0.0357,0.0,4,3250465.5,80646.24,121892476.5,0,0,0,-1,Unclassified / General,0,unique,214354,0
CANDESARTAN,2023,2024,3421543.0,925543.0,128307870.0,37.5,138.63,7.0,3307491.0,0.0345,894691.0,0.0345,124030941.0,0.0345,0.0,5,3364517.0,80646.94,126169405.5,0,0,0,-1,Unclassified / General,0,unique,214354,0
OLMESARTAN,2018,2019,3437547.0,357547.0,166721029.5,48.5,466.29,4.0,3437547.0,0.0,357547.0,0.0,166721029.5,0.0,0.0,0,3437547.0,0.0,166721029.5,1,0,0,-1,Unclassified / General,0,unique,321064,0
OLMESARTAN,2019,2020,3575048.0,371848.0,173389870.68,48.5,466.29,4.0,3437547.0,0.04,357547.0,0.04,166721029.5,0.04,0.0,1,3506297.5,97227.89,170055450.09,0,0,0,-1,Unclassified / General,0,unique,321064,0
OLMESARTAN,2020,2021,3712550.0,386150.0,180058711.86,48.5,466.29,4.0,3575048.0,0.0385,371848.0,0.0385,173389870.68,0.0385,0.0,2,3643799.0,97228.6,176724291.27,0,0,0,-1,Unclassified / General,0,unique,321064,0
OLMESARTAN,2021,2022,3850052.0,400452.0,186727553.04,48.5,466.29,4.0,3712550.0,0.037,386150.0,0.037,180058711.86,0.037,0.0,3,3781301.0,97228.6,183393132.45,0,0,0,-1,Unclassified / General,0,unique,321064,0
OLMESARTAN,2022,2023,3987554.0,414754.0,193396394.22,48.5,466.29,4.0,3850052.0,0.0357,400452.0,0.0357,186727553.04,0.0357,0.0,4,3918803.0,97228.6,190061973.63,0,0,0,-1,Unclassified / General,0,unique,321064,0
OLMESARTAN,2023,2024,4125056.0,429056.0,200065235.4,48.5,466.29,4.0,3987554.0,0.0345,414754.0,0.0345,193396394.22,0.0345,0.0,5,4056305.0,97228.6,196730814.81,0,0,0,-1,Unclassified / General,0,unique,321064,0
AZILSARTAN,2018,2019,4800861.0,720861.0,60010762.5,12.5,83.25,6.0,4800861.0,0.0,720861.0,0.0,60010762.5,0.0,0.0,0,4800861.0,0.0,60010762.5,1,0,0,-1,Unclassified / General,0,unique,1091643,0
AZILSARTAN,2019,2020,4992895.0,749695.0,62411193.0,12.5,83.25,6.0,4800861.0,0.04,720861.0,0.04,60010762.5,0.04,0.0,1,4896878.0,135788.54,61210977.75,0,0,0,-1,Unclassified / General,0,unique,1091643,0
AZILSARTAN,2020,2021,5184929.0,778529.0,64811623.5,12.5,83.25,6.0,4992895.0,0.0385,749695.0,0.0385,62411193.0,0.0385,0.0,2,5088912.0,135788.54,63611408.25,0,0,0,-1,Unclassified / General,0,unique,1091643,0
AZILSARTAN,2021,2022,5376964.0,807364.0,67212054.0,12.5,83.25,6.0,5184929.0,0.037,778529.0,0.037,64811623.5,0.037,0.0,3,5280946.5,135789.25,66011838.75,0,0,0,-1,Unclassified / General,0,unique,1091643,0
AZILSARTAN,2022,2023,5568998.0,836198.0,69612484.5,12.5,83.25,6.0,5376964.0,0.0357,807364.0,0.0357,67212054.0,0.0357,0.0,4,5472981.0,135788.54,68412269.25,0,0,0,-1,Unclassified / General,0,unique,1091643,0
AZILSARTAN,2023,2024,5761033.0,865033.0,72012915.0,12.5,83.25,6.0,5568998.0,0.0345,836198.0,0.0345,69612484.5,0.0345,0.0,5,5665015.5,135789.25,70812699.75,0,0,0,-1,Unclassified / General,0,unique,1091643,0
NIFEDIPINE,2018,2019,4695580.0,615580.0,147910770.0,31.5,240.28,5.0,4695580.0,0.0,615580.0,0.0,147910770.0,0.0,0.0,0,4695580.0,0.0,147910770.0,1,0,0,-1,Unclassified / General,0,unique,7417,0
NIFEDIPINE,2019,2020,4883403.0,640203.0,153827200.8,31.5,240.28,5.0,4695580.0,0.04,615580.0,0.04,147910770.0,0.04,0.0,1,4789491.5,132810.92,150868985.4,0,0,0,-1,Unclassified / General,0,unique,7417,0
NIFEDIPINE,2020,2021,5071226.0,664826.0,159743631.6,31.5,240.28,5.0,4883403.0,0.0385,640203.0,0.0385,153827200.8,0.0385,0.0,2,4977314.5,132810.92,156785416.2,0,0,0,-1,Unclassified / General,0,unique,7417,0
NIFEDIPINE,2021,2022,5259049.0,689449.0,165660062.4,31.5,240.28,5.0,5071226.0,0.037,664826.0,0.037,159743631.6,0.037,0.0,3,5165137.5,132810.92,162701847.0,0,0,0,-1,Unclassified / General,0,unique,7417,0
NIFEDIPINE,2022,2023,5446872.0,714072.0,171576493.2,31.5,240.28,5.0,5259049.0,0.0357,689449.0,0.0357,165660062.4,0.0357,0.0,4,5352960.5,132810.92,168618277.8,0,0,0,-1,Unclassified / General,0,unique,7417,0
NIFEDIPINE,2023,2024,5634696.0,738696.0,177492924.0,31.5,240.28,5.0,5446872.0,0.0345,714072.0,0.0345,171576493.2,0.0345,0.0,5,5540784.0,132811.62,174534708.6,0,0,0,-1,Unclassified / General,0,unique,7417,0
FELODIPINE,2018,2019,541267.0,461267.0,10013439.5,18.5,21.71,4.0,541267.0,0.0,461267.0,0.0,10013439.5,0.0,0.0,0,541267.0,0.0,10013439.5,1,0,0,-1,Unclassified / General,0,unique,4316,0
FELODIPINE,2019,2020,562917.0,479717.0,10413977.08,18.5,21.71,4.0,541267.0,0.04,461267.0,0.04,10013439.5,0.04,0.0,1,552092.0,15308.86,10213708.29,0,0,0,-1,Unclassified / General,0,unique,4316,0
FELODIPINE,2020,2021,584568.0,498168.0,10814514.66,18.5,21.71,4.0,562917.0,0.0385,479717.0,0.0385,10413977.08,0.0385,0.0,2,573742.5,15309.57,10614245.87,0,0,0,-1,Unclassified / General,0,unique,4316,0
FELODIPINE,2021,2022,606219.0,516619.0,11215052.24,18.5,21.71,4.0,584568.0,0.037,498168.0,0.037,10814514.66,0.037,0.0,3,595393.5,15309.57,11014783.45,0,0,0,-1,Unclassified / General,0,unique,4316,0
FELODIPINE,2022,2023,627869.0,535069.0,11615589.82,18.5,21.71,4.0,606219.0,0.0357,516619.0,0.0357,11215052.24,0.0357,0.0,4,617044.0,15308.86,11415321.03,0,0,0,-1,Unclassified / General,0,unique,4316,0
FELODIPINE,2023,2024,649520.0,553520.0,12016127.4,18.5,21.71,4.0,627869.0,0.0345,535069.0,0.0345,11615589.82,0.0345,0.0,5,638694.5,15309.57,11815858.61,0,0,0,-1,Unclassified / General,0,unique,4316,0
ISRADIPINE,2018,2019,4787450.0,707450.0,7181175.0,1.5,10.15,3.0,4787450.0,0.0,707450.0,0.0,7181175.0,0.0,0.0,0,4787450.0,0.0,7181175.0,1,0,0,-1,Unclassified / General,0,unique,33910,0
ISRADIPINE,2019,2020,4978948.0,735748.0,7468422.0,1.5,10.15,3.0,4787450.0,0.04,707450.0,0.04,7181175.0,0.04,0.0,1,4883199.0,135409.53,7324798.5,0,0,0,-1,Unclassified / General,0,unique,33910,0
ISRADIPINE,2020,2021,5170446.0,764046.0,7755669.0,1.5,10.15,3.0,4978948.0,0.0385,735748.0,0.0385,7468422.0,0.0385,0.0,2,5074697.0,135409.53,7612045.5,0,0,0,-1,Unclassified / General,0,unique,33910,0
ISRADIPINE,2021,2022,5361944.0,792344.0,8042916.0,1.5,10.15,3.0,5170446.0,0.037,764046.0,0.037,7755669.0,0.037,0.0,3,5266195.0,135409.53,7899292.5,0,0,0,-1,Unclassified / General,0,unique,33910,0
ISRADIPINE,2022,2023,5553442.0,820642.0,8330163.0,1.5,10.15,3.0,5361944.0,0.0357,792344.0,0.0357,8042916.0,0.0357,0.0,4,5457693.0,135409.53,8186539.5,0,0,0,-1,Unclassified / General,0,unique,33910,0
ISRADIPINE,2023,2024,5744940.0,848940.0,8617410.0,1.5,10.15,3.0,5553442.0,0.0345,820642.0,0.0345,8330163.0,0.0345,0.0,5,5649191.0,135409.53,8473786.5,0,0,0,-1,Unclassified / General,0,unique,33910,0
CLEVIDIPINE,2018,2019,3789607.0,709607.0,32211659.5,8.5,45.39,8.0,3789607.0,0.0,709607.0,0.0,32211659.5,0.0,0.0,0,3789607.0,0.0,32211659.5,1,0,0,-1,Unclassified / General,0,unique,233603,0
CLEVIDIPINE,2019,2020,3941191.0,737991.0,33500125.88,8.5,45.39,8.0,3789607.0,0.04,709607.0,0.04,32211659.5,0.04,0.0,1,3865399.0,107186.07,32855892.69,0,0,0,-1,Unclassified / General,0,unique,233603,0
CLEVIDIPINE,2020,2021,4092775.0,766375.0,34788592.26,8.5,45.39,8.0,3941191.0,0.0385,737991.0,0.0385,33500125.88,0.0385,0.0,2,4016983.0,107186.07,34144359.07,0,0,0,-1,Unclassified / General,0,unique,233603,0
CLEVIDIPINE,2021,2022,4244359.0,794759.0,36077058.64,8.5,45.39,8.0,4092775.0,0.037,766375.0,0.037,34788592.26,0.037,0.0,3,4168567.0,107186.07,35432825.45,0,0,0,-1,Unclassified / General,0,unique,233603,0
CLEVIDIPINE,2022,2023,4395944.0,823144.0,37365525.02,8.5,45.39,8.0,4244359.0,0.0357,794759.0,0.0357,36077058.64,0.0357,0.0,4,4320151.5,107186.78,36721291.83,0,0,0,-1,Unclassified / General,0,unique,233603,0
CLEVIDIPINE,2023,2024,4547528.0,851528.0,38653991.4,8.5,45.39,8.0,4395944.0,0.0345,823144.0,0.0345,37365525.02,0.0345,0.0,5,4471736.0,107186.07,38009758.21,0,0,0,-1,Unclassified / General,0,unique,233603,0
NICARDIPINE,2018,2019,4915068.0,835068.0,95843826.0,19.5,114.77,5.0,4915068.0,0.0,835068.0,0.0,95843826.0,0.0,0.0,0,4915068.0,0.0,95843826.0,1,0,0,-1,Unclassified / General,0,unique,7396,0
NICARDIPINE,2019,2020,5111670.0,868470.0,99677579.04,19.5,114.77,5.0,4915068.0,0.04,835068.0,0.04,95843826.0,0.04,0.0,1,5013369.0,139018.61,97760702.52,0,0,0,-1,Unclassified / General,0,unique,7396,0
NICARDIPINE,2020,2021,5308273.0,901873.0,103511332.08,19.5,114.77,5.0,5111670.0,0.0385,868470.0,0.0385,99677579.04,0.0385,0.0,2,5209971.5,139019.31,101594455.56,0,0,0,-1,Unclassified / General,0,unique,7396,0
NICARDIPINE,2021,2022,5504876.0,935276.0,107345085.12,19.5,114.77,5.0,5308273.0,0.037,901873.0,0.037,103511332.08,0.037,0.0,3,5406574.5,139019.31,105428208.6,0,0,0,-1,Unclassified / General,0,unique,7396,0
NICARDIPINE,2022,2023,5701478.0,968678.0,111178838.16,19.5,114.77,5.0,5504876.0,0.0357,935276.0,0.0357,107345085.12,0.0357,0.0,4,5603177.0,139018.61,109261961.64,0,0,0,-1,Unclassified / General,0,unique,7396,0
NICARDIPINE,2023,2024,5898081.0,1002081.0,115012591.2,19.5,114.77,5.0,5701478.0,0.0345,968678.0,0.0345,111178838.16,0.0345,0.0,5,5799779.5,139019.31,113095714.68,0,0,0,-1,Unclassified / General,0,unique,7396,0
BUMETANIDE,2018,2019,4725748.0,645748.0,233924526.0,49.5,362.25,5.0,4725748.0,0.0,645748.0,0.0,233924526.0,0.0,0.0,0,4725748.0,0.0,233924526.0,1,12,1,0,Cardiovascular,0,unique,1808,0
BUMETANIDE,2019,2020,4914777.0,671577.0,243281507.04,49.5,362.25,5.0,4725748.0,0.04,645748.0,0.04,233924526.0,0.04,0.0,1,4820262.5,133663.69,238603016.52,0,12,1,1,Cardiovascular,0,unique,1808,0
BUMETANIDE,2020,2021,5103807.0,697407.0,252638488.08,49.5,362.25,5.0,4914777.0,0.0385,671577.0,0.0385,243281507.04,0.0385,0.0,2,5009292.0,133664.39,247959997.56,0,12,1,2,Cardiovascular,0,unique,1808,0
BUMETANIDE,2021,2022,5292837.0,723237.0,261995469.12,49.5,362.25,5.0,5103807.0,0.037,697407.0,0.037,252638488.08,0.037,0.0,3,5198322.0,133664.39,257316978.6,0,12,1,3,Cardiovascular,0,unique,1808,0
BUMETANIDE,2022,2023,5481867.0,749067.0,271352450.16,49.5,362.25,5.0,5292837.0,0.0357,723237.0,0.0357,261995469.12,0.0357,0.0,4,5387352.0,133664.39,266673959.64,0,12,1,4,Cardiovascular,0,unique,1808,0
BUMETANIDE,2023,2024,5670897.0,774897.0,280709431.2,49.5,362.25,5.0,5481867.0,0.0345,749067.0,0.0345,271352450.16,0.0345,0.0,5,5576382.0,133664.39,276030940.68,0,12,1,5,Cardiovascular,0,unique,1808,0
TORSEMIDE,2018,2019,3616081.0,536081.0,117522632.5,32.5,219.23,2.0,3616081.0,0.0,536081.0,0.0,117522632.5,0.0,0.0,0,3616081.0,0.0,117522632.5,1,0,0,-1,Unclassified / General,0,unique,38413,0
TORSEMIDE,2019,2020,3760724.0,557524.0,122223537.8,32.5,219.23,2.0,3616081.0,0.04,536081.0,0.04,117522632.5,0.04,0.0,1,3688402.5,102278.05,119873085.15,0,0,0,-1,Unclassified / General,0,unique,38413,0
TORSEMIDE,2020,2021,3905367.0,578967.0,126924443.1,32.5,219.23,2.0,3760724.0,0.0385,557524.0,0.0385,122223537.8,0.0385,0.0,2,3833045.5,102278.05,124573990.45,0,0,0,-1,Unclassified / General,0,unique,38413,0
TORSEMIDE,2021,2022,4050010.0,600410.0,131625348.4,32.5,219.23,2.0,3905367.0,0.037,578967.0,0.037,126924443.1,0.037,0.0,3,3977688.5,102278.05,129274895.75,0,0,0,-1,Unclassified / General,0,unique,38413,0
TORSEMIDE,2022,2023,4194653.0,621853.0,136326253.7,32.5,219.23,2.0,4050010.0,0.0357,600410.0,0.0357,131625348.4,0.0357,0.0,4,4122331.5,102278.05,133975801.05,0,0,0,-1,Unclassified / General,0,unique,38413,0
TORSEMIDE,2023,2024,4339297.0,643297.0,141027159.0,32.5,219.23,2.0,4194653.0,0.0345,621853.0,0.0345,136326253.7,0.0345,0.0,5,4266975.0,102278.75,138676706.35,0,0,0,-1,Unclassified / General,0,unique,38413,0
CHLORTHALIDONE,2018,2019,3944085.0,864085.0,143959102.5,36.5,166.6,6.0,3944085.0,0.0,864085.0,0.0,143959102.5,0.0,0.0,0,3944085.0,0.0,143959102.5,1,0,0,-1,Unclassified / General,0,unique,2409,0
CHLORTHALIDONE,2019,2020,4101848.0,898648.0,149717466.6,36.5,166.6,6.0,3944085.0,0.04,864085.0,0.04,143959102.5,0.04,0.0,1,4022966.5,111555.29,146838284.55,0,0,0,-1,Unclassified / General,0,unique,2409,0
CHLORTHALIDONE,2020,2021,4259611.0,933211.0,155475830.7,36.5,166.6,6.0,4101848.0,0.0385,898648.0,0.0385,149717466.6,0.0385,0.0,2,4180729.5,111555.29,152596648.65,0,0,0,-1,Unclassified / General,0,unique,2409,0
CHLORTHALIDONE,2021,2022,4417375.0,967775.0,161234194.8,36.5,166.6,6.0,4259611.0,0.037,933211.0,0.037,155475830.7,0.037,0.0,3,4338493.0,111555.99,158355012.75,0,0,0,-1,Unclassified / General,0,unique,2409,0
CHLORTHALIDONE,2022,2023,4575138.0,1002338.0,166992558.9,36.5,166.6,6.0,4417375.0,0.0357,967775.0,0.0357,161234194.8,0.0357,0.0,4,4496256.5,111555.29,164113376.85,0,0,0,-1,Unclassified / General,0,unique,2409,0
CHLORTHALIDONE,2023,2024,4732902.0,1036902.0,172750923.0,36.5,166.6,6.0,4575138.0,0.0345,1002338.0,0.0345,166992558.9,0.0345,0.0,5,4654020.0,111555.99,169871740.95,0,0,0,-1,Unclassified / General,0,unique,2409,0
INDAPAMIDE,2018,2019,1888019.0,808019.0,38704389.5,20.5,47.9,4.0,1888019.0,0.0,808019.0,0.0,38704389.5,0.0,0.0,0,1888019.0,0.0,38704389.5,1,0,0,-1,Unclassified / General,0,unique,5764,0
INDAPAMIDE,2019,2020,1963539.0,840339.0,40252565.08,20.5,47.9,4.0,1888019.0,0.04,808019.0,0.04,38704389.5,0.04,0.0,1,1925779.0,53400.7,39478477.29,0,0,0,-1,Unclassified / General,0,unique,5764,0
INDAPAMIDE,2020,2021,2039060.0,872660.0,41800740.66,20.5,47.9,4.0,1963539.0,0.0385,840339.0,0.0385,40252565.08,0.0385,0.0,2,2001299.5,53401.41,41026652.87,0,0,0,-1,Unclassified / General,0,unique,5764,0
INDAPAMIDE,2021,2022,2114581.0,904981.0,43348916.24,20.5,47.9,4.0,2039060.0,0.037,872660.0,0.037,41800740.66,0.037,0.0,3,2076820.5,53401.41,42574828.45,0,0,0,-1,Unclassified / General,0,unique,5764,0
INDAPAMIDE,2022,2023,2190102.0,937302.0,44897091.82,20.5,47.9,4.0,2114581.0,0.0357,904981.0,0.0357,43348916.24,0.0357,0.0,4,2152341.5,53401.41,44123004.03,0,0,0,-1,Unclassified / General,0,unique,5764,0
INDAPAMIDE,2023,2024,2265622.0,969622.0,46445267.4,20.5,47.9,4.0,2190102.0,0.0345,937302.0,0.0345,44897091.82,0.0345,0.0,5,2227862.0,53400.7,45671179.61,0,0,0,-1,Unclassified / General,0,unique,5764,0
TRIAMTERENE,2018,2019,4060723.0,980723.0,99487713.5,24.5,101.44,4.0,4060723.0,0.0,980723.0,0.0,99487713.5,0.0,0.0,0,4060723.0,0.0,99487713.5,1,0,0,-1,Unclassified / General,0,unique,10763,0
TRIAMTERENE,2019,2020,4223151.0,1019951.0,103467222.04,24.5,101.44,4.0,4060723.0,0.04,980723.0,0.04,99487713.5,0.04,0.0,1,4141937.0,114853.94,101477467.77,0,0,0,-1,Unclassified / General,0,unique,10763,0
TRIAMTERENE,2020,2021,4385580.0,1059180.0,107446730.58,24.5,101.44,4.0,4223151.0,0.0385,1019951.0,0.0385,103467222.04,0.0385,0.0,2,4304365.5,114854.65,105456976.31,0,0,0,-1,Unclassified / General,0,unique,10763,0
TRIAMTERENE,2021,2022,4548009.0,1098409.0,111426239.12,24.5,101.44,4.0,4385580.0,0.037,1059180.0,0.037,107446730.58,0.037,0.0,3,4466794.5,114854.65,109436484.85,0,0,0,-1,Unclassified / General,0,unique,10763,0
TRIAMTERENE,2022,2023,4710438.0,1137638.0,115405747.66,24.5,101.44,4.0,4548009.0,0.0357,1098409.0,0.0357,111426239.12,0.0357,0.0,4,4629223.5,114854.65,113415993.39,0,0,0,-1,Unclassified / General,0,unique,10763,0
TRIAMTERENE,2023,2024,4872867.0,1176867.0,119385256.2,24.5,101.44,4.0,4710438.0,0.0345,1137638.0,0.0345,115405747.66,0.0345,0.0,5,4791652.5,114854.65,117395501.93,0,0,0,-1,Unclassified / General,0,unique,10763,0
EPLERENONE,2018,2019,524563.0,444563.0,7606163.5,14.5,17.11,4.0,524563.0,0.0,444563.0,0.0,7606163.5,0.0,0.0,0,524563.0,0.0,7606163.5,1,0,0,-1,Unclassified / General,0,unique,298869,0
EPLERENONE,2019,2020,545545.0,462345.0,7910410.04,14.5,17.11,4.0,524563.0,0.04,444563.0,0.04,7606163.5,0.04,0.0,1,535054.0,14836.51,7758286.77,0,0,0,-1,Unclassified / General,0,unique,298869,0
EPLERENONE,2020,2021,566528.0,480128.0,8214656.58,14.5,17.11,4.0,545545.0,0.0385,462345.0,0.0385,7910410.04,0.0385,0.0,2,556036.5,14837.22,8062533.31,0,0,0,-1,Unclassified / General,0,unique,298869,0
EPLERENONE,2021,2022,587510.0,497910.0,8518903.12,14.5,17.11,4.0,566528.0,0.037,480128.0,0.037,8214656.58,0.037,0.0,3,577019.0,14836.51,8366779.85,0,0,0,-1,Unclassified / General,0,unique,298869,0
EPLERENONE,2022,2023,608493.0,515693.0,8823149.66,14.5,17.11,4.0,587510.0,0.0357,497910.0,0.0357,8518903.12,0.0357,0.0,4,598001.5,14837.22,8671026.39,0,0,0,-1,Unclassified / General,0,unique,298869,0
EPLERENONE,2023,2024,629475.0,533475.0,9127396.2,14.5,17.11,4.0,608493.0,0.0345,515693.0,0.0345,8823149.66,0.0345,0.0,5,618984.0,14836.51,8975272.93,0,0,0,-1,Unclassified / General,0,unique,298869,0
LOVASTATIN,2018,2019,1175402.0,95402.0,4113907.0,3.5,43.12,3.0,1175402.0,0.0,95402.0,0.0,4113907.0,0.0,0.0,0,1175402.0,0.0,4113907.0,1,0,0,-1,Unclassified / General,0,unique,6472,0
LOVASTATIN,2019,2020,1222418.0,99218.0,4278463.28,3.5,43.12,3.0,1175402.0,0.04,95402.0,0.04,4113907.0,0.04,0.0,1,1198910.0,33245.33,4196185.14,0,0,0,-1,Unclassified / General,0,unique,6472,0
LOVASTATIN,2020,2021,1269434.0,103034.0,4443019.56,3.5,43.12,3.0,1222418.0,0.0385,99218.0,0.0385,4278463.28,0.0385,0.0,2,1245926.0,33245.33,4360741.42,0,0,0,-1,Unclassified / General,0,unique,6472,0
LOVASTATIN,2021,2022,1316450.0,106850.0,4607575.84,3.5,43.12,3.0,1269434.0,0.037,103034.0,0.037,4443019.56,0.037,0.0,3,1292942.0,33245.33,4525297.7,0,0,0,-1,Unclassified / General,0,unique,6472,0
LOVASTATIN,2022,2023,1363466.0,110666.0,4772132.12,3.5,43.12,3.0,1316450.0,0.0357,106850.0,0.0357,4607575.84,0.0357,0.0,4,1339958.0,33245.33,4689853.98,0,0,0,-1,Unclassified / General,0,unique,6472,0
LOVASTATIN,2023,2024,1410482.0,114482.0,4936688.4,3.5,43.12,3.0,1363466.0,0.0345,110666.0,0.0345,4772132.12,0.0345,0.0,5,1386974.0,33245.33,4854410.26,0,0,0,-1,Unclassified / General,0,unique,6472,0
TICAGRELOR,2018,2019,2483797.0,403797.0,120464154.5,48.5,298.33,6.0,2483797.0,0.0,403797.0,0.0,120464154.5,0.0,0.0,0,2483797.0,0.0,120464154.5,1,0,0,-1,Unclassified / General,0,unique,1116632,0
TICAGRELOR,2019,2020,2583148.0,419948.0,125282720.68,48.5,298.33,6.0,2483797.0,0.04,403797.0,0.04,120464154.5,0.04,0.0,1,2533472.5,70251.77,122873437.59,0,0,0,-1,Unclassified / General,0,unique,1116632,0
TICAGRELOR,2020,2021,2682500.0,436100.0,130101286.86,48.5,298.33,6.0,2583148.0,0.0385,419948.0,0.0385,125282720.68,0.0385,0.0,2,2632824.0,70252.47,127692003.77,0,0,0,-1,Unclassified / General,0,unique,1116632,0
TICAGRELOR,2021,2022,2781852.0,452252.0,134919853.04,48.5,298.33,6.0,2682500.0,0.037,436100.0,0.037,130101286.86,0.037,0.0,3,2732176.0,70252.47,132510569.95,0,0,0,-1,Unclassified / General,0,unique,1116632,0
TICAGRELOR,2022,2023,2881204.0,468404.0,139738419.22,48.5,298.33,6.0,2781852.0,0.0357,452252.0,0.0357,134919853.04,0.0357,0.0,4,2831528.0,70252.47,137329136.13,0,0,0,-1,Unclassified / General,0,unique,1116632,0
TICAGRELOR,2023,2024,2980556.0,484556.0,144556985.4,48.5,298.33,6.0,2881204.0,0.0345,468404.0,0.0345,139738419.22,0.0345,0.0,5,2930880.0,70252.47,142147702.31,0,0,0,-1,Unclassified / General,0,unique,1116632,0
PRASUGREL,2018,2019,4756786.0,676786.0,178379475.0,37.5,263.57,3.0,4756786.0,0.0,676786.0,0.0,178379475.0,0.0,0.0,0,4756786.0,0.0,178379475.0,1,0,0,-1,Unclassified / General,0,unique,613391,0
PRASUGREL,2019,2020,4947057.0,703857.0,185514654.0,37.5,263.57,3.0,4756786.0,0.04,676786.0,0.04,178379475.0,0.04,0.0,1,4851921.5,134541.91,181947064.5,0,0,0,-1,Unclassified / General,0,unique,613391,0
PRASUGREL,2020,2021,5137328.0,730928.0,192649833.0,37.5,263.57,3.0,4947057.0,0.0385,703857.0,0.0385,185514654.0,0.0385,0.0,2,5042192.5,134541.91,189082243.5,0,0,0,-1,Unclassified / General,0,unique,613391,0
PRASUGREL,2021,2022,5327600.0,758000.0,199785012.0,37.5,263.57,3.0,5137328.0,0.037,730928.0,0.037,192649833.0,0.037,0.0,3,5232464.0,134542.62,196217422.5,0,0,0,-1,Unclassified / General,0,unique,613391,0
PRASUGREL,2022,2023,5517871.0,785071.0,206920191.0,37.5,263.57,3.0,5327600.0,0.0357,758000.0,0.0357,199785012.0,0.0357,0.0,4,5422735.5,134541.91,203352601.5,0,0,0,-1,Unclassified / General,0,unique,613391,0
PRASUGREL,2023,2024,5708143.0,812143.0,214055370.0,37.5,263.57,3.0,5517871.0,0.0345,785071.0,0.0345,206920191.0,0.0345,0.0,5,5613007.0,134542.62,210487780.5,0,0,0,-1,Unclassified / General,0,unique,613391,0
EDOXABAN,2018,2019,3098582.0,1018582.0,103802497.0,33.5,101.91,7.0,3098582.0,0.0,1018582.0,0.0,103802497.0,0.0,0.0,0,3098582.0,0.0,103802497.0,1,0,0,-1,Unclassified / General,0,unique,1599538,0
EDOXABAN,2019,2020,3222525.0,1059325.0,107954596.88,33.5,101.91,7.0,3098582.0,0.04,1018582.0,0.04,103802497.0,0.04,0.0,1,3160553.5,87640.94,105878546.94,0,0,0,-1,Unclassified / General,0,unique,1599538,0
EDOXABAN,2020,2021,3346468.0,1100068.0,112106696.76,33.5,101.91,7.0,3222525.0,0.0385,1059325.0,0.0385,107954596.88,0.0385,0.0,2,3284496.5,87640.94,110030646.82,0,0,0,-1,Unclassified / General,0,unique,1599538,0
EDOXABAN,2021,2022,3470411.0,1140811.0,116258796.64,33.5,101.91,7.0,3346468.0,0.037,1100068.0,0.037,112106696.76,0.037,0.0,3,3408439.5,87640.94,114182746.7,0,0,0,-1,Unclassified / General,0,unique,1599538,0
EDOXABAN,2022,2023,3594355.0,1181555.0,120410896.52,33.5,101.91,7.0,3470411.0,0.0357,1140811.0,0.0357,116258796.64,0.0357,0.0,4,3532383.0,87641.64,118334846.58,0,0,0,-1,Unclassified / General,0,unique,1599538,0
EDOXABAN,2023,2024,3718298.0,1222298.0,124562996.4,33.5,101.91,7.0,3594355.0,0.0345,1181555.0,0.0345,120410896.52,0.0345,0.0,5,3656326.5,87640.94,122486946.46,0,0,0,-1,Unclassified / General,0,unique,1599538,0
DABIGATRAN,2018,2019,4179231.0,99231.0,135825007.5,32.5,1368.78,8.0,4179231.0,0.0,99231.0,0.0,135825007.5,0.0,0.0,0,4179231.0,0.0,135825007.5,1,0,0,-1,Unclassified / General,0,unique,1546356,0
DABIGATRAN,2019,2020,4346400.0,103200.0,141258007.8,32.5,1368.78,8.0,4179231.0,0.04,99231.0,0.04,135825007.5,0.04,0.0,1,4262815.5,118206.33,138541507.65,0,0,0,-1,Unclassified / General,0,unique,1546356,0
DABIGATRAN,2020,2021,4513569.0,107169.0,146691008.1,32.5,1368.78,8.0,4346400.0,0.0385,103200.0,0.0385,141258007.8,0.0385,0.0,2,4429984.5,118206.33,143974507.95,0,0,0,-1,Unclassified / General,0,unique,1546356,0
DABIGATRAN,2021,2022,4680738.0,111138.0,152124008.4,32.5,1368.78,8.0,4513569.0,0.037,107169.0,0.037,146691008.1,0.037,0.0,3,4597153.5,118206.33,149407508.25,0,0,0,-1,Unclassified / General,0,unique,1546356,0
DABIGATRAN,2022,2023,4847907.0,115107.0,157557008.7,32.5,1368.79,8.0,4680738.0,0.0357,111138.0,0.0357,152124008.4,0.0357,0.0,4,4764322.5,118206.33,154840508.55,0,0,0,-1,Unclassified / General,0,unique,1546356,0
DABIGATRAN,2023,2024,5015077.0,119077.0,162990009.0,32.5,1368.78,8.0,4847907.0,0.0345,115107.0,0.0345,157557008.7,0.0345,0.0,5,4931492.0,118207.04,160273508.85,0,0,0,-1,Unclassified / General,0,unique,1546356,0
SOTALOL,2018,2019,1400494.0,320494.0,63722477.0,45.5,198.83,7.0,1400494.0,0.0,320494.0,0.0,63722477.0,0.0,0.0,0,1400494.0,0.0,63722477.0,1,0,0,-1,Unclassified / General,0,unique,9947,0
SOTALOL,2019,2020,1456513.0,333313.0,66271376.08,45.5,198.83,7.0,1400494.0,0.04,320494.0,0.04,63722477.0,0.04,0.0,1,1428503.5,39611.41,64996926.54,0,0,0,-1,Unclassified / General,0,unique,9947,0
SOTALOL,2020,2021,1512533.0,346133.0,68820275.16,45.5,198.83,7.0,1456513.0,0.0385,333313.0,0.0385,66271376.08,0.0385,0.0,2,1484523.0,39612.12,67545825.62,0,0,0,-1,Unclassified / General,0,unique,9947,0
SOTALOL,2021,2022,1568553.0,358953.0,71369174.24,45.5,198.83,7.0,1512533.0,0.037,346133.0,0.037,68820275.16,0.037,0.0,3,1540543.0,39612.12,70094724.7,0,0,0,-1,Unclassified / General,0,unique,9947,0
SOTALOL,2022,2023,1624573.0,371773.0,73918073.32,45.5,198.83,7.0,1568553.0,0.0357,358953.0,0.0357,71369174.24,0.0357,0.0,4,1596563.0,39612.12,72643623.78,0,0,0,-1,Unclassified / General,0,unique,9947,0
SOTALOL,2023,2024,1680592.0,384592.0,76466972.4,45.5,198.83,7.0,1624573.0,0.0345,371773.0,0.0345,73918073.32,0.0345,0.0,5,1652582.5,39611.41,75192522.86,0,0,0,-1,Unclassified / General,0,unique,9947,0
DRONEDARONE,2018,2019,1663782.0,583782.0,55736697.0,33.5,95.48,7.0,1663782.0,0.0,583782.0,0.0,55736697.0,0.0,0.0,0,1663782.0,0.0,55736697.0,1,0,0,-1,Unclassified / General,0,unique,233698,0
DRONEDARONE,2019,2020,1730333.0,607133.0,57966164.88,33.5,95.48,7.0,1663782.0,0.04,583782.0,0.04,55736697.0,0.04,0.0,1,1697057.5,47058.66,56851430.94,0,0,0,-1,Unclassified / General,0,unique,233698,0
DRONEDARONE,2020,2021,1796884.0,630484.0,60195632.76,33.5,95.48,7.0,1730333.0,0.0385,607133.0,0.0385,57966164.88,0.0385,0.0,2,1763608.5,47058.66,59080898.82,0,0,0,-1,Unclassified / General,0,unique,233698,0
DRONEDARONE,2021,2022,1863435.0,653835.0,62425100.64,33.5,95.48,7.0,1796884.0,0.037,630484.0,0.037,60195632.76,0.037,0.0,3,1830159.5,47058.66,61310366.7,0,0,0,-1,Unclassified / General,0,unique,233698,0
DRONEDARONE,2022,2023,1929987.0,677187.0,64654568.52,33.5,95.48,7.0,1863435.0,0.0357,653835.0,0.0357,62425100.64,0.0357,0.0,4,1896711.0,47059.37,63539834.58,0,0,0,-1,Unclassified / General,0,unique,233698,0
DRONEDARONE,2023,2024,1996538.0,700538.0,66884036.4,33.5,95.48,7.0,1929987.0,0.0345,677187.0,0.0345,64654568.52,0.0345,0.0,5,1963262.5,47058.66,65769302.46,0,0,0,-1,Unclassified / General,0,unique,233698,0
DOBUTAMINE,2018,2019,4444209.0,364209.0,46664194.5,10.5,128.12,2.0,4444209.0,0.0,364209.0,0.0,46664194.5,0.0,0.0,0,4444209.0,0.0,46664194.5,1,10,1,1,Cardiovascular,0,unique,3616,0
DOBUTAMINE,2019,2020,4621977.0,378777.0,48530762.28,10.5,128.12,2.0,4444209.0,0.04,364209.0,0.04,46664194.5,0.04,0.0,1,4533093.0,125700.96,47597478.39,0,10,1,2,Cardiovascular,0,unique,3616,0
DOBUTAMINE,2020,2021,4799745.0,393345.0,50397330.06,10.5,128.13,2.0,4621977.0,0.0385,378777.0,0.0385,48530762.28,0.0385,0.0,2,4710861.0,125700.96,49464046.17,0,10,1,3,Cardiovascular,0,unique,3616,0
DOBUTAMINE,2021,2022,4977514.0,407914.0,52263897.84,10.5,128.12,2.0,4799745.0,0.037,393345.0,0.037,50397330.06,0.037,0.0,3,4888629.5,125701.67,51330613.95,0,10,1,4,Cardiovascular,0,unique,3616,0
DOBUTAMINE,2022,2023,5155282.0,422482.0,54130465.62,10.5,128.12,2.0,4977514.0,0.0357,407914.0,0.0357,52263897.84,0.0357,0.0,4,5066398.0,125700.96,53197181.73,0,10,1,5,Cardiovascular,0,unique,3616,0
DOBUTAMINE,2023,2024,5333050.0,437050.0,55997033.4,10.5,128.13,2.0,5155282.0,0.0345,422482.0,0.0345,54130465.62,0.0345,0.0,5,5244166.0,125700.96,55063749.51,0,10,1,6,Cardiovascular,0,unique,3616,0
DOPAMINE,2018,2019,561033.0,481033.0,19355638.5,34.5,40.24,2.0,561033.0,0.0,481033.0,0.0,19355638.5,0.0,0.0,0,561033.0,0.0,19355638.5,1,11,1,1,Cardiovascular,0,unique,3628,0
DOPAMINE,2019,2020,583474.0,500274.0,20129864.04,34.5,40.24,2.0,561033.0,0.04,481033.0,0.04,19355638.5,0.04,0.0,1,572253.5,15868.18,19742751.27,0,11,1,2,Cardiovascular,0,unique,3628,0
DOPAMINE,2020,2021,605915.0,519515.0,20904089.58,34.5,40.24,2.0,583474.0,0.0385,500274.0,0.0385,20129864.04,0.0385,0.0,2,594694.5,15868.18,20516976.81,0,11,1,3,Cardiovascular,0,unique,3628,0
DOPAMINE,2021,2022,628356.0,538756.0,21678315.12,34.5,40.24,2.0,605915.0,0.037,519515.0,0.037,20904089.58,0.037,0.0,3,617135.5,15868.18,21291202.35,0,11,1,4,Cardiovascular,0,unique,3628,0
DOPAMINE,2022,2023,650798.0,557998.0,22452540.66,34.5,40.24,2.0,628356.0,0.0357,538756.0,0.0357,21678315.12,0.0357,0.0,4,639577.0,15868.89,22065427.89,0,11,1,5,Cardiovascular,0,unique,3628,0
DOPAMINE,2023,2024,673239.0,577239.0,23226766.2,34.5,40.24,2.0,650798.0,0.0345,557998.0,0.0345,22452540.66,0.0345,0.0,5,662018.5,15868.18,22839653.43,0,11,1,6,Cardiovascular,0,unique,3628,0
MILRINONE,2018,2019,4686706.0,606706.0,35150295.0,7.5,57.94,3.0,4686706.0,0.0,606706.0,0.0,35150295.0,0.0,0.0,0,4686706.0,0.0,35150295.0,1,0,0,-1,Unclassified / General,0,unique,52769,0
MILRINONE,2019,2020,4874174.0,630974.0,36556306.8,7.5,57.94,3.0,4686706.0,0.04,606706.0,0.04,35150295.0,0.04,0.0,1,4780440.0,132559.89,35853300.9,0,0,0,-1,Unclassified / General,0,unique,52769,0
MILRINONE,2020,2021,5061642.0,655242.0,37962318.6,7.5,57.94,3.0,4874174.0,0.0385,630974.0,0.0385,36556306.8,0.0385,0.0,2,4967908.0,132559.89,37259312.7,0,0,0,-1,Unclassified / General,0,unique,52769,0
MILRINONE,2021,2022,5249110.0,679510.0,39368330.4,7.5,57.94,3.0,5061642.0,0.037,655242.0,0.037,37962318.6,0.037,0.0,3,5155376.0,132559.89,38665324.5,0,0,0,-1,Unclassified / General,0,unique,52769,0
MILRINONE,2022,2023,5436578.0,703778.0,40774342.2,7.5,57.94,3.0,5249110.0,0.0357,679510.0,0.0357,39368330.4,0.0357,0.0,4,5342844.0,132559.89,40071336.3,0,0,0,-1,Unclassified / General,0,unique,52769,0
MILRINONE,2023,2024,5624047.0,728047.0,42180354.0,7.5,57.94,3.0,5436578.0,0.0345,703778.0,0.0345,40774342.2,0.0345,0.0,5,5530312.5,132560.6,41477348.1,0,0,0,-1,Unclassified / General,0,unique,52769,0
LEVOSIMENDAN,2018,2019,2069452.0,989452.0,7243082.0,3.5,7.32,5.0,2069452.0,0.0,989452.0,0.0,7243082.0,0.0,0.0,0,2069452.0,0.0,7243082.0,1,0,0,-1,Unclassified / General,0,unique,73107,0
LEVOSIMENDAN,2019,2020,2152230.0,1029030.0,7532805.28,3.5,7.32,5.0,2069452.0,0.04,989452.0,0.04,7243082.0,0.04,0.0,1,2110841.0,58532.89,7387943.64,0,0,0,-1,Unclassified / General,0,unique,73107,0
LEVOSIMENDAN,2020,2021,2235008.0,1068608.0,7822528.56,3.5,7.32,5.0,2152230.0,0.0385,1029030.0,0.0385,7532805.28,0.0385,0.0,2,2193619.0,58532.89,7677666.92,0,0,0,-1,Unclassified / General,0,unique,73107,0
LEVOSIMENDAN,2021,2022,2317786.0,1108186.0,8112251.84,3.5,7.32,5.0,2235008.0,0.037,1068608.0,0.037,7822528.56,0.037,0.0,3,2276397.0,58532.89,7967390.2,0,0,0,-1,Unclassified / General,0,unique,73107,0
LEVOSIMENDAN,2022,2023,2400564.0,1147764.0,8401975.12,3.5,7.32,5.0,2317786.0,0.0357,1108186.0,0.0357,8112251.84,0.0357,0.0,4,2359175.0,58532.89,8257113.48,0,0,0,-1,Unclassified / General,0,unique,73107,0
LEVOSIMENDAN,2023,2024,2483342.0,1187342.0,8691698.4,3.5,7.32,5.0,2400564.0,0.0345,1147764.0,0.0345,8401975.12,0.0345,0.0,5,2441953.0,58532.89,8546836.76,0,0,0,-1,Unclassified / General,0,unique,73107,0
PHENTOLAMINE,2018,2019,3648232.0,568232.0,122215772.0,33.5,215.08,1.0,3648232.0,0.0,568232.0,0.0,122215772.0,0.0,0.0,0,3648232.0,0.0,122215772.0,1,0,0,-1,Unclassified / General,1,unique,8153,0
PHENTOLAMINE,2019,2020,3794161.0,590961.0,127104402.88,33.5,215.08,1.0,3648232.0,0.04,568232.0,0.04,122215772.0,0.04,0.0,1,3721196.5,103187.39,124660087.44,0,0,0,-1,Unclassified / General,1,unique,8153,0
PHENTOLAMINE,2020,2021,3940090.0,613690.0,131993033.76,33.5,215.08,1.0,3794161.0,0.0385,590961.0,0.0385,127104402.88,0.0385,0.0,2,3867125.5,103187.39,129548718.32,0,0,0,-1,Unclassified / General,1,unique,8153,0
PHENTOLAMINE,2021,2022,4086019.0,636419.0,136881664.64,33.5,215.08,1.0,3940090.0,0.037,613690.0,0.037,131993033.76,0.037,0.0,3,4013054.5,103187.39,134437349.2,0,0,0,-1,Unclassified / General,1,unique,8153,0
PHENTOLAMINE,2022,2023,4231949.0,659149.0,141770295.52,33.5,215.08,1.0,4086019.0,0.0357,636419.0,0.0357,136881664.64,0.0357,0.0,4,4158984.0,103188.09,139325980.08,0,0,0,-1,Unclassified / General,1,unique,8153,0
PHENTOLAMINE,2023,2024,4377878.0,681878.0,146658926.4,33.5,215.08,1.0,4231949.0,0.0345,659149.0,0.0345,141770295.52,0.0345,0.0,5,4304913.5,103187.39,144214610.96,0,0,0,-1,Unclassified / General,1,unique,8153,0
SERTRALINE,2018,2019,2248976.0,168976.0,61846840.0,27.5,366.01,1.0,2248976.0,0.0,168976.0,0.0,61846840.0,0.0,0.0,0,2248976.0,0.0,61846840.0,1,0,0,-1,Unclassified / General,1,unique,36437,0
SERTRALINE,2019,2020,2338935.0,175735.0,64320713.6,27.5,366.01,1.0,2248976.0,0.04,168976.0,0.04,61846840.0,0.04,0.0,1,2293955.5,63610.62,63083776.8,0,0,0,-1,Unclassified / General,1,unique,36437,0
SERTRALINE,2020,2021,2428894.0,182494.0,66794587.2,27.5,366.01,1.0,2338935.0,0.0385,175735.0,0.0385,64320713.6,0.0385,0.0,2,2383914.5,63610.62,65557650.4,0,0,0,-1,Unclassified / General,1,unique,36437,0
SERTRALINE,2021,2022,2518853.0,189253.0,69268460.8,27.5,366.01,1.0,2428894.0,0.037,182494.0,0.037,66794587.2,0.037,0.0,3,2473873.5,63610.62,68031524.0,0,0,0,-1,Unclassified / General,1,unique,36437,0
SERTRALINE,2022,2023,2608812.0,196012.0,71742334.4,27.5,366.01,1.0,2518853.0,0.0357,189253.0,0.0357,69268460.8,0.0357,0.0,4,2563832.5,63610.62,70505397.6,0,0,0,-1,Unclassified / General,1,unique,36437,0
SERTRALINE,2023,2024,2698771.0,202771.0,74216208.0,27.5,366.01,1.0,2608812.0,0.0345,196012.0,0.0345,71742334.4,0.0345,0.0,5,2653791.5,63610.62,72979271.2,0,0,0,-1,Unclassified / General,1,unique,36437,0
GABAPENTIN,2018,2019,3498861.0,418861.0,43735762.5,12.5,104.42,6.0,3498861.0,0.0,418861.0,0.0,43735762.5,0.0,0.0,0,3498861.0,0.0,43735762.5,1,0,0,-1,Unclassified / General,0,unique,25480,0
GABAPENTIN,2019,2020,3638815.0,435615.0,45485193.0,12.5,104.42,6.0,3498861.0,0.04,418861.0,0.04,43735762.5,0.04,0.0,1,3568838.0,98962.42,44610477.75,0,0,0,-1,Unclassified / General,0,unique,25480,0
GABAPENTIN,2020,2021,3778769.0,452369.0,47234623.5,12.5,104.42,6.0,3638815.0,0.0385,435615.0,0.0385,45485193.0,0.0385,0.0,2,3708792.0,98962.42,46359908.25,0,0,0,-1,Unclassified / General,0,unique,25480,0
GABAPENTIN,2021,2022,3918724.0,469124.0,48984054.0,12.5,104.42,6.0,3778769.0,0.037,452369.0,0.037,47234623.5,0.037,0.0,3,3848746.5,98963.13,48109338.75,0,0,0,-1,Unclassified / General,0,unique,25480,0
GABAPENTIN,2022,2023,4058678.0,485878.0,50733484.5,12.5,104.42,6.0,3918724.0,0.0357,469124.0,0.0357,48984054.0,0.0357,0.0,4,3988701.0,98962.42,49858769.25,0,0,0,-1,Unclassified / General,0,unique,25480,0
GABAPENTIN,2023,2024,4198633.0,502633.0,52482915.0,12.5,104.42,6.0,4058678.0,0.0345,485878.0,0.0345,50733484.5,0.0345,0.0,5,4128655.5,98963.13,51608199.75,0,0,0,-1,Unclassified / General,0,unique,25480,0
TRAMADOL,2018,2019,3602810.0,522810.0,41432315.0,11.5,79.25,3.0,3602810.0,0.0,522810.0,0.0,41432315.0,0.0,0.0,0,3602810.0,0.0,41432315.0,1,0,0,-1,Unclassified / General,0,unique,10689,0
TRAMADOL,2019,2020,3746922.0,543722.0,43089607.6,11.5,79.25,3.0,3602810.0,0.04,522810.0,0.04,41432315.0,0.04,0.0,1,3674866.0,101902.57,42260961.3,0,0,0,-1,Unclassified / General,0,unique,10689,0
TRAMADOL,2020,2021,3891034.0,564634.0,44746900.2,11.5,79.25,3.0,3746922.0,0.0385,543722.0,0.0385,43089607.6,0.0385,0.0,2,3818978.0,101902.57,43918253.9,0,0,0,-1,Unclassified / General,0,unique,10689,0
TRAMADOL,2021,2022,4035147.0,585547.0,46404192.8,11.5,79.25,3.0,3891034.0,0.037,564634.0,0.037,44746900.2,0.037,0.0,3,3963090.5,101903.28,45575546.5,0,0,0,-1,Unclassified / General,0,unique,10689,0
TRAMADOL,2022,2023,4179259.0,606459.0,48061485.4,11.5,79.25,3.0,4035147.0,0.0357,585547.0,0.0357,46404192.8,0.0357,0.0,4,4107203.0,101902.57,47232839.1,0,0,0,-1,Unclassified / General,0,unique,10689,0
TRAMADOL,2023,2024,4323372.0,627372.0,49718778.0,11.5,79.25,3.0,4179259.0,0.0345,606459.0,0.0345,48061485.4,0.0345,0.0,5,4251315.5,101903.28,48890131.7,0,0,0,-1,Unclassified / General,0,unique,10689,0
DULOXETINE,2018,2019,1694068.0,614068.0,33034326.0,19.5,53.8,5.0,1694068.0,0.0,614068.0,0.0,33034326.0,0.0,0.0,0,1694068.0,0.0,33034326.0,1,0,0,-1,Unclassified / General,0,unique,72625,0
DULOXETINE,2019,2020,1761830.0,638630.0,34355699.04,19.5,53.8,5.0,1694068.0,0.04,614068.0,0.04,33034326.0,0.04,0.0,1,1727949.0,47914.97,33695012.52,0,0,0,-1,Unclassified / General,0,unique,72625,0
DULOXETINE,2020,2021,1829593.0,663193.0,35677072.08,19.5,53.8,5.0,1761830.0,0.0385,638630.0,0.0385,34355699.04,0.0385,0.0,2,1795711.5,47915.68,35016385.56,0,0,0,-1,Unclassified / General,0,unique,72625,0
DULOXETINE,2021,2022,1897356.0,687756.0,36998445.12,19.5,53.8,5.0,1829593.0,0.037,663193.0,0.037,35677072.08,0.037,0.0,3,1863474.5,47915.68,36337758.6,0,0,0,-1,Unclassified / General,0,unique,72625,0
DULOXETINE,2022,2023,1965118.0,712318.0,38319818.16,19.5,53.8,5.0,1897356.0,0.0357,687756.0,0.0357,36998445.12,0.0357,0.0,4,1931237.0,47914.97,37659131.64,0,0,0,-1,Unclassified / General,0,unique,72625,0
DULOXETINE,2023,2024,2032881.0,736881.0,39641191.2,19.5,53.8,5.0,1965118.0,0.0345,712318.0,0.0345,38319818.16,0.0345,0.0,5,1998999.5,47915.68,38980504.68,0,0,0,-1,Unclassified / General,0,unique,72625,0
ESCITALOPRAM,2018,2019,1837754.0,757754.0,10107647.0,5.5,13.34,3.0,1837754.0,0.0,757754.0,0.0,10107647.0,0.0,0.0,0,1837754.0,0.0,10107647.0,1,0,0,-1,Unclassified / General,0,unique,321988,0
ESCITALOPRAM,2019,2020,1911264.0,788064.0,10511952.88,5.5,13.34,3.0,1837754.0,0.04,757754.0,0.04,10107647.0,0.04,0.0,1,1874509.0,51979.42,10309799.94,0,0,0,-1,Unclassified / General,0,unique,321988,0
ESCITALOPRAM,2020,2021,1984774.0,818374.0,10916258.76,5.5,13.34,3.0,1911264.0,0.0385,788064.0,0.0385,10511952.88,0.0385,0.0,2,1948019.0,51979.42,10714105.82,0,0,0,-1,Unclassified / General,0,unique,321988,0
ESCITALOPRAM,2021,2022,2058284.0,848684.0,11320564.64,5.5,13.34,3.0,1984774.0,0.037,818374.0,0.037,10916258.76,0.037,0.0,3,2021529.0,51979.42,11118411.7,0,0,0,-1,Unclassified / General,0,unique,321988,0
ESCITALOPRAM,2022,2023,2131794.0,878994.0,11724870.52,5.5,13.34,3.0,2058284.0,0.0357,848684.0,0.0357,11320564.64,0.0357,0.0,4,2095039.0,51979.42,11522717.58,0,0,0,-1,Unclassified / General,0,unique,321988,0
ESCITALOPRAM,2023,2024,2205304.0,909304.0,12129176.4,5.5,13.34,3.0,2131794.0,0.0345,878994.0,0.0345,11724870.52,0.0345,0.0,5,2168549.0,51979.42,11927023.46,0,0,0,-1,Unclassified / General,0,unique,321988,0
CITALOPRAM,2018,2019,1834964.0,754964.0,28441942.0,15.5,37.67,5.0,1834964.0,0.0,754964.0,0.0,28441942.0,0.0,0.0,0,1834964.0,0.0,28441942.0,1,0,0,-1,Unclassified / General,0,unique,2556,0
CITALOPRAM,2019,2020,1908362.0,785162.0,29579619.68,15.5,37.67,5.0,1834964.0,0.04,754964.0,0.04,28441942.0,0.04,0.0,1,1871663.0,51900.22,29010780.84,0,0,0,-1,Unclassified / General,0,unique,2556,0
CITALOPRAM,2020,2021,1981761.0,815361.0,30717297.36,15.5,37.67,5.0,1908362.0,0.0385,785162.0,0.0385,29579619.68,0.0385,0.0,2,1945061.5,51900.93,30148458.52,0,0,0,-1,Unclassified / General,0,unique,2556,0
CITALOPRAM,2021,2022,2055159.0,845559.0,31854975.04,15.5,37.67,5.0,1981761.0,0.037,815361.0,0.037,30717297.36,0.037,0.0,3,2018460.0,51900.22,31286136.2,0,0,0,-1,Unclassified / General,0,unique,2556,0
CITALOPRAM,2022,2023,2128558.0,875758.0,32992652.72,15.5,37.67,5.0,2055159.0,0.0357,845559.0,0.0357,31854975.04,0.0357,0.0,4,2091858.5,51900.93,32423813.88,0,0,0,-1,Unclassified / General,0,unique,2556,0
CITALOPRAM,2023,2024,2201956.0,905956.0,34130330.4,15.5,37.67,5.0,2128558.0,0.0345,875758.0,0.0345,32992652.72,0.0345,0.0,5,2165257.0,51900.22,33561491.56,0,0,0,-1,Unclassified / General,0,unique,2556,0
FLUOXETINE,2018,2019,4193075.0,113075.0,111116487.5,26.5,982.68,4.0,4193075.0,0.0,113075.0,0.0,111116487.5,0.0,0.0,0,4193075.0,0.0,111116487.5,1,0,0,-1,Unclassified / General,0,unique,4493,0
FLUOXETINE,2019,2020,4360798.0,117598.0,115561147.0,26.5,982.68,4.0,4193075.0,0.04,113075.0,0.04,111116487.5,0.04,0.0,1,4276936.5,118598.07,113338817.25,0,0,0,-1,Unclassified / General,0,unique,4493,0
FLUOXETINE,2020,2021,4528521.0,122121.0,120005806.5,26.5,982.68,4.0,4360798.0,0.0385,117598.0,0.0385,115561147.0,0.0385,0.0,2,4444659.5,118598.07,117783476.75,0,0,0,-1,Unclassified / General,0,unique,4493,0
FLUOXETINE,2021,2022,4696244.0,126644.0,124450466.0,26.5,982.68,4.0,4528521.0,0.037,122121.0,0.037,120005806.5,0.037,0.0,3,4612382.5,118598.07,122228136.25,0,0,0,-1,Unclassified / General,0,unique,4493,0
FLUOXETINE,2022,2023,4863967.0,131167.0,128895125.5,26.5,982.68,4.0,4696244.0,0.0357,126644.0,0.0357,124450466.0,0.0357,0.0,4,4780105.5,118598.07,126672795.75,0,0,0,-1,Unclassified / General,0,unique,4493,0
FLUOXETINE,2023,2024,5031690.0,135690.0,133339785.0,26.5,982.68,4.0,4863967.0,0.0345,131167.0,0.0345,128895125.5,0.0345,0.0,5,4947828.5,118598.07,131117455.25,0,0,0,-1,Unclassified / General,0,unique,4493,0
PAROXETINE,2018,2019,2194875.0,114875.0,58164187.5,26.5,506.33,4.0,2194875.0,0.0,114875.0,0.0,58164187.5,0.0,0.0,0,2194875.0,0.0,58164187.5,1,0,0,-1,Unclassified / General,0,unique,32937,0
PAROXETINE,2019,2020,2282670.0,119470.0,60490755.0,26.5,506.33,4.0,2194875.0,0.04,114875.0,0.04,58164187.5,0.04,0.0,1,2238772.5,62080.44,59327471.25,0,0,0,-1,Unclassified / General,0,unique,32937,0
PAROXETINE,2020,2021,2370465.0,124065.0,62817322.5,26.5,506.33,4.0,2282670.0,0.0385,119470.0,0.0385,60490755.0,0.0385,0.0,2,2326567.5,62080.44,61654038.75,0,0,0,-1,Unclassified / General,0,unique,32937,0
PAROXETINE,2021,2022,2458260.0,128660.0,65143890.0,26.5,506.33,4.0,2370465.0,0.037,124065.0,0.037,62817322.5,0.037,0.0,3,2414362.5,62080.44,63980606.25,0,0,0,-1,Unclassified / General,0,unique,32937,0
PAROXETINE,2022,2023,2546055.0,133255.0,67470457.5,26.5,506.33,4.0,2458260.0,0.0357,128660.0,0.0357,65143890.0,0.0357,0.0,4,2502157.5,62080.44,66307173.75,0,0,0,-1,Unclassified / General,0,unique,32937,0
PAROXETINE,2023,2024,2633850.0,137850.0,69797025.0,26.5,506.33,4.0,2546055.0,0.0345,133255.0,0.0345,67470457.5,0.0345,0.0,5,2589952.5,62080.44,68633741.25,0,0,0,-1,Unclassified / General,0,unique,32937,0
VENLAFAXINE,2018,2019,4523397.0,443397.0,219384754.5,48.5,494.78,6.0,4523397.0,0.0,443397.0,0.0,219384754.5,0.0,0.0,0,4523397.0,0.0,219384754.5,1,0,0,-1,Unclassified / General,0,unique,39786,0
VENLAFAXINE,2019,2020,4704332.0,461132.0,228160144.68,48.5,494.78,6.0,4523397.0,0.04,443397.0,0.04,219384754.5,0.04,0.0,1,4613864.5,127940.37,223772449.59,0,0,0,-1,Unclassified / General,0,unique,39786,0
VENLAFAXINE,2020,2021,4885268.0,478868.0,236935534.86,48.5,494.78,6.0,4704332.0,0.0385,461132.0,0.0385,228160144.68,0.0385,0.0,2,4794800.0,127941.07,232547839.77,0,0,0,-1,Unclassified / General,0,unique,39786,0
VENLAFAXINE,2021,2022,5066204.0,496604.0,245710925.04,48.5,494.78,6.0,4885268.0,0.037,478868.0,0.037,236935534.86,0.037,0.0,3,4975736.0,127941.07,241323229.95,0,0,0,-1,Unclassified / General,0,unique,39786,0
VENLAFAXINE,2022,2023,5247140.0,514340.0,254486315.22,48.5,494.78,6.0,5066204.0,0.0357,496604.0,0.0357,245710925.04,0.0357,0.0,4,5156672.0,127941.07,250098620.13,0,0,0,-1,Unclassified / General,0,unique,39786,0
VENLAFAXINE,2023,2024,5428076.0,532076.0,263261705.4,48.5,494.78,6.0,5247140.0,0.0345,514340.0,0.0345,254486315.22,0.0345,0.0,5,5337608.0,127941.07,258874010.31,0,0,0,-1,Unclassified / General,0,unique,39786,0
BUPROPION,2018,2019,1345341.0,265341.0,57176992.5,42.5,215.48,6.0,1345341.0,0.0,265341.0,0.0,57176992.5,0.0,0.0,0,1345341.0,0.0,57176992.5,1,0,0,-1,Unclassified / General,0,unique,42347,0
BUPROPION,2019,2020,1399154.0,275954.0,59464072.2,42.5,215.49,6.0,1345341.0,0.04,265341.0,0.04,57176992.5,0.04,0.0,1,1372247.5,38051.54,58320532.35,0,0,0,-1,Unclassified / General,0,unique,42347,0
BUPROPION,2020,2021,1452968.0,286568.0,61751151.9,42.5,215.49,6.0,1399154.0,0.0385,275954.0,0.0385,59464072.2,0.0385,0.0,2,1426061.0,38052.24,60607612.05,0,0,0,-1,Unclassified / General,0,unique,42347,0
BUPROPION,2021,2022,1506781.0,297181.0,64038231.6,42.5,215.49,6.0,1452968.0,0.037,286568.0,0.037,61751151.9,0.037,0.0,3,1479874.5,38051.54,62894691.75,0,0,0,-1,Unclassified / General,0,unique,42347,0
BUPROPION,2022,2023,1560595.0,307795.0,66325311.3,42.5,215.49,6.0,1506781.0,0.0357,297181.0,0.0357,64038231.6,0.0357,0.0,4,1533688.0,38052.24,65181771.45,0,0,0,-1,Unclassified / General,0,unique,42347,0
BUPROPION,2023,2024,1614409.0,318409.0,68612391.0,42.5,215.49,6.0,1560595.0,0.0345,307795.0,0.0345,66325311.3,0.0345,0.0,5,1587502.0,38052.24,67468851.15,0,0,0,-1,Unclassified / General,0,unique,42347,0
TRAZODONE,2018,2019,3633452.0,553452.0,12717082.0,3.5,22.98,5.0,3633452.0,0.0,553452.0,0.0,12717082.0,0.0,0.0,0,3633452.0,0.0,12717082.0,1,0,0,-1,Unclassified / General,0,unique,10737,0
TRAZODONE,2019,2020,3778790.0,575590.0,13225765.28,3.5,22.98,5.0,3633452.0,0.04,553452.0,0.04,12717082.0,0.04,0.0,1,3706121.0,102769.49,12971423.64,0,0,0,-1,Unclassified / General,0,unique,10737,0
TRAZODONE,2020,2021,3924128.0,597728.0,13734448.56,3.5,22.98,5.0,3778790.0,0.0385,575590.0,0.0385,13225765.28,0.0385,0.0,2,3851459.0,102769.49,13480106.92,0,0,0,-1,Unclassified / General,0,unique,10737,0
TRAZODONE,2021,2022,4069466.0,619866.0,14243131.84,3.5,22.98,5.0,3924128.0,0.037,597728.0,0.037,13734448.56,0.037,0.0,3,3996797.0,102769.49,13988790.2,0,0,0,-1,Unclassified / General,0,unique,10737,0
TRAZODONE,2022,2023,4214804.0,642004.0,14751815.12,3.5,22.98,5.0,4069466.0,0.0357,619866.0,0.0357,14243131.84,0.0357,0.0,4,4142135.0,102769.49,14497473.48,0,0,0,-1,Unclassified / General,0,unique,10737,0
TRAZODONE,2023,2024,4360142.0,664142.0,15260498.4,3.5,22.98,5.0,4214804.0,0.0345,642004.0,0.0345,14751815.12,0.0345,0.0,5,4287473.0,102769.49,15006156.76,0,0,0,-1,Unclassified / General,0,unique,10737,0
ALPRAZOLAM,2018,2019,4793764.0,713764.0,74303342.0,15.5,104.1,5.0,4793764.0,0.0,713764.0,0.0,74303342.0,0.0,0.0,0,4793764.0,0.0,74303342.0,1,0,0,-1,Unclassified / General,0,unique,596,0
ALPRAZOLAM,2019,2020,4985514.0,742314.0,77275475.68,15.5,104.1,5.0,4793764.0,0.04,713764.0,0.04,74303342.0,0.04,0.0,1,4889639.0,135587.73,75789408.84,0,0,0,-1,Unclassified / General,0,unique,596,0
ALPRAZOLAM,2020,2021,5177265.0,770865.0,80247609.36,15.5,104.1,5.0,4985514.0,0.0385,742314.0,0.0385,77275475.68,0.0385,0.0,2,5081389.5,135588.43,78761542.52,0,0,0,-1,Unclassified / General,0,unique,596,0
ALPRAZOLAM,2021,2022,5369015.0,799415.0,83219743.04,15.5,104.1,5.0,5177265.0,0.037,770865.0,0.037,80247609.36,0.037,0.0,3,5273140.0,135587.73,81733676.2,0,0,0,-1,Unclassified / General,0,unique,596,0
ALPRAZOLAM,2022,2023,5560766.0,827966.0,86191876.72,15.5,104.1,5.0,5369015.0,0.0357,799415.0,0.0357,83219743.04,0.0357,0.0,4,5464890.5,135588.43,84705809.88,0,0,0,-1,Unclassified / General,0,unique,596,0
ALPRAZOLAM,2023,2024,5752516.0,856516.0,89164010.4,15.5,104.1,5.0,5560766.0,0.0345,827966.0,0.0345,86191876.72,0.0345,0.0,5,5656641.0,135587.73,87677943.56,0,0,0,-1,Unclassified / General,0,unique,596,0
LORAZEPAM,2018,2019,4835001.0,755001.0,12087502.5,2.5,16.01,2.0,4835001.0,0.0,755001.0,0.0,12087502.5,0.0,0.0,0,4835001.0,0.0,12087502.5,1,11,1,0,Neurology,0,unique,6470,0
LORAZEPAM,2019,2020,5028401.0,785201.0,12571002.6,2.5,16.01,2.0,4835001.0,0.04,755001.0,0.04,12087502.5,0.04,0.0,1,4931701.0,136754.45,12329252.55,0,11,1,1,Neurology,0,unique,6470,0
LORAZEPAM,2020,2021,5221801.0,815401.0,13054502.7,2.5,16.01,2.0,5028401.0,0.0385,785201.0,0.0385,12571002.6,0.0385,0.0,2,5125101.0,136754.45,12812752.65,0,11,1,2,Neurology,0,unique,6470,0
LORAZEPAM,2021,2022,5415201.0,845601.0,13538002.8,2.5,16.01,2.0,5221801.0,0.037,815401.0,0.037,13054502.7,0.037,0.0,3,5318501.0,136754.45,13296252.75,0,11,1,3,Neurology,0,unique,6470,0
LORAZEPAM,2022,2023,5608601.0,875801.0,14021502.9,2.5,16.01,2.0,5415201.0,0.0357,845601.0,0.0357,13538002.8,0.0357,0.0,4,5511901.0,136754.45,13779752.85,0,11,1,4,Neurology,0,unique,6470,0
LORAZEPAM,2023,2024,5802001.0,906001.0,14505003.0,2.5,16.01,2.0,5608601.0,0.0345,875801.0,0.0345,14021502.9,0.0345,0.0,5,5705301.0,136754.45,14263252.95,0,11,1,5,Neurology,0,unique,6470,0
CLONAZEPAM,2018,2019,4313452.0,233452.0,15097082.0,3.5,64.67,5.0,4313452.0,0.0,233452.0,0.0,15097082.0,0.0,0.0,0,4313452.0,0.0,15097082.0,1,0,0,-1,Neurology,0,unique,2598,0
CLONAZEPAM,2019,2020,4485990.0,242790.0,15700965.28,3.5,64.67,5.0,4313452.0,0.04,233452.0,0.04,15097082.0,0.04,0.0,1,4399721.0,122002.79,15399023.64,0,0,0,-1,Neurology,0,unique,2598,0
CLONAZEPAM,2020,2021,4658528.0,252128.0,16304848.56,3.5,64.67,5.0,4485990.0,0.0385,242790.0,0.0385,15700965.28,0.0385,0.0,2,4572259.0,122002.79,16002906.92,0,0,0,-1,Neurology,0,unique,2598,0
CLONAZEPAM,2021,2022,4831066.0,261466.0,16908731.84,3.5,64.67,5.0,4658528.0,0.037,252128.0,0.037,16304848.56,0.037,0.0,3,4744797.0,122002.79,16606790.2,0,0,0,-1,Neurology,0,unique,2598,0
CLONAZEPAM,2022,2023,5003604.0,270804.0,17512615.12,3.5,64.67,5.0,4831066.0,0.0357,261466.0,0.0357,16908731.84,0.0357,0.0,4,4917335.0,122002.79,17210673.48,0,0,0,-1,Neurology,0,unique,2598,1
CLONAZEPAM,2023,2024,5176142.0,280142.0,18116498.4,3.5,64.67,5.0,5003604.0,0.0345,270804.0,0.0345,17512615.12,0.0345,0.0,5,5089873.0,122002.79,17814556.76,0,40,1,0,Neurology,0,unique,2598,0
ZOLPIDEM,2018,2019,3659962.0,579962.0,49409487.0,13.5,85.19,3.0,3659962.0,0.0,579962.0,0.0,49409487.0,0.0,0.0,0,3659962.0,0.0,49409487.0,1,0,0,-1,Unclassified / General,0,unique,39993,0
ZOLPIDEM,2019,2020,3806360.0,603160.0,51385866.48,13.5,85.19,3.0,3659962.0,0.04,579962.0,0.04,49409487.0,0.04,0.0,1,3733161.0,103519.02,50397676.74,0,0,0,-1,Unclassified / General,0,unique,39993,0
ZOLPIDEM,2020,2021,3952758.0,626358.0,53362245.96,13.5,85.19,3.0,3806360.0,0.0385,603160.0,0.0385,51385866.48,0.0385,0.0,2,3879559.0,103519.02,52374056.22,0,0,0,-1,Unclassified / General,0,unique,39993,0
ZOLPIDEM,2021,2022,4099157.0,649557.0,55338625.44,13.5,85.19,3.0,3952758.0,0.037,626358.0,0.037,53362245.96,0.037,0.0,3,4025957.5,103519.73,54350435.7,0,0,0,-1,Unclassified / General,0,unique,39993,0
ZOLPIDEM,2022,2023,4245555.0,672755.0,57315004.92,13.5,85.19,3.0,4099157.0,0.0357,649557.0,0.0357,55338625.44,0.0357,0.0,4,4172356.0,103519.02,56326815.18,0,0,0,-1,Unclassified / General,0,unique,39993,0
ZOLPIDEM,2023,2024,4391954.0,695954.0,59291384.4,13.5,85.19,3.0,4245555.0,0.0345,672755.0,0.0345,57315004.92,0.0345,0.0,5,4318754.5,103519.73,58303194.66,0,0,0,-1,Unclassified / General,0,unique,39993,0
QUETIAPINE,2018,2019,3021736.0,941736.0,113315100.0,37.5,120.33,1.0,3021736.0,0.0,941736.0,0.0,113315100.0,0.0,0.0,0,3021736.0,0.0,113315100.0,1,0,0,-1,Unclassified / General,1,unique,51272,0
QUETIAPINE,2019,2020,3142605.0,979405.0,117847704.0,37.5,120.33,1.0,3021736.0,0.04,941736.0,0.04,113315100.0,0.04,0.0,1,3082170.5,85467.29,115581402.0,0,0,0,-1,Unclassified / General,1,unique,51272,0
QUETIAPINE,2020,2021,3263474.0,1017074.0,122380308.0,37.5,120.33,1.0,3142605.0,0.0385,979405.0,0.0385,117847704.0,0.0385,0.0,2,3203039.5,85467.29,120114006.0,0,0,0,-1,Unclassified / General,1,unique,51272,0
QUETIAPINE,2021,2022,3384344.0,1054744.0,126912912.0,37.5,120.33,1.0,3263474.0,0.037,1017074.0,0.037,122380308.0,0.037,0.0,3,3323909.0,85468.0,124646610.0,0,0,0,-1,Unclassified / General,1,unique,51272,0
QUETIAPINE,2022,2023,3505213.0,1092413.0,131445516.0,37.5,120.33,1.0,3384344.0,0.0357,1054744.0,0.0357,126912912.0,0.0357,0.0,4,3444778.5,85467.29,129179214.0,0,0,0,-1,Unclassified / General,1,unique,51272,0
QUETIAPINE,2023,2024,3626083.0,1130083.0,135978120.0,37.5,120.33,1.0,3505213.0,0.0345,1092413.0,0.0345,131445516.0,0.0345,0.0,5,3565648.0,85468.0,133711818.0,0,0,0,-1,Unclassified / General,1,unique,51272,0
ARIPIPRAZOLE,2018,2019,2867818.0,787818.0,55922451.0,19.5,70.98,3.0,2867818.0,0.0,787818.0,0.0,55922451.0,0.0,0.0,0,2867818.0,0.0,55922451.0,1,0,0,-1,Unclassified / General,0,unique,89013,0
ARIPIPRAZOLE,2019,2020,2982530.0,819330.0,58159349.04,19.5,70.98,3.0,2867818.0,0.04,787818.0,0.04,55922451.0,0.04,0.0,1,2925174.0,81113.63,57040900.02,0,0,0,-1,Unclassified / General,0,unique,89013,0
ARIPIPRAZOLE,2020,2021,3097243.0,850843.0,60396247.08,19.5,70.98,3.0,2982530.0,0.0385,819330.0,0.0385,58159349.04,0.0385,0.0,2,3039886.5,81114.34,59277798.06,0,0,0,-1,Unclassified / General,0,unique,89013,0
ARIPIPRAZOLE,2021,2022,3211956.0,882356.0,62633145.12,19.5,70.98,3.0,3097243.0,0.037,850843.0,0.037,60396247.08,0.037,0.0,3,3154599.5,81114.34,61514696.1,0,0,0,-1,Unclassified / General,0,unique,89013,0
ARIPIPRAZOLE,2022,2023,3326668.0,913868.0,64870043.16,19.5,70.98,3.0,3211956.0,0.0357,882356.0,0.0357,62633145.12,0.0357,0.0,4,3269312.0,81113.63,63751594.14,0,0,0,-1,Unclassified / General,0,unique,89013,0
ARIPIPRAZOLE,2023,2024,3441381.0,945381.0,67106941.2,19.5,70.98,3.0,3326668.0,0.0345,913868.0,0.0345,64870043.16,0.0345,0.0,5,3384024.5,81114.34,65988492.18,0,0,0,-1,Unclassified / General,0,unique,89013,0
RISPERIDONE,2018,2019,3167276.0,87276.0,87100090.0,27.5,997.98,5.0,3167276.0,0.0,87276.0,0.0,87100090.0,0.0,0.0,0,3167276.0,0.0,87100090.0,1,0,0,-1,Unclassified / General,0,unique,35636,0
RISPERIDONE,2019,2020,3293967.0,90767.0,90584093.6,27.5,997.98,5.0,3167276.0,0.04,87276.0,0.04,87100090.0,0.04,0.0,1,3230621.5,89584.07,88842091.8,0,0,0,-1,Unclassified / General,0,unique,35636,0
RISPERIDONE,2020,2021,3420658.0,94258.0,94068097.2,27.5,997.99,5.0,3293967.0,0.0385,90767.0,0.0385,90584093.6,0.0385,0.0,2,3357312.5,89584.07,92326095.4,0,0,0,-1,Unclassified / General,0,unique,35636,0
RISPERIDONE,2021,2022,3547349.0,97749.0,97552100.8,27.5,997.99,5.0,3420658.0,0.037,94258.0,0.037,94068097.2,0.037,0.0,3,3484003.5,89584.07,95810099.0,0,0,0,-1,Unclassified / General,0,unique,35636,0
RISPERIDONE,2022,2023,3674040.0,101240.0,101036104.4,27.5,997.99,5.0,3547349.0,0.0357,97749.0,0.0357,97552100.8,0.0357,0.0,4,3610694.5,89584.07,99294102.6,0,0,0,-1,Unclassified / General,0,unique,35636,0
RISPERIDONE,2023,2024,3800731.0,104731.0,104520108.0,27.5,997.99,5.0,3674040.0,0.0345,101240.0,0.0345,101036104.4,0.0345,0.0,5,3737385.5,89584.07,102778106.2,0,0,0,-1,Unclassified / General,0,unique,35636,0
OLANZAPINE,2018,2019,3987016.0,907016.0,69772780.0,17.5,76.93,1.0,3987016.0,0.0,907016.0,0.0,69772780.0,0.0,0.0,0,3987016.0,0.0,69772780.0,1,0,0,-1,Unclassified / General,1,unique,61381,0
OLANZAPINE,2019,2020,4146496.0,943296.0,72563691.2,17.5,76.93,1.0,3987016.0,0.04,907016.0,0.04,69772780.0,0.04,0.0,1,4066756.0,112769.39,71168235.6,0,0,0,-1,Unclassified / General,1,unique,61381,0
OLANZAPINE,2020,2021,4305977.0,979577.0,75354602.4,17.5,76.93,1.0,4146496.0,0.0385,943296.0,0.0385,72563691.2,0.0385,0.0,2,4226236.5,112770.1,73959146.8,0,0,0,-1,Unclassified / General,1,unique,61381,0
OLANZAPINE,2021,2022,4465457.0,1015857.0,78145513.6,17.5,76.93,1.0,4305977.0,0.037,979577.0,0.037,75354602.4,0.037,0.0,3,4385717.0,112769.39,76750058.0,0,0,0,-1,Unclassified / General,1,unique,61381,0
OLANZAPINE,2022,2023,4624938.0,1052138.0,80936424.8,17.5,76.93,1.0,4465457.0,0.0357,1015857.0,0.0357,78145513.6,0.0357,0.0,4,4545197.5,112770.1,79540969.2,0,0,0,-1,Unclassified / General,1,unique,61381,0
OLANZAPINE,2023,2024,4784419.0,1088419.0,83727336.0,17.5,76.93,1.0,4624938.0,0.0345,1052138.0,0.0345,80936424.8,0.0345,0.0,5,4704678.5,112770.1,82331880.4,0,0,0,-1,Unclassified / General,1,unique,61381,0
LAMOTRIGINE,2018,2019,3747002.0,667002.0,13114507.0,3.5,19.66,3.0,3747002.0,0.0,667002.0,0.0,13114507.0,0.0,0.0,0,3747002.0,0.0,13114507.0,1,0,0,-1,Neurology,0,unique,28439,0
LAMOTRIGINE,2019,2020,3896882.0,693682.0,13639087.28,3.5,19.66,3.0,3747002.0,0.04,667002.0,0.04,13114507.0,0.04,0.0,1,3821942.0,105981.16,13376797.14,0,0,0,-1,Neurology,0,unique,28439,0
LAMOTRIGINE,2020,2021,4046762.0,720362.0,14163667.56,3.5,19.66,3.0,3896882.0,0.0385,693682.0,0.0385,13639087.28,0.0385,0.0,2,3971822.0,105981.16,13901377.42,0,0,0,-1,Neurology,0,unique,28439,0
LAMOTRIGINE,2021,2022,4196642.0,747042.0,14688247.84,3.5,19.66,3.0,4046762.0,0.037,720362.0,0.037,14163667.56,0.037,0.0,3,4121702.0,105981.16,14425957.7,0,0,0,-1,Neurology,0,unique,28439,0
LAMOTRIGINE,2022,2023,4346522.0,773722.0,15212828.12,3.5,19.66,3.0,4196642.0,0.0357,747042.0,0.0357,14688247.84,0.0357,0.0,4,4271582.0,105981.16,14950537.98,0,0,0,-1,Neurology,0,unique,28439,0
LAMOTRIGINE,2023,2024,4496402.0,800402.0,15737408.4,3.5,19.66,3.0,4346522.0,0.0345,773722.0,0.0345,15212828.12,0.0345,0.0,5,4421462.0,105981.16,15475118.26,0,0,0,-1,Neurology,0,unique,28439,0
TOPIRAMATE,2018,2019,1901697.0,821697.0,92232304.5,48.5,112.25,2.0,1901697.0,0.0,821697.0,0.0,92232304.5,0.0,0.0,0,1901697.0,0.0,92232304.5,1,0,0,-1,Unclassified / General,0,unique,38404,0
TOPIRAMATE,2019,2020,1977764.0,854564.0,95921596.68,48.5,112.25,2.0,1901697.0,0.04,821697.0,0.04,92232304.5,0.04,0.0,1,1939730.5,53787.49,94076950.59,0,0,0,-1,Unclassified / General,0,unique,38404,0
TOPIRAMATE,2020,2021,2053832.0,887432.0,99610888.86,48.5,112.25,2.0,1977764.0,0.0385,854564.0,0.0385,95921596.68,0.0385,0.0,2,2015798.0,53788.2,97766242.77,0,0,0,-1,Unclassified / General,0,unique,38404,0
TOPIRAMATE,2021,2022,2129900.0,920300.0,103300181.04,48.5,112.25,2.0,2053832.0,0.037,887432.0,0.037,99610888.86,0.037,0.0,3,2091866.0,53788.2,101455534.95,0,0,0,-1,Unclassified / General,0,unique,38404,0
TOPIRAMATE,2022,2023,2205968.0,953168.0,106989473.22,48.5,112.25,2.0,2129900.0,0.0357,920300.0,0.0357,103300181.04,0.0357,0.0,4,2167934.0,53788.2,105144827.13,0,0,0,-1,Unclassified / General,0,unique,38404,0
TOPIRAMATE,2023,2024,2282036.0,986036.0,110678765.4,48.5,112.25,2.0,2205968.0,0.0345,953168.0,0.0345,106989473.22,0.0345,0.0,5,2244002.0,53788.2,108834119.31,0,0,0,-1,Unclassified / General,0,unique,38404,0
LEVETIRACETAM,2018,2019,4407685.0,327685.0,160880502.5,36.5,490.96,6.0,4407685.0,0.0,327685.0,0.0,160880502.5,0.0,0.0,0,4407685.0,0.0,160880502.5,1,0,0,-1,Unclassified / General,0,unique,114477,0
LEVETIRACETAM,2019,2020,4583992.0,340792.0,167315722.6,36.5,490.96,6.0,4407685.0,0.04,327685.0,0.04,160880502.5,0.04,0.0,1,4495838.5,124667.88,164098112.55,0,0,0,-1,Unclassified / General,0,unique,114477,0
LEVETIRACETAM,2020,2021,4760299.0,353899.0,173750942.7,36.5,490.96,6.0,4583992.0,0.0385,340792.0,0.0385,167315722.6,0.0385,0.0,2,4672145.5,124667.88,170533332.65,0,0,0,-1,Unclassified / General,0,unique,114477,0
LEVETIRACETAM,2021,2022,4936607.0,367007.0,180186162.8,36.5,490.96,6.0,4760299.0,0.037,353899.0,0.037,173750942.7,0.037,0.0,3,4848453.0,124668.58,176968552.75,0,0,0,-1,Unclassified / General,0,unique,114477,0
LEVETIRACETAM,2022,2023,5112914.0,380114.0,186621382.9,36.5,490.96,6.0,4936607.0,0.0357,367007.0,0.0357,180186162.8,0.0357,0.0,4,5024760.5,124667.88,183403772.85,0,0,0,-1,Unclassified / General,0,unique,114477,0
LEVETIRACETAM,2023,2024,5289222.0,393222.0,193056603.0,36.5,490.96,6.0,5112914.0,0.0345,380114.0,0.0345,186621382.9,0.0345,0.0,5,5201068.0,124668.58,189838992.95,0,0,0,-1,Unclassified / General,0,unique,114477,0
PREGABALIN,2018,2019,4140803.0,60803.0,18633613.5,4.5,306.46,4.0,4140803.0,0.0,60803.0,0.0,18633613.5,0.0,0.0,0,4140803.0,0.0,18633613.5,1,0,0,-1,Unclassified / General,0,unique,187832,0
PREGABALIN,2019,2020,4306435.0,63235.0,19378958.04,4.5,306.46,4.0,4140803.0,0.04,60803.0,0.04,18633613.5,0.04,0.0,1,4223619.0,117119.51,19006285.77,0,0,0,-1,Unclassified / General,0,unique,187832,0
PREGABALIN,2020,2021,4472067.0,65667.0,20124302.58,4.5,306.46,4.0,4306435.0,0.0385,63235.0,0.0385,19378958.04,0.0385,0.0,2,4389251.0,117119.51,19751630.31,0,0,0,-1,Unclassified / General,0,unique,187832,0
PREGABALIN,2021,2022,4637699.0,68099.0,20869647.12,4.5,306.46,4.0,4472067.0,0.037,65667.0,0.037,20124302.58,0.037,0.0,3,4554883.0,117119.51,20496974.85,0,0,0,-1,Unclassified / General,0,unique,187832,0
PREGABALIN,2022,2023,4803331.0,70531.0,21614991.66,4.5,306.46,4.0,4637699.0,0.0357,68099.0,0.0357,20869647.12,0.0357,0.0,4,4720515.0,117119.51,21242319.39,0,0,0,-1,Unclassified / General,0,unique,187832,0
PREGABALIN,2023,2024,4968963.0,72963.0,22360336.2,4.5,306.46,4.0,4803331.0,0.0345,70531.0,0.0345,21614991.66,0.0345,0.0,5,4886147.0,117119.51,21987663.93,0,0,0,-1,Unclassified / General,0,unique,187832,0
METHYLPHENIDATE,2018,2019,3627377.0,547377.0,103380244.5,28.5,188.86,2.0,3627377.0,0.0,547377.0,0.0,103380244.5,0.0,0.0,0,3627377.0,0.0,103380244.5,1,0,0,-1,Psychiatry,0,unique,6901,0
METHYLPHENIDATE,2019,2020,3772472.0,569272.0,107515454.28,28.5,188.86,2.0,3627377.0,0.04,547377.0,0.04,103380244.5,0.04,0.0,1,3699924.5,102597.66,105447849.39,0,0,0,-1,Psychiatry,0,unique,6901,0
METHYLPHENIDATE,2020,2021,3917567.0,591167.0,111650664.06,28.5,188.86,2.0,3772472.0,0.0385,569272.0,0.0385,107515454.28,0.0385,0.0,2,3845019.5,102597.66,109583059.17,0,0,0,-1,Psychiatry,0,unique,6901,0
METHYLPHENIDATE,2021,2022,4062662.0,613062.0,115785873.84,28.5,188.86,2.0,3917567.0,0.037,591167.0,0.037,111650664.06,0.037,0.0,3,3990114.5,102597.66,113718268.95,0,0,0,-1,Psychiatry,0,unique,6901,0
METHYLPHENIDATE,2022,2023,4207757.0,634957.0,119921083.62,28.5,188.86,2.0,4062662.0,0.0357,613062.0,0.0357,115785873.84,0.0357,0.0,4,4135209.5,102597.66,117853478.73,0,0,0,-1,Psychiatry,0,unique,6901,1
METHYLPHENIDATE,2023,2024,4352852.0,656852.0,124056293.4,28.5,188.86,2.0,4207757.0,0.0345,634957.0,0.0345,119921083.62,0.0345,0.0,5,4280304.5,102597.66,121988688.51,0,34,1,0,Psychiatry,0,unique,6901,0
AMPHETAMINE,2018,2019,774631.0,694631.0,25175507.5,32.5,36.24,8.0,774631.0,0.0,694631.0,0.0,25175507.5,0.0,0.0,0,774631.0,0.0,25175507.5,1,0,0,-1,Psychiatry,0,unique,725,0
AMPHETAMINE,2019,2020,805616.0,722416.0,26182527.8,32.5,36.24,8.0,774631.0,0.04,694631.0,0.04,25175507.5,0.04,0.0,1,790123.5,21909.7,25679017.65,0,0,0,-1,Psychiatry,0,unique,725,0
AMPHETAMINE,2020,2021,836601.0,750201.0,27189548.1,32.5,36.24,8.0,805616.0,0.0385,722416.0,0.0385,26182527.8,0.0385,0.0,2,821108.5,21909.7,26686037.95,0,0,0,-1,Psychiatry,0,unique,725,0
AMPHETAMINE,2021,2022,867586.0,777986.0,28196568.4,32.5,36.24,8.0,836601.0,0.037,750201.0,0.037,27189548.1,0.037,0.0,3,852093.5,21909.7,27693058.25,0,0,0,-1,Psychiatry,0,unique,725,1
AMPHETAMINE,2022,2023,898571.0,805771.0,29203588.7,32.5,36.24,8.0,867586.0,0.0357,777986.0,0.0357,28196568.4,0.0357,0.0,4,883078.5,21909.7,28700078.55,0,72,1,0,Psychiatry,0,unique,725,1
AMPHETAMINE,2023,2024,929557.0,833557.0,30210609.0,32.5,36.24,8.0,898571.0,0.0345,805771.0,0.0345,29203588.7,0.0345,0.0,5,914064.0,21910.41,29707098.85,0,73,1,0,Psychiatry,0,unique,725,0
ATOMOXETINE,2018,2019,2483047.0,403047.0,120427779.5,48.5,298.79,8.0,2483047.0,0.0,403047.0,0.0,120427779.5,0.0,0.0,0,2483047.0,0.0,120427779.5,1,0,0,-1,Unclassified / General,0,unique,38400,0
ATOMOXETINE,2019,2020,2582368.0,419168.0,125244890.68,48.5,298.79,8.0,2483047.0,0.04,403047.0,0.04,120427779.5,0.04,0.0,1,2532707.5,70230.55,122836335.09,0,0,0,-1,Unclassified / General,0,unique,38400,0
ATOMOXETINE,2020,2021,2681690.0,435290.0,130062001.86,48.5,298.79,8.0,2582368.0,0.0385,419168.0,0.0385,125244890.68,0.0385,0.0,2,2632029.0,70231.26,127653446.27,0,0,0,-1,Unclassified / General,0,unique,38400,0
ATOMOXETINE,2021,2022,2781012.0,451412.0,134879113.04,48.5,298.79,8.0,2681690.0,0.037,435290.0,0.037,130062001.86,0.037,0.0,3,2731351.0,70231.26,132470557.45,0,0,0,-1,Unclassified / General,0,unique,38400,0
ATOMOXETINE,2022,2023,2880334.0,467534.0,139696224.22,48.5,298.79,8.0,2781012.0,0.0357,451412.0,0.0357,134879113.04,0.0357,0.0,4,2830673.0,70231.26,137287668.63,0,0,0,-1,Unclassified / General,0,unique,38400,0
ATOMOXETINE,2023,2024,2979656.0,483656.0,144513335.4,48.5,298.79,8.0,2880334.0,0.0345,467534.0,0.0345,139696224.22,0.0345,0.0,5,2929995.0,70231.26,142104779.81,0,0,0,-1,Unclassified / General,0,unique,38400,0
LITHIUM,2018,2019,3869103.0,789103.0,17410963.5,4.5,22.06,8.0,3869103.0,0.0,789103.0,0.0,17410963.5,0.0,0.0,0,3869103.0,0.0,17410963.5,1,0,0,-1,Unclassified / General,0,unique,6448,0
LITHIUM,2019,2020,4023867.0,820667.0,18107402.04,4.5,22.06,8.0,3869103.0,0.04,789103.0,0.04,17410963.5,0.04,0.0,1,3946485.0,109434.67,17759182.77,0,0,0,-1,Unclassified / General,0,unique,6448,0
LITHIUM,2020,2021,4178631.0,852231.0,18803840.58,4.5,22.06,8.0,4023867.0,0.0385,820667.0,0.0385,18107402.04,0.0385,0.0,2,4101249.0,109434.67,18455621.31,0,0,0,-1,Unclassified / General,0,unique,6448,0
LITHIUM,2021,2022,4333395.0,883795.0,19500279.12,4.5,22.06,8.0,4178631.0,0.037,852231.0,0.037,18803840.58,0.037,0.0,3,4256013.0,109434.67,19152059.85,0,0,0,-1,Unclassified / General,0,unique,6448,0
LITHIUM,2022,2023,4488159.0,915359.0,20196717.66,4.5,22.06,8.0,4333395.0,0.0357,883795.0,0.0357,19500279.12,0.0357,0.0,4,4410777.0,109434.67,19848498.39,0,0,0,-1,Unclassified / General,0,unique,6448,0
LITHIUM,2023,2024,4642923.0,946923.0,20893156.2,4.5,22.06,8.0,4488159.0,0.0345,915359.0,0.0345,20196717.66,0.0345,0.0,5,4565541.0,109434.67,20544936.93,0,0,0,-1,Unclassified / General,0,unique,6448,0
DONEPEZIL,2018,2019,3949228.0,869228.0,116502226.0,29.5,134.03,5.0,3949228.0,0.0,869228.0,0.0,116502226.0,0.0,0.0,0,3949228.0,0.0,116502226.0,1,0,0,-1,Neurology,0,unique,135447,0
DONEPEZIL,2019,2020,4107197.0,903997.0,121162315.04,29.5,134.03,5.0,3949228.0,0.04,869228.0,0.04,116502226.0,0.04,0.0,1,4028212.5,111700.95,118832270.52,0,0,0,-1,Neurology,0,unique,135447,0
DONEPEZIL,2020,2021,4265166.0,938766.0,125822404.08,29.5,134.03,5.0,4107197.0,0.0385,903997.0,0.0385,121162315.04,0.0385,0.0,2,4186181.5,111700.95,123492359.56,0,0,0,-1,Neurology,0,unique,135447,0
DONEPEZIL,2021,2022,4423135.0,973535.0,130482493.12,29.5,134.03,5.0,4265166.0,0.037,938766.0,0.037,125822404.08,0.037,0.0,3,4344150.5,111700.95,128152448.6,0,0,0,-1,Neurology,0,unique,135447,0
DONEPEZIL,2022,2023,4581104.0,1008304.0,135142582.16,29.5,134.03,5.0,4423135.0,0.0357,973535.0,0.0357,130482493.12,0.0357,0.0,4,4502119.5,111700.95,132812537.64,0,0,0,-1,Neurology,0,unique,135447,0
DONEPEZIL,2023,2024,4739073.0,1043073.0,139802671.2,29.5,134.03,5.0,4581104.0,0.0345,1008304.0,0.0345,135142582.16,0.0345,0.0,5,4660088.5,111700.95,137472626.68,0,0,0,-1,Neurology,0,unique,135447,0
MEMANTINE,2018,2019,3993360.0,913360.0,45923640.0,11.5,50.28,1.0,3993360.0,0.0,913360.0,0.0,45923640.0,0.0,0.0,0,3993360.0,0.0,45923640.0,1,0,0,-1,Unclassified / General,1,unique,6719,0
MEMANTINE,2019,2020,4153094.0,949894.0,47760585.6,11.5,50.28,1.0,3993360.0,0.04,913360.0,0.04,45923640.0,0.04,0.0,1,4073227.0,112948.99,46842112.8,0,0,0,-1,Unclassified / General,1,unique,6719,0
MEMANTINE,2020,2021,4312828.0,986428.0,49597531.2,11.5,50.28,1.0,4153094.0,0.0385,949894.0,0.0385,47760585.6,0.0385,0.0,2,4232961.0,112948.99,48679058.4,0,0,0,-1,Unclassified / General,1,unique,6719,0
MEMANTINE,2021,2022,4472563.0,1022963.0,51434476.8,11.5,50.28,1.0,4312828.0,0.037,986428.0,0.037,49597531.2,0.037,0.0,3,4392695.5,112949.7,50516004.0,0,0,0,-1,Unclassified / General,1,unique,6719,0
MEMANTINE,2022,2023,4632297.0,1059497.0,53271422.4,11.5,50.28,1.0,4472563.0,0.0357,1022963.0,0.0357,51434476.8,0.0357,0.0,4,4552430.0,112948.99,52352949.6,0,0,0,-1,Unclassified / General,1,unique,6719,0
MEMANTINE,2023,2024,4792032.0,1096032.0,55108368.0,11.5,50.28,1.0,4632297.0,0.0345,1059497.0,0.0345,53271422.4,0.0345,0.0,5,4712164.5,112949.7,54189895.2,0,0,0,-1,Unclassified / General,1,unique,6719,0
GALANTAMINE,2018,2019,2864427.0,784427.0,81636169.5,28.5,104.07,4.0,2864427.0,0.0,784427.0,0.0,81636169.5,0.0,0.0,0,2864427.0,0.0,81636169.5,1,0,0,-1,Unclassified / General,0,unique,4637,0
GALANTAMINE,2019,2020,2979004.0,815804.0,84901616.28,28.5,104.07,4.0,2864427.0,0.04,784427.0,0.04,81636169.5,0.04,0.0,1,2921715.5,81018.17,83268892.89,0,0,0,-1,Unclassified / General,0,unique,4637,0
GALANTAMINE,2020,2021,3093581.0,847181.0,88167063.06,28.5,104.07,4.0,2979004.0,0.0385,815804.0,0.0385,84901616.28,0.0385,0.0,2,3036292.5,81018.17,86534339.67,0,0,0,-1,Unclassified / General,0,unique,4637,0
GALANTAMINE,2021,2022,3208158.0,878558.0,91432509.84,28.5,104.07,4.0,3093581.0,0.037,847181.0,0.037,88167063.06,0.037,0.0,3,3150869.5,81018.17,89799786.45,0,0,0,-1,Unclassified / General,0,unique,4637,0
GALANTAMINE,2022,2023,3322735.0,909935.0,94697956.62,28.5,104.07,4.0,3208158.0,0.0357,878558.0,0.0357,91432509.84,0.0357,0.0,4,3265446.5,81018.17,93065233.23,0,0,0,-1,Unclassified / General,0,unique,4637,0
GALANTAMINE,2023,2024,3437312.0,941312.0,97963403.4,28.5,104.07,4.0,3322735.0,0.0345,909935.0,0.0345,94697956.62,0.0345,0.0,5,3380023.5,81018.17,96330680.01,0,0,0,-1,Unclassified / General,0,unique,4637,0
RIVASTIGMINE,2018,2019,1874996.0,794996.0,89062310.0,47.5,112.03,5.0,1874996.0,0.0,794996.0,0.0,89062310.0,0.0,0.0,0,1874996.0,0.0,89062310.0,1,0,0,-1,Neurology,0,unique,183379,0
RIVASTIGMINE,2019,2020,1949995.0,826795.0,92624802.4,47.5,112.03,5.0,1874996.0,0.04,794996.0,0.04,89062310.0,0.04,0.0,1,1912495.5,53032.3,90843556.2,0,0,0,-1,Neurology,0,unique,183379,0
RIVASTIGMINE,2020,2021,2024995.0,858595.0,96187294.8,47.5,112.03,5.0,1949995.0,0.0385,826795.0,0.0385,92624802.4,0.0385,0.0,2,1987495.0,53033.01,94406048.6,0,0,0,-1,Neurology,0,unique,183379,0
RIVASTIGMINE,2021,2022,2099995.0,890395.0,99749787.2,47.5,112.03,5.0,2024995.0,0.037,858595.0,0.037,96187294.8,0.037,0.0,3,2062495.0,53033.01,97968541.0,0,0,0,-1,Neurology,0,unique,183379,0
RIVASTIGMINE,2022,2023,2174995.0,922195.0,103312279.6,47.5,112.03,5.0,2099995.0,0.0357,890395.0,0.0357,99749787.2,0.0357,0.0,4,2137495.0,53033.01,101531033.4,0,0,0,-1,Neurology,0,unique,183379,0
RIVASTIGMINE,2023,2024,2249995.0,953995.0,106874772.0,47.5,112.03,5.0,2174995.0,0.0345,922195.0,0.0345,103312279.6,0.0345,0.0,5,2212495.0,53033.01,105093525.8,0,0,0,-1,Neurology,0,unique,183379,0
DESVENLAFAXINE,2018,2019,3004205.0,924205.0,19527332.5,6.5,21.13,6.0,3004205.0,0.0,924205.0,0.0,19527332.5,0.0,0.0,0,3004205.0,0.0,19527332.5,1,0,0,-1,Unclassified / General,0,unique,734064,0
DESVENLAFAXINE,2019,2020,3124373.0,961173.0,20308425.8,6.5,21.13,6.0,3004205.0,0.04,924205.0,0.04,19527332.5,0.04,0.0,1,3064289.0,84971.61,19917879.15,0,0,0,-1,Unclassified / General,0,unique,734064,0
DESVENLAFAXINE,2020,2021,3244541.0,998141.0,21089519.1,6.5,21.13,6.0,3124373.0,0.0385,961173.0,0.0385,20308425.8,0.0385,0.0,2,3184457.0,84971.61,20698972.45,0,0,0,-1,Unclassified / General,0,unique,734064,0
DESVENLAFAXINE,2021,2022,3364709.0,1035109.0,21870612.4,6.5,21.13,6.0,3244541.0,0.037,998141.0,0.037,21089519.1,0.037,0.0,3,3304625.0,84971.61,21480065.75,0,0,0,-1,Unclassified / General,0,unique,734064,0
DESVENLAFAXINE,2022,2023,3484877.0,1072077.0,22651705.7,6.5,21.13,6.0,3364709.0,0.0357,1035109.0,0.0357,21870612.4,0.0357,0.0,4,3424793.0,84971.61,22261159.05,0,0,0,-1,Unclassified / General,0,unique,734064,0
DESVENLAFAXINE,2023,2024,3605046.0,1109046.0,23432799.0,6.5,21.13,6.0,3484877.0,0.0345,1072077.0,0.0345,22651705.7,0.0345,0.0,5,3544961.5,84972.31,23042252.35,0,0,0,-1,Unclassified / General,0,unique,734064,0
MIRTAZAPINE,2018,2019,3703547.0,623547.0,179622029.5,48.5,288.06,4.0,3703547.0,0.0,623547.0,0.0,179622029.5,0.0,0.0,0,3703547.0,0.0,179622029.5,1,0,0,-1,Unclassified / General,0,unique,15996,0
MIRTAZAPINE,2019,2020,3851688.0,648488.0,186806910.68,48.5,288.07,4.0,3703547.0,0.04,623547.0,0.04,179622029.5,0.04,0.0,1,3777617.5,104751.51,183214470.09,0,0,0,-1,Unclassified / General,0,unique,15996,0
MIRTAZAPINE,2020,2021,3999830.0,673430.0,193991791.86,48.5,288.07,4.0,3851688.0,0.0385,648488.0,0.0385,186806910.68,0.0385,0.0,2,3925759.0,104752.21,190399351.27,0,0,0,-1,Unclassified / General,0,unique,15996,0
MIRTAZAPINE,2021,2022,4147972.0,698372.0,201176673.04,48.5,288.07,4.0,3999830.0,0.037,673430.0,0.037,193991791.86,0.037,0.0,3,4073901.0,104752.21,197584232.45,0,0,0,-1,Unclassified / General,0,unique,15996,0
MIRTAZAPINE,2022,2023,4296114.0,723314.0,208361554.22,48.5,288.07,4.0,4147972.0,0.0357,698372.0,0.0357,201176673.04,0.0357,0.0,4,4222043.0,104752.21,204769113.63,0,0,0,-1,Unclassified / General,0,unique,15996,0
MIRTAZAPINE,2023,2024,4444256.0,748256.0,215546435.4,48.5,288.07,4.0,4296114.0,0.0345,723314.0,0.0345,208361554.22,0.0345,0.0,5,4370185.0,104752.21,211953994.81,0,0,0,-1,Unclassified / General,0,unique,15996,0
VORTIOXETINE,2018,2019,3308280.0,228280.0,104210820.0,31.5,456.5,1.0,3308280.0,0.0,228280.0,0.0,104210820.0,0.0,0.0,0,3308280.0,0.0,104210820.0,1,0,0,-1,Unclassified / General,1,unique,1455099,0
VORTIOXETINE,2019,2020,3440611.0,237411.0,108379252.8,31.5,456.5,1.0,3308280.0,0.04,228280.0,0.04,104210820.0,0.04,0.0,1,3374445.5,93572.15,106295036.4,0,0,0,-1,Unclassified / General,1,unique,1455099,0
VORTIOXETINE,2020,2021,3572942.0,246542.0,112547685.6,31.5,456.51,1.0,3440611.0,0.0385,237411.0,0.0385,108379252.8,0.0385,0.0,2,3506776.5,93572.15,110463469.2,0,0,0,-1,Unclassified / General,1,unique,1455099,0
VORTIOXETINE,2021,2022,3705273.0,255673.0,116716118.4,31.5,456.51,1.0,3572942.0,0.037,246542.0,0.037,112547685.6,0.037,0.0,3,3639107.5,93572.15,114631902.0,0,0,0,-1,Unclassified / General,1,unique,1455099,0
VORTIOXETINE,2022,2023,3837604.0,264804.0,120884551.2,31.5,456.51,1.0,3705273.0,0.0357,255673.0,0.0357,116716118.4,0.0357,0.0,4,3771438.5,93572.15,118800334.8,0,0,0,-1,Unclassified / General,1,unique,1455099,0
VORTIOXETINE,2023,2024,3969936.0,273936.0,125052984.0,31.5,456.5,1.0,3837604.0,0.0345,264804.0,0.0345,120884551.2,0.0345,0.0,5,3903770.0,93572.85,122968767.6,0,0,0,-1,Unclassified / General,1,unique,1455099,0
VILAZODONE,2018,2019,1334675.0,254675.0,35368887.5,26.5,138.88,4.0,1334675.0,0.0,254675.0,0.0,35368887.5,0.0,0.0,0,1334675.0,0.0,35368887.5,1,0,0,-1,Unclassified / General,0,unique,1086769,0
VILAZODONE,2019,2020,1388062.0,264862.0,36783643.0,26.5,138.88,4.0,1334675.0,0.04,254675.0,0.04,35368887.5,0.04,0.0,1,1361368.5,37750.31,36076265.25,0,0,0,-1,Unclassified / General,0,unique,1086769,0
VILAZODONE,2020,2021,1441449.0,275049.0,38198398.5,26.5,138.88,4.0,1388062.0,0.0385,264862.0,0.0385,36783643.0,0.0385,0.0,2,1414755.5,37750.31,37491020.75,0,0,0,-1,Unclassified / General,0,unique,1086769,0
VILAZODONE,2021,2022,1494836.0,285236.0,39613154.0,26.5,138.88,4.0,1441449.0,0.037,275049.0,0.037,38198398.5,0.037,0.0,3,1468142.5,37750.31,38905776.25,0,0,0,-1,Unclassified / General,0,unique,1086769,0
VILAZODONE,2022,2023,1548223.0,295423.0,41027909.5,26.5,138.88,4.0,1494836.0,0.0357,285236.0,0.0357,39613154.0,0.0357,0.0,4,1521529.5,37750.31,40320531.75,0,0,0,-1,Unclassified / General,0,unique,1086769,0
VILAZODONE,2023,2024,1601610.0,305610.0,42442665.0,26.5,138.88,4.0,1548223.0,0.0345,295423.0,0.0345,41027909.5,0.0345,0.0,5,1574916.5,37750.31,41735287.25,0,0,0,-1,Unclassified / General,0,unique,1086769,0
BUSPIRONE,2018,2019,1983563.0,903563.0,28761663.5,14.5,31.83,4.0,1983563.0,0.0,903563.0,0.0,28761663.5,0.0,0.0,0,1983563.0,0.0,28761663.5,1,0,0,-1,Unclassified / General,0,unique,1827,0
BUSPIRONE,2019,2020,2062905.0,939705.0,29912130.04,14.5,31.83,4.0,1983563.0,0.04,903563.0,0.04,28761663.5,0.04,0.0,1,2023234.0,56103.27,29336896.77,0,0,0,-1,Unclassified / General,0,unique,1827,0
BUSPIRONE,2020,2021,2142248.0,975848.0,31062596.58,14.5,31.83,4.0,2062905.0,0.0385,939705.0,0.0385,29912130.04,0.0385,0.0,2,2102576.5,56103.97,30487363.31,0,0,0,-1,Unclassified / General,0,unique,1827,0
BUSPIRONE,2021,2022,2221590.0,1011990.0,32213063.12,14.5,31.83,4.0,2142248.0,0.037,975848.0,0.037,31062596.58,0.037,0.0,3,2181919.0,56103.27,31637829.85,0,0,0,-1,Unclassified / General,0,unique,1827,0
BUSPIRONE,2022,2023,2300933.0,1048133.0,33363529.66,14.5,31.83,4.0,2221590.0,0.0357,1011990.0,0.0357,32213063.12,0.0357,0.0,4,2261261.5,56103.97,32788296.39,0,0,0,-1,Unclassified / General,0,unique,1827,0
BUSPIRONE,2023,2024,2380275.0,1084275.0,34513996.2,14.5,31.83,4.0,2300933.0,0.0345,1048133.0,0.0345,33363529.66,0.0345,0.0,5,2340604.0,56103.27,33938762.93,0,0,0,-1,Unclassified / General,0,unique,1827,0
HYDROXYZINE,2018,2019,1755340.0,675340.0,72846610.0,41.5,107.87,5.0,1755340.0,0.0,675340.0,0.0,72846610.0,0.0,0.0,0,1755340.0,0.0,72846610.0,1,0,0,-1,Unclassified / General,0,unique,5553,0
HYDROXYZINE,2019,2020,1825553.0,702353.0,75760474.4,41.5,107.87,5.0,1755340.0,0.04,675340.0,0.04,72846610.0,0.04,0.0,1,1790446.5,49648.09,74303542.2,0,0,0,-1,Unclassified / General,0,unique,5553,0
HYDROXYZINE,2020,2021,1895767.0,729367.0,78674338.8,41.5,107.87,5.0,1825553.0,0.0385,702353.0,0.0385,75760474.4,0.0385,0.0,2,1860660.0,49648.8,77217406.6,0,0,0,-1,Unclassified / General,0,unique,5553,0
HYDROXYZINE,2021,2022,1965980.0,756380.0,81588203.2,41.5,107.87,5.0,1895767.0,0.037,729367.0,0.037,78674338.8,0.037,0.0,3,1930873.5,49648.09,80131271.0,0,0,0,-1,Unclassified / General,0,unique,5553,0
HYDROXYZINE,2022,2023,2036194.0,783394.0,84502067.6,41.5,107.87,5.0,1965980.0,0.0357,756380.0,0.0357,81588203.2,0.0357,0.0,4,2001087.0,49648.8,83045135.4,0,0,0,-1,Unclassified / General,0,unique,5553,0
HYDROXYZINE,2023,2024,2106408.0,810408.0,87415932.0,41.5,107.87,5.0,2036194.0,0.0345,783394.0,0.0345,84502067.6,0.0345,0.0,5,2071301.0,49648.8,85958999.8,0,0,0,-1,Unclassified / General,0,unique,5553,0
DIAZEPAM,2018,2019,2951566.0,871566.0,51652405.0,17.5,59.26,7.0,2951566.0,0.0,871566.0,0.0,51652405.0,0.0,0.0,0,2951566.0,0.0,51652405.0,1,0,0,-1,Unclassified / General,0,unique,3322,0
DIAZEPAM,2019,2020,3069628.0,906428.0,53718501.2,17.5,59.26,7.0,2951566.0,0.04,871566.0,0.04,51652405.0,0.04,0.0,1,3010597.0,83482.44,52685453.1,0,0,0,-1,Unclassified / General,0,unique,3322,0
DIAZEPAM,2020,2021,3187691.0,941291.0,55784597.4,17.5,59.26,7.0,3069628.0,0.0385,906428.0,0.0385,53718501.2,0.0385,0.0,2,3128659.5,83483.15,54751549.3,0,0,0,-1,Unclassified / General,0,unique,3322,0
DIAZEPAM,2021,2022,3305753.0,976153.0,57850693.6,17.5,59.26,7.0,3187691.0,0.037,941291.0,0.037,55784597.4,0.037,0.0,3,3246722.0,83482.44,56817645.5,0,0,0,-1,Unclassified / General,0,unique,3322,0
DIAZEPAM,2022,2023,3423816.0,1011016.0,59916789.8,17.5,59.26,7.0,3305753.0,0.0357,976153.0,0.0357,57850693.6,0.0357,0.0,4,3364784.5,83483.15,58883741.7,0,0,0,-1,Unclassified / General,0,unique,3322,0
DIAZEPAM,2023,2024,3541879.0,1045879.0,61982886.0,17.5,59.26,7.0,3423816.0,0.0345,1011016.0,0.0345,59916789.8,0.0345,0.0,5,3482847.5,83483.15,60949837.9,0,0,0,-1,Unclassified / General,0,unique,3322,0
OXAZEPAM,2018,2019,3065496.0,985496.0,145611060.0,47.5,147.75,1.0,3065496.0,0.0,985496.0,0.0,145611060.0,0.0,0.0,0,3065496.0,0.0,145611060.0,1,0,0,-1,Unclassified / General,1,unique,7781,0
OXAZEPAM,2019,2020,3188115.0,1024915.0,151435502.4,47.5,147.75,1.0,3065496.0,0.04,985496.0,0.04,145611060.0,0.04,0.0,1,3126805.5,86704.73,148523281.2,0,0,0,-1,Unclassified / General,1,unique,7781,0
OXAZEPAM,2020,2021,3310735.0,1064335.0,157259944.8,47.5,147.75,1.0,3188115.0,0.0385,1024915.0,0.0385,151435502.4,0.0385,0.0,2,3249425.0,86705.43,154347723.6,0,0,0,-1,Unclassified / General,1,unique,7781,0
OXAZEPAM,2021,2022,3433355.0,1103755.0,163084387.2,47.5,147.75,1.0,3310735.0,0.037,1064335.0,0.037,157259944.8,0.037,0.0,3,3372045.0,86705.43,160172166.0,0,0,0,-1,Unclassified / General,1,unique,7781,0
OXAZEPAM,2022,2023,3555975.0,1143175.0,168908829.6,47.5,147.75,1.0,3433355.0,0.0357,1103755.0,0.0357,163084387.2,0.0357,0.0,4,3494665.0,86705.43,165996608.4,0,0,0,-1,Unclassified / General,1,unique,7781,0
OXAZEPAM,2023,2024,3678595.0,1182595.0,174733272.0,47.5,147.75,1.0,3555975.0,0.0345,1143175.0,0.0345,168908829.6,0.0345,0.0,5,3617285.0,86705.43,171821050.8,0,0,0,-1,Unclassified / General,1,unique,7781,0
CHLORDIAZEPOXIDE,2018,2019,4548642.0,468642.0,197865927.0,43.5,422.21,3.0,4548642.0,0.0,468642.0,0.0,197865927.0,0.0,0.0,0,4548642.0,0.0,197865927.0,1,0,0,-1,Unclassified / General,0,unique,2356,0
CHLORDIAZEPOXIDE,2019,2020,4730587.0,487387.0,205780564.08,43.5,422.21,3.0,4548642.0,0.04,468642.0,0.04,197865927.0,0.04,0.0,1,4639614.5,128654.54,201823245.54,0,0,0,-1,Unclassified / General,0,unique,2356,0
CHLORDIAZEPOXIDE,2020,2021,4912533.0,506133.0,213695201.16,43.5,422.21,3.0,4730587.0,0.0385,487387.0,0.0385,205780564.08,0.0385,0.0,2,4821560.0,128655.25,209737882.62,0,0,0,-1,Unclassified / General,0,unique,2356,0
CHLORDIAZEPOXIDE,2021,2022,5094479.0,524879.0,221609838.24,43.5,422.21,3.0,4912533.0,0.037,506133.0,0.037,213695201.16,0.037,0.0,3,5003506.0,128655.25,217652519.7,0,0,0,-1,Unclassified / General,0,unique,2356,0
CHLORDIAZEPOXIDE,2022,2023,5276424.0,543624.0,229524475.32,43.5,422.21,3.0,5094479.0,0.0357,524879.0,0.0357,221609838.24,0.0357,0.0,4,5185451.5,128654.54,225567156.78,0,0,0,-1,Unclassified / General,0,unique,2356,0
CHLORDIAZEPOXIDE,2023,2024,5458370.0,562370.0,237439112.4,43.5,422.21,3.0,5276424.0,0.0345,543624.0,0.0345,229524475.32,0.0345,0.0,5,5367397.0,128655.25,233481793.86,0,0,0,-1,Unclassified / General,0,unique,2356,0
TEMAZEPAM,2018,2019,845466.0,765466.0,14795655.0,17.5,19.33,3.0,845466.0,0.0,765466.0,0.0,14795655.0,0.0,0.0,0,845466.0,0.0,14795655.0,1,0,0,-1,Unclassified / General,0,unique,10355,0
TEMAZEPAM,2019,2020,879284.0,796084.0,15387481.2,17.5,19.33,3.0,845466.0,0.04,765466.0,0.04,14795655.0,0.04,0.0,1,862375.0,23912.94,15091568.1,0,0,0,-1,Unclassified / General,0,unique,10355,0
TEMAZEPAM,2020,2021,913103.0,826703.0,15979307.4,17.5,19.33,3.0,879284.0,0.0385,796084.0,0.0385,15387481.2,0.0385,0.0,2,896193.5,23913.64,15683394.3,0,0,0,-1,Unclassified / General,0,unique,10355,0
TEMAZEPAM,2021,2022,946921.0,857321.0,16571133.6,17.5,19.33,3.0,913103.0,0.037,826703.0,0.037,15979307.4,0.037,0.0,3,930012.0,23912.94,16275220.5,0,0,0,-1,Unclassified / General,0,unique,10355,0
TEMAZEPAM,2022,2023,980740.0,887940.0,17162959.8,17.5,19.33,3.0,946921.0,0.0357,857321.0,0.0357,16571133.6,0.0357,0.0,4,963830.5,23913.64,16867046.7,0,0,0,-1,Unclassified / General,0,unique,10355,0
TEMAZEPAM,2023,2024,1014559.0,918559.0,17754786.0,17.5,19.33,3.0,980740.0,0.0345,887940.0,0.0345,17162959.8,0.0345,0.0,5,997649.5,23913.64,17458872.9,0,0,0,-1,Unclassified / General,0,unique,10355,0
ESZOPICLONE,2018,2019,2979578.0,899578.0,87897551.0,29.5,97.71,3.0,2979578.0,0.0,899578.0,0.0,87897551.0,0.0,0.0,0,2979578.0,0.0,87897551.0,1,0,0,-1,Unclassified / General,0,unique,461016,0
ESZOPICLONE,2019,2020,3098761.0,935561.0,91413453.04,29.5,97.71,3.0,2979578.0,0.04,899578.0,0.04,87897551.0,0.04,0.0,1,3039169.5,84275.11,89655502.02,0,0,0,-1,Unclassified / General,0,unique,461016,0
ESZOPICLONE,2020,2021,3217944.0,971544.0,94929355.08,29.5,97.71,3.0,3098761.0,0.0385,935561.0,0.0385,91413453.04,0.0385,0.0,2,3158352.5,84275.11,93171404.06,0,0,0,-1,Unclassified / General,0,unique,461016,0
ESZOPICLONE,2021,2022,3337127.0,1007527.0,98445257.12,29.5,97.71,3.0,3217944.0,0.037,971544.0,0.037,94929355.08,0.037,0.0,3,3277535.5,84275.11,96687306.1,0,0,0,-1,Unclassified / General,0,unique,461016,0
ESZOPICLONE,2022,2023,3456310.0,1043510.0,101961159.16,29.5,97.71,3.0,3337127.0,0.0357,1007527.0,0.0357,98445257.12,0.0357,0.0,4,3396718.5,84275.11,100203208.14,0,0,0,-1,Unclassified / General,0,unique,461016,0
ESZOPICLONE,2023,2024,3575493.0,1079493.0,105477061.2,29.5,97.71,3.0,3456310.0,0.0345,1043510.0,0.0345,101961159.16,0.0345,0.0,5,3515901.5,84275.11,103719110.18,0,0,0,-1,Unclassified / General,0,unique,461016,0
ZALEPLON,2018,2019,502874.0,422874.0,12823287.0,25.5,30.32,3.0,502874.0,0.0,422874.0,0.0,12823287.0,0.0,0.0,0,502874.0,0.0,12823287.0,1,0,0,-1,Unclassified / General,0,unique,74667,0
ZALEPLON,2019,2020,522988.0,439788.0,13336218.48,25.5,30.32,3.0,502874.0,0.04,422874.0,0.04,12823287.0,0.04,0.0,1,512931.0,14222.75,13079752.74,0,0,0,-1,Unclassified / General,0,unique,74667,0
ZALEPLON,2020,2021,543103.0,456703.0,13849149.96,25.5,30.32,3.0,522988.0,0.0385,439788.0,0.0385,13336218.48,0.0385,0.0,2,533045.5,14223.45,13592684.22,0,0,0,-1,Unclassified / General,0,unique,74667,0
ZALEPLON,2021,2022,563218.0,473618.0,14362081.44,25.5,30.32,3.0,543103.0,0.037,456703.0,0.037,13849149.96,0.037,0.0,3,553160.5,14223.45,14105615.7,0,0,0,-1,Unclassified / General,0,unique,74667,0
ZALEPLON,2022,2023,583333.0,490533.0,14875012.92,25.5,30.32,3.0,563218.0,0.0357,473618.0,0.0357,14362081.44,0.0357,0.0,4,573275.5,14223.45,14618547.18,0,0,0,-1,Unclassified / General,0,unique,74667,0
ZALEPLON,2023,2024,603448.0,507448.0,15387944.4,25.5,30.32,3.0,583333.0,0.0345,490533.0,0.0345,14875012.92,0.0345,0.0,5,593390.5,14223.45,15131478.66,0,0,0,-1,Unclassified / General,0,unique,74667,0
ZIPRASIDONE,2018,2019,1080157.0,1000157.0,9181334.5,8.5,9.18,6.0,1080157.0,0.0,1000157.0,0.0,9181334.5,0.0,0.0,0,1080157.0,0.0,9181334.5,1,0,0,-1,Unclassified / General,0,unique,115698,0
ZIPRASIDONE,2019,2020,1123363.0,1040163.0,9548587.88,8.5,9.18,6.0,1080157.0,0.04,1000157.0,0.04,9181334.5,0.04,0.0,1,1101760.0,30551.26,9364961.19,0,0,0,-1,Unclassified / General,0,unique,115698,0
ZIPRASIDONE,2020,2021,1166569.0,1080169.0,9915841.26,8.5,9.18,6.0,1123363.0,0.0385,1040163.0,0.0385,9548587.88,0.0385,0.0,2,1144966.0,30551.26,9732214.57,0,0,0,-1,Unclassified / General,0,unique,115698,0
ZIPRASIDONE,2021,2022,1209775.0,1120175.0,10283094.64,8.5,9.18,6.0,1166569.0,0.037,1080169.0,0.037,9915841.26,0.037,0.0,3,1188172.0,30551.26,10099467.95,0,0,0,-1,Unclassified / General,0,unique,115698,0
ZIPRASIDONE,2022,2023,1252982.0,1160182.0,10650348.02,8.5,9.18,6.0,1209775.0,0.0357,1120175.0,0.0357,10283094.64,0.0357,0.0,4,1231378.5,30551.96,10466721.33,0,0,0,-1,Unclassified / General,0,unique,115698,0
ZIPRASIDONE,2023,2024,1296188.0,1200188.0,11017601.4,8.5,9.18,6.0,1252982.0,0.0345,1160182.0,0.0345,10650348.02,0.0345,0.0,5,1274585.0,30551.26,10833974.71,0,0,0,-1,Unclassified / General,0,unique,115698,0
PALIPERIDONE,2018,2019,538019.0,458019.0,11029389.5,20.5,24.08,4.0,538019.0,0.0,458019.0,0.0,11029389.5,0.0,0.0,0,538019.0,0.0,11029389.5,1,0,0,-1,Unclassified / General,0,unique,679314,0
PALIPERIDONE,2019,2020,559539.0,476339.0,11470565.08,20.5,24.08,4.0,538019.0,0.04,458019.0,0.04,11029389.5,0.04,0.0,1,548779.0,15216.94,11249977.29,0,0,0,-1,Unclassified / General,0,unique,679314,0
PALIPERIDONE,2020,2021,581060.0,494660.0,11911740.66,20.5,24.08,4.0,559539.0,0.0385,476339.0,0.0385,11470565.08,0.0385,0.0,2,570299.5,15217.65,11691152.87,0,0,0,-1,Unclassified / General,0,unique,679314,0
PALIPERIDONE,2021,2022,602581.0,512981.0,12352916.24,20.5,24.08,4.0,581060.0,0.037,494660.0,0.037,11911740.66,0.037,0.0,3,591820.5,15217.65,12132328.45,0,0,0,-1,Unclassified / General,0,unique,679314,0
PALIPERIDONE,2022,2023,624102.0,531302.0,12794091.82,20.5,24.08,4.0,602581.0,0.0357,512981.0,0.0357,12352916.24,0.0357,0.0,4,613341.5,15217.65,12573504.03,0,0,0,-1,Unclassified / General,0,unique,679314,0
PALIPERIDONE,2023,2024,645622.0,549622.0,13235267.4,20.5,24.08,4.0,624102.0,0.0345,531302.0,0.0345,12794091.82,0.0345,0.0,5,634862.0,15216.94,13014679.61,0,0,0,-1,Unclassified / General,0,unique,679314,0
LURASIDONE,2018,2019,1549090.0,469090.0,64287235.0,41.5,137.05,3.0,1549090.0,0.0,469090.0,0.0,64287235.0,0.0,0.0,0,1549090.0,0.0,64287235.0,1,0,0,-1,Unclassified / General,0,unique,1040028,0
LURASIDONE,2019,2020,1611053.0,487853.0,66858724.4,41.5,137.05,3.0,1549090.0,0.04,469090.0,0.04,64287235.0,0.04,0.0,1,1580071.5,43814.46,65572979.7,0,0,0,-1,Unclassified / General,0,unique,1040028,0
LURASIDONE,2020,2021,1673017.0,506617.0,69430213.8,41.5,137.05,3.0,1611053.0,0.0385,487853.0,0.0385,66858724.4,0.0385,0.0,2,1642035.0,43815.16,68144469.1,0,0,0,-1,Unclassified / General,0,unique,1040028,0
LURASIDONE,2021,2022,1734980.0,525380.0,72001703.2,41.5,137.05,3.0,1673017.0,0.037,506617.0,0.037,69430213.8,0.037,0.0,3,1703998.5,43814.46,70715958.5,0,0,0,-1,Unclassified / General,0,unique,1040028,0
LURASIDONE,2022,2023,1796944.0,544144.0,74573192.6,41.5,137.05,3.0,1734980.0,0.0357,525380.0,0.0357,72001703.2,0.0357,0.0,4,1765962.0,43815.16,73287447.9,0,0,0,-1,Unclassified / General,0,unique,1040028,0
LURASIDONE,2023,2024,1858908.0,562908.0,77144682.0,41.5,137.05,3.0,1796944.0,0.0345,544144.0,0.0345,74573192.6,0.0345,0.0,5,1827926.0,43815.16,75858937.3,0,0,0,-1,Unclassified / General,0,unique,1040028,0
ASENAPINE,2018,2019,2949547.0,869547.0,143053029.5,48.5,164.51,4.0,2949547.0,0.0,869547.0,0.0,143053029.5,0.0,0.0,0,2949547.0,0.0,143053029.5,1,0,0,-1,Unclassified / General,0,unique,784649,0
ASENAPINE,2019,2020,3067528.0,904328.0,148775150.68,48.5,164.51,4.0,2949547.0,0.04,869547.0,0.04,143053029.5,0.04,0.0,1,3008537.5,83425.17,145914090.09,0,0,0,-1,Unclassified / General,0,unique,784649,0
ASENAPINE,2020,2021,3185510.0,939110.0,154497271.86,48.5,164.51,4.0,3067528.0,0.0385,904328.0,0.0385,148775150.68,0.0385,0.0,2,3126519.0,83425.87,151636211.27,0,0,0,-1,Unclassified / General,0,unique,784649,0
ASENAPINE,2021,2022,3303492.0,973892.0,160219393.04,48.5,164.51,4.0,3185510.0,0.037,939110.0,0.037,154497271.86,0.037,0.0,3,3244501.0,83425.87,157358332.45,0,0,0,-1,Unclassified / General,0,unique,784649,0
ASENAPINE,2022,2023,3421474.0,1008674.0,165941514.22,48.5,164.51,4.0,3303492.0,0.0357,973892.0,0.0357,160219393.04,0.0357,0.0,4,3362483.0,83425.87,163080453.63,0,0,0,-1,Unclassified / General,0,unique,784649,0
ASENAPINE,2023,2024,3539456.0,1043456.0,171663635.4,48.5,164.51,4.0,3421474.0,0.0345,1008674.0,0.0345,165941514.22,0.0345,0.0,5,3480465.0,83425.87,168802574.81,0,0,0,-1,Unclassified / General,0,unique,784649,0
CLOZAPINE,2018,2019,2051882.0,971882.0,68738047.0,33.5,70.73,3.0,2051882.0,0.0,971882.0,0.0,68738047.0,0.0,0.0,0,2051882.0,0.0,68738047.0,1,0,0,-1,Unclassified / General,0,unique,2626,0
CLOZAPINE,2019,2020,2133957.0,1010757.0,71487568.88,33.5,70.73,3.0,2051882.0,0.04,971882.0,0.04,68738047.0,0.04,0.0,1,2092919.5,58035.79,70112807.94,0,0,0,-1,Unclassified / General,0,unique,2626,0
CLOZAPINE,2020,2021,2216032.0,1049632.0,74237090.76,33.5,70.73,3.0,2133957.0,0.0385,1010757.0,0.0385,71487568.88,0.0385,0.0,2,2174994.5,58035.79,72862329.82,0,0,0,-1,Unclassified / General,0,unique,2626,0
CLOZAPINE,2021,2022,2298107.0,1088507.0,76986612.64,33.5,70.73,3.0,2216032.0,0.037,1049632.0,0.037,74237090.76,0.037,0.0,3,2257069.5,58035.79,75611851.7,0,0,0,-1,Unclassified / General,0,unique,2626,0
CLOZAPINE,2022,2023,2380183.0,1127383.0,79736134.52,33.5,70.73,3.0,2298107.0,0.0357,1088507.0,0.0357,76986612.64,0.0357,0.0,4,2339145.0,58036.5,78361373.58,0,0,0,-1,Unclassified / General,0,unique,2626,0
CLOZAPINE,2023,2024,2462258.0,1166258.0,82485656.4,33.5,70.73,3.0,2380183.0,0.0345,1127383.0,0.0345,79736134.52,0.0345,0.0,5,2421220.5,58035.79,81110895.46,0,0,0,-1,Unclassified / General,0,unique,2626,0
HALOPERIDOL,2018,2019,1831823.0,751823.0,44879663.5,24.5,59.69,8.0,1831823.0,0.0,751823.0,0.0,44879663.5,0.0,0.0,0,1831823.0,0.0,44879663.5,1,0,0,-1,Psychiatry,0,unique,5093,0
HALOPERIDOL,2019,2020,1905095.0,781895.0,46674850.04,24.5,59.69,8.0,1831823.0,0.04,751823.0,0.04,44879663.5,0.04,0.0,1,1868459.0,51811.13,45777256.77,0,0,0,-1,Psychiatry,0,unique,5093,0
HALOPERIDOL,2020,2021,1978368.0,811968.0,48470036.58,24.5,59.69,8.0,1905095.0,0.0385,781895.0,0.0385,46674850.04,0.0385,0.0,2,1941731.5,51811.84,47572443.31,0,0,0,-1,Psychiatry,0,unique,5093,0
HALOPERIDOL,2021,2022,2051641.0,842041.0,50265223.12,24.5,59.69,8.0,1978368.0,0.037,811968.0,0.037,48470036.58,0.037,0.0,3,2015004.5,51811.84,49367629.85,0,0,0,-1,Psychiatry,0,unique,5093,0
HALOPERIDOL,2022,2023,2124914.0,872114.0,52060409.66,24.5,59.69,8.0,2051641.0,0.0357,842041.0,0.0357,50265223.12,0.0357,0.0,4,2088277.5,51811.84,51162816.39,0,0,0,-1,Psychiatry,0,unique,5093,0
HALOPERIDOL,2023,2024,2198187.0,902187.0,53855596.2,24.5,59.69,8.0,2124914.0,0.0345,872114.0,0.0345,52060409.66,0.0345,0.0,5,2161550.5,51811.84,52958002.93,0,0,0,-1,Psychiatry,0,unique,5093,0
FLUPHENAZINE,2018,2019,5075271.0,995271.0,114193597.5,22.5,114.74,8.0,5075271.0,0.0,995271.0,0.0,114193597.5,0.0,0.0,0,5075271.0,0.0,114193597.5,1,0,0,-1,Unclassified / General,0,unique,4496,0
FLUPHENAZINE,2019,2020,5278281.0,1035081.0,118761341.4,22.5,114.74,8.0,5075271.0,0.04,995271.0,0.04,114193597.5,0.04,0.0,1,5176776.0,143549.75,116477469.45,0,0,0,-1,Unclassified / General,0,unique,4496,0
FLUPHENAZINE,2020,2021,5481292.0,1074892.0,123329085.3,22.5,114.74,8.0,5278281.0,0.0385,1035081.0,0.0385,118761341.4,0.0385,0.0,2,5379786.5,143550.45,121045213.35,0,0,0,-1,Unclassified / General,0,unique,4496,0
FLUPHENAZINE,2021,2022,5684303.0,1114703.0,127896829.2,22.5,114.74,8.0,5481292.0,0.037,1074892.0,0.037,123329085.3,0.037,0.0,3,5582797.5,143550.45,125612957.25,0,0,0,-1,Unclassified / General,0,unique,4496,0
FLUPHENAZINE,2022,2023,5887314.0,1154514.0,132464573.1,22.5,114.74,8.0,5684303.0,0.0357,1114703.0,0.0357,127896829.2,0.0357,0.0,4,5785808.5,143550.45,130180701.15,0,0,0,-1,Unclassified / General,0,unique,4496,0
FLUPHENAZINE,2023,2024,6090325.0,1194325.0,137032317.0,22.5,114.74,8.0,5887314.0,0.0345,1154514.0,0.0345,132464573.1,0.0345,0.0,5,5988819.5,143550.45,134748445.05,0,0,0,-1,Unclassified / General,0,unique,4496,0
PERPHENAZINE,2018,2019,4448830.0,368830.0,140138145.0,31.5,379.95,7.0,4448830.0,0.0,368830.0,0.0,140138145.0,0.0,0.0,0,4448830.0,0.0,140138145.0,1,0,0,-1,Unclassified / General,0,unique,8076,0
PERPHENAZINE,2019,2020,4626783.0,383583.0,145743670.8,31.5,379.95,7.0,4448830.0,0.04,368830.0,0.04,140138145.0,0.04,0.0,1,4537806.5,125831.77,142940907.9,0,0,0,-1,Unclassified / General,0,unique,8076,0
PERPHENAZINE,2020,2021,4804736.0,398336.0,151349196.6,31.5,379.95,7.0,4626783.0,0.0385,383583.0,0.0385,145743670.8,0.0385,0.0,2,4715759.5,125831.77,148546433.7,0,0,0,-1,Unclassified / General,0,unique,8076,0
PERPHENAZINE,2021,2022,4982689.0,413089.0,156954722.4,31.5,379.95,7.0,4804736.0,0.037,398336.0,0.037,151349196.6,0.037,0.0,3,4893712.5,125831.77,154151959.5,0,0,0,-1,Unclassified / General,0,unique,8076,0
PERPHENAZINE,2022,2023,5160642.0,427842.0,162560248.2,31.5,379.95,7.0,4982689.0,0.0357,413089.0,0.0357,156954722.4,0.0357,0.0,4,5071665.5,125831.77,159757485.3,0,0,0,-1,Unclassified / General,0,unique,8076,0
PERPHENAZINE,2023,2024,5338596.0,442596.0,168165774.0,31.5,379.95,7.0,5160642.0,0.0345,427842.0,0.0345,162560248.2,0.0345,0.0,5,5249619.0,125832.48,165363011.1,0,0,0,-1,Unclassified / General,0,unique,8076,0
THIORIDAZINE,2018,2019,3967089.0,887089.0,160667104.5,40.5,181.12,2.0,3967089.0,0.0,887089.0,0.0,160667104.5,0.0,0.0,0,3967089.0,0.0,160667104.5,1,0,0,-1,Unclassified / General,0,unique,10502,0
THIORIDAZINE,2019,2020,4125772.0,922572.0,167093788.68,40.5,181.12,2.0,3967089.0,0.04,887089.0,0.04,160667104.5,0.04,0.0,1,4046430.5,112205.83,163880446.59,0,0,0,-1,Unclassified / General,0,unique,10502,0
THIORIDAZINE,2020,2021,4284456.0,958056.0,173520472.86,40.5,181.12,2.0,4125772.0,0.0385,922572.0,0.0385,167093788.68,0.0385,0.0,2,4205114.0,112206.53,170307130.77,0,0,0,-1,Unclassified / General,0,unique,10502,0
THIORIDAZINE,2021,2022,4443139.0,993539.0,179947157.04,40.5,181.12,2.0,4284456.0,0.037,958056.0,0.037,173520472.86,0.037,0.0,3,4363797.5,112205.83,176733814.95,0,0,0,-1,Unclassified / General,0,unique,10502,0
THIORIDAZINE,2022,2023,4601823.0,1029023.0,186373841.22,40.5,181.12,2.0,4443139.0,0.0357,993539.0,0.0357,179947157.04,0.0357,0.0,4,4522481.0,112206.53,183160499.13,0,0,0,-1,Unclassified / General,0,unique,10502,0
THIORIDAZINE,2023,2024,4760506.0,1064506.0,192800525.4,40.5,181.12,2.0,4601823.0,0.0345,1029023.0,0.0345,186373841.22,0.0345,0.0,5,4681164.5,112205.83,189587183.31,0,0,0,-1,Unclassified / General,0,unique,10502,0
AMITRIPTYLINE,2018,2019,1885321.0,805321.0,42419722.5,22.5,52.67,2.0,1885321.0,0.0,805321.0,0.0,42419722.5,0.0,0.0,0,1885321.0,0.0,42419722.5,1,0,0,-1,Unclassified / General,0,unique,704,0
AMITRIPTYLINE,2019,2020,1960733.0,837533.0,44116511.4,22.5,52.67,2.0,1885321.0,0.04,805321.0,0.04,42419722.5,0.04,0.0,1,1923027.0,53324.34,43268116.95,0,0,0,-1,Unclassified / General,0,unique,704,0
AMITRIPTYLINE,2020,2021,2036146.0,869746.0,45813300.3,22.5,52.67,2.0,1960733.0,0.0385,837533.0,0.0385,44116511.4,0.0385,0.0,2,1998439.5,53325.04,44964905.85,0,0,0,-1,Unclassified / General,0,unique,704,0
AMITRIPTYLINE,2021,2022,2111559.0,901959.0,47510089.2,22.5,52.67,2.0,2036146.0,0.037,869746.0,0.037,45813300.3,0.037,0.0,3,2073852.5,53325.04,46661694.75,0,0,0,-1,Unclassified / General,0,unique,704,0
AMITRIPTYLINE,2022,2023,2186972.0,934172.0,49206878.1,22.5,52.67,2.0,2111559.0,0.0357,901959.0,0.0357,47510089.2,0.0357,0.0,4,2149265.5,53325.04,48358483.65,0,0,0,-1,Unclassified / General,0,unique,704,0
AMITRIPTYLINE,2023,2024,2262385.0,966385.0,50903667.0,22.5,52.67,2.0,2186972.0,0.0345,934172.0,0.0345,49206878.1,0.0345,0.0,5,2224678.5,53325.04,50055272.55,0,0,0,-1,Unclassified / General,0,unique,704,0
NORTRIPTYLINE,2018,2019,2218035.0,138035.0,80958277.5,36.5,586.51,4.0,2218035.0,0.0,138035.0,0.0,80958277.5,0.0,0.0,0,2218035.0,0.0,80958277.5,1,0,0,-1,Unclassified / General,0,unique,7531,0
NORTRIPTYLINE,2019,2020,2306756.0,143556.0,84196608.6,36.5,586.51,4.0,2218035.0,0.04,138035.0,0.04,80958277.5,0.04,0.0,1,2262395.5,62735.22,82577443.05,0,0,0,-1,Unclassified / General,0,unique,7531,0
NORTRIPTYLINE,2020,2021,2395477.0,149077.0,87434939.7,36.5,586.51,4.0,2306756.0,0.0385,143556.0,0.0385,84196608.6,0.0385,0.0,2,2351116.5,62735.22,85815774.15,0,0,0,-1,Unclassified / General,0,unique,7531,0
NORTRIPTYLINE,2021,2022,2484199.0,154599.0,90673270.8,36.5,586.51,4.0,2395477.0,0.037,149077.0,0.037,87434939.7,0.037,0.0,3,2439838.0,62735.93,89054105.25,0,0,0,-1,Unclassified / General,0,unique,7531,0
NORTRIPTYLINE,2022,2023,2572920.0,160120.0,93911601.9,36.5,586.51,4.0,2484199.0,0.0357,154599.0,0.0357,90673270.8,0.0357,0.0,4,2528559.5,62735.22,92292436.35,0,0,0,-1,Unclassified / General,0,unique,7531,0
NORTRIPTYLINE,2023,2024,2661642.0,165642.0,97149933.0,36.5,586.51,4.0,2572920.0,0.0345,160120.0,0.0345,93911601.9,0.0345,0.0,5,2617281.0,62735.93,95530767.45,0,0,0,-1,Unclassified / General,0,unique,7531,0
IMIPRAMINE,2018,2019,3866057.0,786057.0,32861484.5,8.5,41.81,2.0,3866057.0,0.0,786057.0,0.0,32861484.5,0.0,0.0,0,3866057.0,0.0,32861484.5,1,0,0,-1,Unclassified / General,0,unique,5691,0
IMIPRAMINE,2019,2020,4020699.0,817499.0,34175943.88,8.5,41.81,2.0,3866057.0,0.04,786057.0,0.04,32861484.5,0.04,0.0,1,3943378.0,109348.41,33518714.19,0,0,0,-1,Unclassified / General,0,unique,5691,0
IMIPRAMINE,2020,2021,4175341.0,848941.0,35490403.26,8.5,41.81,2.0,4020699.0,0.0385,817499.0,0.0385,34175943.88,0.0385,0.0,2,4098020.0,109348.41,34833173.57,0,0,0,-1,Unclassified / General,0,unique,5691,0
IMIPRAMINE,2021,2022,4329983.0,880383.0,36804862.64,8.5,41.81,2.0,4175341.0,0.037,848941.0,0.037,35490403.26,0.037,0.0,3,4252662.0,109348.41,36147632.95,0,0,0,-1,Unclassified / General,0,unique,5691,0
IMIPRAMINE,2022,2023,4484626.0,911826.0,38119322.02,8.5,41.81,2.0,4329983.0,0.0357,880383.0,0.0357,36804862.64,0.0357,0.0,4,4407304.5,109349.11,37462092.33,0,0,0,-1,Unclassified / General,0,unique,5691,0
IMIPRAMINE,2023,2024,4639268.0,943268.0,39433781.4,8.5,41.81,2.0,4484626.0,0.0345,911826.0,0.0345,38119322.02,0.0345,0.0,5,4561947.0,109348.41,38776551.71,0,0,0,-1,Unclassified / General,0,unique,5691,0
DESIPRAMINE,2018,2019,4880639.0,800639.0,197665879.5,40.5,246.89,8.0,4880639.0,0.0,800639.0,0.0,197665879.5,0.0,0.0,0,4880639.0,0.0,197665879.5,1,0,0,-1,Unclassified / General,0,unique,3247,0
DESIPRAMINE,2019,2020,5075864.0,832664.0,205572514.68,40.5,246.89,8.0,4880639.0,0.04,800639.0,0.04,197665879.5,0.04,0.0,1,4978251.5,138044.92,201619197.09,0,0,0,-1,Unclassified / General,0,unique,3247,0
DESIPRAMINE,2020,2021,5271090.0,864690.0,213479149.86,40.5,246.89,8.0,5075864.0,0.0385,832664.0,0.0385,205572514.68,0.0385,0.0,2,5173477.0,138045.63,209525832.27,0,0,0,-1,Unclassified / General,0,unique,3247,0
DESIPRAMINE,2021,2022,5466315.0,896715.0,221385785.04,40.5,246.89,8.0,5271090.0,0.037,864690.0,0.037,213479149.86,0.037,0.0,3,5368702.5,138044.92,217432467.45,0,0,0,-1,Unclassified / General,0,unique,3247,0
DESIPRAMINE,2022,2023,5661541.0,928741.0,229292420.22,40.5,246.89,8.0,5466315.0,0.0357,896715.0,0.0357,221385785.04,0.0357,0.0,4,5563928.0,138045.63,225339102.63,0,0,0,-1,Unclassified / General,0,unique,3247,0
DESIPRAMINE,2023,2024,5856766.0,960766.0,237199055.4,40.5,246.89,8.0,5661541.0,0.0345,928741.0,0.0345,229292420.22,0.0345,0.0,5,5759153.5,138044.92,233245737.81,0,0,0,-1,Unclassified / General,0,unique,3247,0
DOXEPIN,2018,2019,2013893.0,933893.0,89618238.5,44.5,95.96,6.0,2013893.0,0.0,933893.0,0.0,89618238.5,0.0,0.0,0,2013893.0,0.0,89618238.5,1,0,0,-1,Unclassified / General,0,unique,3638,0
DOXEPIN,2019,2020,2094448.0,971248.0,93202968.04,44.5,95.96,6.0,2013893.0,0.04,933893.0,0.04,89618238.5,0.04,0.0,1,2054170.5,56960.99,91410603.27,0,0,0,-1,Unclassified / General,0,unique,3638,0
DOXEPIN,2020,2021,2175004.0,1008604.0,96787697.58,44.5,95.96,6.0,2094448.0,0.0385,971248.0,0.0385,93202968.04,0.0385,0.0,2,2134726.0,56961.69,94995332.81,0,0,0,-1,Unclassified / General,0,unique,3638,0
DOXEPIN,2021,2022,2255560.0,1045960.0,100372427.12,44.5,95.96,6.0,2175004.0,0.037,1008604.0,0.037,96787697.58,0.037,0.0,3,2215282.0,56961.69,98580062.35,0,0,0,-1,Unclassified / General,0,unique,3638,0
DOXEPIN,2022,2023,2336115.0,1083315.0,103957156.66,44.5,95.96,6.0,2255560.0,0.0357,1045960.0,0.0357,100372427.12,0.0357,0.0,4,2295837.5,56960.99,102164791.89,0,0,0,-1,Unclassified / General,0,unique,3638,0
DOXEPIN,2023,2024,2416671.0,1120671.0,107541886.2,44.5,95.96,6.0,2336115.0,0.0345,1083315.0,0.0345,103957156.66,0.0345,0.0,5,2376393.0,56961.69,105749521.43,0,0,0,-1,Unclassified / General,0,unique,3638,0
CLOMIPRAMINE,2018,2019,1338583.0,258583.0,46181113.5,34.5,178.59,8.0,1338583.0,0.0,258583.0,0.0,46181113.5,0.0,0.0,0,1338583.0,0.0,46181113.5,1,0,0,-1,Unclassified / General,0,unique,2597,0
CLOMIPRAMINE,2019,2020,1392126.0,268926.0,48028358.04,34.5,178.59,8.0,1338583.0,0.04,258583.0,0.04,46181113.5,0.04,0.0,1,1365354.5,37860.62,47104735.77,0,0,0,-1,Unclassified / General,0,unique,2597,0
CLOMIPRAMINE,2020,2021,1445669.0,279269.0,49875602.58,34.5,178.59,8.0,1392126.0,0.0385,268926.0,0.0385,48028358.04,0.0385,0.0,2,1418897.5,37860.62,48951980.31,0,0,0,-1,Unclassified / General,0,unique,2597,0
CLOMIPRAMINE,2021,2022,1499212.0,289612.0,51722847.12,34.5,178.59,8.0,1445669.0,0.037,279269.0,0.037,49875602.58,0.037,0.0,3,1472440.5,37860.62,50799224.85,0,0,0,-1,Unclassified / General,0,unique,2597,0
CLOMIPRAMINE,2022,2023,1552756.0,299956.0,53570091.66,34.5,178.59,8.0,1499212.0,0.0357,289612.0,0.0357,51722847.12,0.0357,0.0,4,1525984.0,37861.33,52646469.39,0,0,0,-1,Unclassified / General,0,unique,2597,0
CLOMIPRAMINE,2023,2024,1606299.0,310299.0,55417336.2,34.5,178.59,8.0,1552756.0,0.0345,299956.0,0.0345,53570091.66,0.0345,0.0,5,1579527.5,37860.62,54493713.93,0,0,0,-1,Unclassified / General,0,unique,2597,0
PHENELZINE,2018,2019,4486501.0,406501.0,11216252.5,2.5,27.59,6.0,4486501.0,0.0,406501.0,0.0,11216252.5,0.0,0.0,0,4486501.0,0.0,11216252.5,1,0,0,-1,Unclassified / General,0,unique,8123,0
PHENELZINE,2019,2020,4665961.0,422761.0,11664902.6,2.5,27.59,6.0,4486501.0,0.04,406501.0,0.04,11216252.5,0.04,0.0,1,4576231.0,126897.38,11440577.55,0,0,0,-1,Unclassified / General,0,unique,8123,0
PHENELZINE,2020,2021,4845421.0,439021.0,12113552.7,2.5,27.59,6.0,4665961.0,0.0385,422761.0,0.0385,11664902.6,0.0385,0.0,2,4755691.0,126897.38,11889227.65,0,0,0,-1,Unclassified / General,0,unique,8123,0
PHENELZINE,2021,2022,5024881.0,455281.0,12562202.8,2.5,27.59,6.0,4845421.0,0.037,439021.0,0.037,12113552.7,0.037,0.0,3,4935151.0,126897.38,12337877.75,0,0,0,-1,Unclassified / General,0,unique,8123,0
PHENELZINE,2022,2023,5204341.0,471541.0,13010852.9,2.5,27.59,6.0,5024881.0,0.0357,455281.0,0.0357,12562202.8,0.0357,0.0,4,5114611.0,126897.38,12786527.85,0,0,0,-1,Unclassified / General,0,unique,8123,0
PHENELZINE,2023,2024,5383801.0,487801.0,13459503.0,2.5,27.59,6.0,5204341.0,0.0345,471541.0,0.0345,13010852.9,0.0345,0.0,5,5294071.0,126897.38,13235177.95,0,0,0,-1,Unclassified / General,0,unique,8123,0
SELEGILINE,2018,2019,4272914.0,192914.0,66230167.0,15.5,343.31,3.0,4272914.0,0.0,192914.0,0.0,66230167.0,0.0,0.0,0,4272914.0,0.0,66230167.0,1,0,0,-1,Unclassified / General,0,unique,9639,0
SELEGILINE,2019,2020,4443830.0,200630.0,68879373.68,15.5,343.32,3.0,4272914.0,0.04,192914.0,0.04,66230167.0,0.04,0.0,1,4358372.0,120855.86,67554770.34,0,0,0,-1,Unclassified / General,0,unique,9639,0
SELEGILINE,2020,2021,4614747.0,208347.0,71528580.36,15.5,343.31,3.0,4443830.0,0.0385,200630.0,0.0385,68879373.68,0.0385,0.0,2,4529288.5,120856.57,70203977.02,0,0,0,-1,Unclassified / General,0,unique,9639,0
SELEGILINE,2021,2022,4785663.0,216063.0,74177787.04,15.5,343.32,3.0,4614747.0,0.037,208347.0,0.037,71528580.36,0.037,0.0,3,4700205.0,120855.86,72853183.7,0,0,0,-1,Unclassified / General,0,unique,9639,0
SELEGILINE,2022,2023,4956580.0,223780.0,76826993.72,15.5,343.31,3.0,4785663.0,0.0357,216063.0,0.0357,74177787.04,0.0357,0.0,4,4871121.5,120856.57,75502390.38,0,0,0,-1,Unclassified / General,0,unique,9639,0
SELEGILINE,2023,2024,5127496.0,231496.0,79476200.4,15.5,343.32,3.0,4956580.0,0.0345,223780.0,0.0345,76826993.72,0.0345,0.0,5,5042038.0,120855.86,78151597.06,0,0,0,-1,Unclassified / General,0,unique,9639,0
LEVOTHYROXINE,2018,2019,3129733.0,49733.0,107975788.5,34.5,2171.11,6.0,3129733.0,0.0,49733.0,0.0,107975788.5,0.0,0.0,0,3129733.0,0.0,107975788.5,1,0,0,-1,Unclassified / General,0,unique,10582,0
LEVOTHYROXINE,2019,2020,3254922.0,51722.0,112294820.04,34.5,2171.12,6.0,3129733.0,0.04,49733.0,0.04,107975788.5,0.04,0.0,1,3192327.5,88521.99,110135304.27,0,0,0,-1,Unclassified / General,0,unique,10582,0
LEVOTHYROXINE,2020,2021,3380111.0,53711.0,116613851.58,34.5,2171.14,6.0,3254922.0,0.0385,51722.0,0.0385,112294820.04,0.0385,0.0,2,3317516.5,88521.99,114454335.81,0,0,0,-1,Unclassified / General,0,unique,10582,0
LEVOTHYROXINE,2021,2022,3505300.0,55700.0,120932883.12,34.5,2171.15,6.0,3380111.0,0.037,53711.0,0.037,116613851.58,0.037,0.0,3,3442705.5,88521.99,118773367.35,0,0,0,-1,Unclassified / General,0,unique,10582,0
LEVOTHYROXINE,2022,2023,3630490.0,57690.0,125251914.66,34.5,2171.12,6.0,3505300.0,0.0357,55700.0,0.0357,120932883.12,0.0357,0.0,4,3567895.0,88522.7,123092398.89,0,0,0,-1,Unclassified / General,0,unique,10582,0
LEVOTHYROXINE,2023,2024,3755679.0,59679.0,129570946.2,34.5,2171.13,6.0,3630490.0,0.0345,57690.0,0.0345,125251914.66,0.0345,0.0,5,3693084.5,88521.99,127411430.43,0,0,0,-1,Unclassified / General,0,unique,10582,0
METFORMIN,2018,2019,2033405.0,953405.0,13217132.5,6.5,13.86,6.0,2033405.0,0.0,953405.0,0.0,13217132.5,0.0,0.0,0,2033405.0,0.0,13217132.5,1,0,0,-1,Unclassified / General,0,unique,6809,0
METFORMIN,2019,2020,2114741.0,991541.0,13745817.8,6.5,13.86,6.0,2033405.0,0.04,953405.0,0.04,13217132.5,0.04,0.0,1,2074073.0,57513.24,13481475.15,0,0,0,-1,Unclassified / General,0,unique,6809,0
METFORMIN,2020,2021,2196077.0,1029677.0,14274503.1,6.5,13.86,6.0,2114741.0,0.0385,991541.0,0.0385,13745817.8,0.0385,0.0,2,2155409.0,57513.24,14010160.45,0,0,0,-1,Unclassified / General,0,unique,6809,0
METFORMIN,2021,2022,2277413.0,1067813.0,14803188.4,6.5,13.86,6.0,2196077.0,0.037,1029677.0,0.037,14274503.1,0.037,0.0,3,2236745.0,57513.24,14538845.75,0,0,0,-1,Unclassified / General,0,unique,6809,0
METFORMIN,2022,2023,2358749.0,1105949.0,15331873.7,6.5,13.86,6.0,2277413.0,0.0357,1067813.0,0.0357,14803188.4,0.0357,0.0,4,2318081.0,57513.24,15067531.05,0,0,0,-1,Unclassified / General,0,unique,6809,0
METFORMIN,2023,2024,2440086.0,1144086.0,15860559.0,6.5,13.86,6.0,2358749.0,0.0345,1105949.0,0.0345,15331873.7,0.0345,0.0,5,2399417.5,57513.94,15596216.35,0,0,0,-1,Unclassified / General,0,unique,6809,0
SITAGLIPTIN,2018,2019,836322.0,756322.0,19653567.0,23.5,25.99,3.0,836322.0,0.0,756322.0,0.0,19653567.0,0.0,0.0,0,836322.0,0.0,19653567.0,1,0,0,-1,Unclassified / General,0,unique,593411,0
SITAGLIPTIN,2019,2020,869774.0,786574.0,20439709.68,23.5,25.99,3.0,836322.0,0.04,756322.0,0.04,19653567.0,0.04,0.0,1,853048.0,23654.14,20046638.34,0,0,0,-1,Unclassified / General,0,unique,593411,0
SITAGLIPTIN,2020,2021,903227.0,816827.0,21225852.36,23.5,25.99,3.0,869774.0,0.0385,786574.0,0.0385,20439709.68,0.0385,0.0,2,886500.5,23654.84,20832781.02,0,0,0,-1,Unclassified / General,0,unique,593411,0
SITAGLIPTIN,2021,2022,936680.0,847080.0,22011995.04,23.5,25.99,3.0,903227.0,0.037,816827.0,0.037,21225852.36,0.037,0.0,3,919953.5,23654.84,21618923.7,0,0,0,-1,Unclassified / General,0,unique,593411,0
SITAGLIPTIN,2022,2023,970133.0,877333.0,22798137.72,23.5,25.99,3.0,936680.0,0.0357,847080.0,0.0357,22011995.04,0.0357,0.0,4,953406.5,23654.84,22405066.38,0,0,0,-1,Unclassified / General,0,unique,593411,0
SITAGLIPTIN,2023,2024,1003586.0,907586.0,23584280.4,23.5,25.99,3.0,970133.0,0.0345,877333.0,0.0345,22798137.72,0.0345,0.0,5,986859.5,23654.84,23191209.06,0,0,0,-1,Unclassified / General,0,unique,593411,0
GLIPIZIDE,2018,2019,1194630.0,114630.0,37630845.0,31.5,328.28,7.0,1194630.0,0.0,114630.0,0.0,37630845.0,0.0,0.0,0,1194630.0,0.0,37630845.0,1,0,0,-1,Unclassified / General,0,unique,4821,0
GLIPIZIDE,2019,2020,1242415.0,119215.0,39136078.8,31.5,328.28,7.0,1194630.0,0.04,114630.0,0.04,37630845.0,0.04,0.0,1,1218522.5,33789.1,38383461.9,0,0,0,-1,Unclassified / General,0,unique,4821,0
GLIPIZIDE,2020,2021,1290200.0,123800.0,40641312.6,31.5,328.28,7.0,1242415.0,0.0385,119215.0,0.0385,39136078.8,0.0385,0.0,2,1266307.5,33789.1,39888695.7,0,0,0,-1,Unclassified / General,0,unique,4821,0
GLIPIZIDE,2021,2022,1337985.0,128385.0,42146546.4,31.5,328.28,7.0,1290200.0,0.037,123800.0,0.037,40641312.6,0.037,0.0,3,1314092.5,33789.1,41393929.5,0,0,0,-1,Unclassified / General,0,unique,4821,0
GLIPIZIDE,2022,2023,1385770.0,132970.0,43651780.2,31.5,328.28,7.0,1337985.0,0.0357,128385.0,0.0357,42146546.4,0.0357,0.0,4,1361877.5,33789.1,42899163.3,0,0,0,-1,Unclassified / General,0,unique,4821,0
GLIPIZIDE,2023,2024,1433556.0,137556.0,45157014.0,31.5,328.28,7.0,1385770.0,0.0345,132970.0,0.0345,43651780.2,0.0345,0.0,5,1409663.0,33789.8,44404397.1,0,0,0,-1,Unclassified / General,0,unique,4821,0
GLIMEPIRIDE,2018,2019,2184826.0,104826.0,60082715.0,27.5,573.17,3.0,2184826.0,0.0,104826.0,0.0,60082715.0,0.0,0.0,0,2184826.0,0.0,60082715.0,1,0,0,-1,Unclassified / General,0,unique,25789,0
GLIMEPIRIDE,2019,2020,2272219.0,109019.0,62486023.6,27.5,573.17,3.0,2184826.0,0.04,104826.0,0.04,60082715.0,0.04,0.0,1,2228522.5,61796.18,61284369.3,0,0,0,-1,Unclassified / General,0,unique,25789,0
GLIMEPIRIDE,2020,2021,2359612.0,113212.0,64889332.2,27.5,573.17,3.0,2272219.0,0.0385,109019.0,0.0385,62486023.6,0.0385,0.0,2,2315915.5,61796.18,63687677.9,0,0,0,-1,Unclassified / General,0,unique,25789,0
GLIMEPIRIDE,2021,2022,2447005.0,117405.0,67292640.8,27.5,573.17,3.0,2359612.0,0.037,113212.0,0.037,64889332.2,0.037,0.0,3,2403308.5,61796.18,66090986.5,0,0,0,-1,Unclassified / General,0,unique,25789,0
GLIMEPIRIDE,2022,2023,2534398.0,121598.0,69695949.4,27.5,573.17,3.0,2447005.0,0.0357,117405.0,0.0357,67292640.8,0.0357,0.0,4,2490701.5,61796.18,68494295.1,0,0,0,-1,Unclassified / General,0,unique,25789,0
GLIMEPIRIDE,2023,2024,2621791.0,125791.0,72099258.0,27.5,573.17,3.0,2534398.0,0.0345,121598.0,0.0345,69695949.4,0.0345,0.0,5,2578094.5,61796.18,70897603.7,0,0,0,-1,Unclassified / General,0,unique,25789,0
EMPAGLIFLOZIN,2018,2019,4572039.0,492039.0,185167579.5,40.5,376.33,8.0,4572039.0,0.0,492039.0,0.0,185167579.5,0.0,0.0,0,4572039.0,0.0,185167579.5,1,0,0,-1,Unclassified / General,0,unique,1545653,0
EMPAGLIFLOZIN,2019,2020,4754920.0,511720.0,192574282.68,40.5,376.33,8.0,4572039.0,0.04,492039.0,0.04,185167579.5,0.04,0.0,1,4663479.5,129316.4,188870931.09,0,0,0,-1,Unclassified / General,0,unique,1545653,0
EMPAGLIFLOZIN,2020,2021,4937802.0,531402.0,199980985.86,40.5,376.33,8.0,4754920.0,0.0385,511720.0,0.0385,192574282.68,0.0385,0.0,2,4846361.0,129317.1,196277634.27,0,0,0,-1,Unclassified / General,0,unique,1545653,0
EMPAGLIFLOZIN,2021,2022,5120683.0,551083.0,207387689.04,40.5,376.33,8.0,4937802.0,0.037,531402.0,0.037,199980985.86,0.037,0.0,3,5029242.5,129316.4,203684337.45,0,0,0,-1,Unclassified / General,0,unique,1545653,0
EMPAGLIFLOZIN,2022,2023,5303565.0,570765.0,214794392.22,40.5,376.33,8.0,5120683.0,0.0357,551083.0,0.0357,207387689.04,0.0357,0.0,4,5212124.0,129317.1,211091040.63,0,0,0,-1,Unclassified / General,0,unique,1545653,0
EMPAGLIFLOZIN,2023,2024,5486446.0,590446.0,222201095.4,40.5,376.33,8.0,5303565.0,0.0345,570765.0,0.0345,214794392.22,0.0345,0.0,5,5395005.5,129316.4,218497743.81,0,0,0,-1,Unclassified / General,0,unique,1545653,0
DAPAGLIFLOZIN,2018,2019,4485243.0,405243.0,199593313.5,44.5,492.53,4.0,4485243.0,0.0,405243.0,0.0,199593313.5,0.0,0.0,0,4485243.0,0.0,199593313.5,1,0,0,-1,Unclassified / General,0,unique,1488564,0
DAPAGLIFLOZIN,2019,2020,4664652.0,421452.0,207577046.04,44.5,492.53,4.0,4485243.0,0.04,405243.0,0.04,199593313.5,0.04,0.0,1,4574947.5,126861.32,203585179.77,0,0,0,-1,Unclassified / General,0,unique,1488564,0
DAPAGLIFLOZIN,2020,2021,4844062.0,437662.0,215560778.58,44.5,492.53,4.0,4664652.0,0.0385,421452.0,0.0385,207577046.04,0.0385,0.0,2,4754357.0,126862.03,211568912.31,0,0,0,-1,Unclassified / General,0,unique,1488564,0
DAPAGLIFLOZIN,2021,2022,5023472.0,453872.0,223544511.12,44.5,492.53,4.0,4844062.0,0.037,437662.0,0.037,215560778.58,0.037,0.0,3,4933767.0,126862.03,219552644.85,0,0,0,-1,Unclassified / General,0,unique,1488564,0
DAPAGLIFLOZIN,2022,2023,5202881.0,470081.0,231528243.66,44.5,492.53,4.0,5023472.0,0.0357,453872.0,0.0357,223544511.12,0.0357,0.0,4,5113176.5,126861.32,227536377.39,0,0,0,-1,Unclassified / General,0,unique,1488564,0
DAPAGLIFLOZIN,2023,2024,5382291.0,486291.0,239511976.2,44.5,492.53,4.0,5202881.0,0.0345,470081.0,0.0345,231528243.66,0.0345,0.0,5,5292586.0,126862.03,235520109.93,0,0,0,-1,Unclassified / General,0,unique,1488564,0
DULAGLUTIDE,2018,2019,3484433.0,404433.0,120212938.5,34.5,297.24,2.0,3484433.0,0.0,404433.0,0.0,120212938.5,0.0,0.0,0,3484433.0,0.0,120212938.5,1,0,0,-1,Unclassified / General,0,unique,1551291,0
DULAGLUTIDE,2019,2020,3623810.0,420610.0,125021456.04,34.5,297.24,2.0,3484433.0,0.04,404433.0,0.04,120212938.5,0.04,0.0,1,3554121.5,98554.42,122617197.27,0,0,0,-1,Unclassified / General,0,unique,1551291,0
DULAGLUTIDE,2020,2021,3763187.0,436787.0,129829973.58,34.5,297.24,2.0,3623810.0,0.0385,420610.0,0.0385,125021456.04,0.0385,0.0,2,3693498.5,98554.42,127425714.81,0,0,0,-1,Unclassified / General,0,unique,1551291,0
DULAGLUTIDE,2021,2022,3902564.0,452964.0,134638491.12,34.5,297.24,2.0,3763187.0,0.037,436787.0,0.037,129829973.58,0.037,0.0,3,3832875.5,98554.42,132234232.35,0,0,0,-1,Unclassified / General,0,unique,1551291,0
DULAGLUTIDE,2022,2023,4041942.0,469142.0,139447008.66,34.5,297.24,2.0,3902564.0,0.0357,452964.0,0.0357,134638491.12,0.0357,0.0,4,3972253.0,98555.13,137042749.89,0,0,0,-1,Unclassified / General,0,unique,1551291,0
DULAGLUTIDE,2023,2024,4181319.0,485319.0,144255526.2,34.5,297.24,2.0,4041942.0,0.0345,469142.0,0.0345,139447008.66,0.0345,0.0,5,4111630.5,98554.42,141851267.43,0,0,0,-1,Unclassified / General,0,unique,1551291,0
SEMAGLUTIDE,2018,2019,3950773.0,870773.0,96793938.5,24.5,111.16,6.0,3950773.0,0.0,870773.0,0.0,96793938.5,0.0,0.0,0,3950773.0,0.0,96793938.5,1,0,0,-1,Endocrinology/Metabolism,0,unique,1991302,0
SEMAGLUTIDE,2019,2020,4108803.0,905603.0,100665696.04,24.5,111.16,6.0,3950773.0,0.04,870773.0,0.04,96793938.5,0.04,0.0,1,4029788.0,111744.08,98729817.27,0,0,0,-1,Endocrinology/Metabolism,0,unique,1991302,0
SEMAGLUTIDE,2020,2021,4266834.0,940434.0,104537453.58,24.5,111.16,6.0,4108803.0,0.0385,905603.0,0.0385,100665696.04,0.0385,0.0,2,4187818.5,111744.79,102601574.81,0,0,0,-1,Endocrinology/Metabolism,0,unique,1991302,0
SEMAGLUTIDE,2021,2022,4424865.0,975265.0,108409211.12,24.5,111.16,6.0,4266834.0,0.037,940434.0,0.037,104537453.58,0.037,0.0,3,4345849.5,111744.79,106473332.35,0,0,0,-1,Endocrinology/Metabolism,0,unique,1991302,0
SEMAGLUTIDE,2022,2023,4582896.0,1010096.0,112280968.66,24.5,111.16,6.0,4424865.0,0.0357,975265.0,0.0357,108409211.12,0.0357,0.0,4,4503880.5,111744.79,110345089.89,0,0,0,-1,Endocrinology/Metabolism,0,unique,1991302,0
SEMAGLUTIDE,2023,2024,4740927.0,1044927.0,116152726.2,24.5,111.16,6.0,4582896.0,0.0345,1010096.0,0.0345,112280968.66,0.0345,0.0,5,4661911.5,111744.79,114216847.43,0,0,0,-1,Endocrinology/Metabolism,0,unique,1991302,0
PIOGLITAZONE,2018,2019,3988033.0,908033.0,137587138.5,34.5,151.52,2.0,3988033.0,0.0,908033.0,0.0,137587138.5,0.0,0.0,0,3988033.0,0.0,137587138.5,1,0,0,-1,Unclassified / General,0,unique,33738,0
PIOGLITAZONE,2019,2020,4147554.0,944354.0,143090624.04,34.5,151.52,2.0,3988033.0,0.04,908033.0,0.04,137587138.5,0.04,0.0,1,4067793.5,112798.38,140338881.27,0,0,0,-1,Unclassified / General,0,unique,33738,0
PIOGLITAZONE,2020,2021,4307075.0,980675.0,148594109.58,34.5,151.52,2.0,4147554.0,0.0385,944354.0,0.0385,143090624.04,0.0385,0.0,2,4227314.5,112798.38,145842366.81,0,0,0,-1,Unclassified / General,0,unique,33738,0
PIOGLITAZONE,2021,2022,4466596.0,1016996.0,154097595.12,34.5,151.52,2.0,4307075.0,0.037,980675.0,0.037,148594109.58,0.037,0.0,3,4386835.5,112798.38,151345852.35,0,0,0,-1,Unclassified / General,0,unique,33738,0
PIOGLITAZONE,2022,2023,4626118.0,1053318.0,159601080.66,34.5,151.52,2.0,4466596.0,0.0357,1016996.0,0.0357,154097595.12,0.0357,0.0,4,4546357.0,112799.09,156849337.89,0,0,0,-1,Unclassified / General,0,unique,33738,0
PIOGLITAZONE,2023,2024,4785639.0,1089639.0,165104566.2,34.5,151.52,2.0,4626118.0,0.0345,1053318.0,0.0345,159601080.66,0.0345,0.0,5,4705878.5,112798.38,162352823.43,0,0,0,-1,Unclassified / General,0,unique,33738,0
INSULIN,2018,2019,3776818.0,696818.0,73647951.0,19.5,105.69,3.0,3776818.0,0.0,696818.0,0.0,73647951.0,0.0,0.0,0,3776818.0,0.0,73647951.0,1,0,0,-1,Endocrinology/Metabolism,0,unique,253182,0
INSULIN,2019,2020,3927890.0,724690.0,76593869.04,19.5,105.69,3.0,3776818.0,0.04,696818.0,0.04,73647951.0,0.04,0.0,1,3852354.0,106824.04,75120910.02,0,0,0,-1,Endocrinology/Metabolism,0,unique,253182,0
INSULIN,2020,2021,4078963.0,752563.0,79539787.08,19.5,105.69,3.0,3927890.0,0.0385,724690.0,0.0385,76593869.04,0.0385,0.0,2,4003426.5,106824.74,78066828.06,0,0,0,-1,Endocrinology/Metabolism,0,unique,253182,0
INSULIN,2021,2022,4230036.0,780436.0,82485705.12,19.5,105.69,3.0,4078963.0,0.037,752563.0,0.037,79539787.08,0.037,0.0,3,4154499.5,106824.74,81012746.1,0,0,0,-1,Endocrinology/Metabolism,0,unique,253182,0
INSULIN,2022,2023,4381108.0,808308.0,85431623.16,19.5,105.69,3.0,4230036.0,0.0357,780436.0,0.0357,82485705.12,0.0357,0.0,4,4305572.0,106824.04,83958664.14,0,0,0,-1,Endocrinology/Metabolism,0,unique,253182,0
INSULIN,2023,2024,4532181.0,836181.0,88377541.2,19.5,105.69,3.0,4381108.0,0.0345,808308.0,0.0345,85431623.16,0.0345,0.0,5,4456644.5,106824.74,86904582.18,0,0,0,-1,Endocrinology/Metabolism,0,unique,253182,0
MEDROXYPROGESTERONE,2018,2019,2887452.0,807452.0,10106082.0,3.5,12.52,5.0,2887452.0,0.0,807452.0,0.0,10106082.0,0.0,0.0,0,2887452.0,0.0,10106082.0,1,0,0,-1,Urology,0,unique,6691,0
MEDROXYPROGESTERONE,2019,2020,3002950.0,839750.0,10510325.28,3.5,12.52,5.0,2887452.0,0.04,807452.0,0.04,10106082.0,0.04,0.0,1,2945201.0,81669.42,10308203.64,0,0,0,-1,Urology,0,unique,6691,0
MEDROXYPROGESTERONE,2020,2021,3118448.0,872048.0,10914568.56,3.5,12.52,5.0,3002950.0,0.0385,839750.0,0.0385,10510325.28,0.0385,0.0,2,3060699.0,81669.42,10712446.92,0,0,0,-1,Urology,0,unique,6691,0
MEDROXYPROGESTERONE,2021,2022,3233946.0,904346.0,11318811.84,3.5,12.52,5.0,3118448.0,0.037,872048.0,0.037,10914568.56,0.037,0.0,3,3176197.0,81669.42,11116690.2,0,0,0,-1,Urology,0,unique,6691,0
MEDROXYPROGESTERONE,2022,2023,3349444.0,936644.0,11723055.12,3.5,12.52,5.0,3233946.0,0.0357,904346.0,0.0357,11318811.84,0.0357,0.0,4,3291695.0,81669.42,11520933.48,0,0,0,-1,Urology,0,unique,6691,0
MEDROXYPROGESTERONE,2023,2024,3464942.0,968942.0,12127298.4,3.5,12.52,5.0,3349444.0,0.0345,936644.0,0.0345,11723055.12,0.0345,0.0,5,3407193.0,81669.42,11925176.76,0,0,0,-1,Urology,0,unique,6691,0
HYDROCORTISONE,2018,2019,3894781.0,814781.0,126580382.5,32.5,155.36,6.0,3894781.0,0.0,814781.0,0.0,126580382.5,0.0,0.0,0,3894781.0,0.0,126580382.5,1,0,0,-1,Analgesia/Addiction,0,unique,5492,0
HYDROCORTISONE,2019,2020,4050572.0,847372.0,131643597.8,32.5,155.36,6.0,3894781.0,0.04,814781.0,0.04,126580382.5,0.04,0.0,1,3972676.5,110160.87,129111990.15,0,0,0,-1,Analgesia/Addiction,0,unique,5492,0
HYDROCORTISONE,2020,2021,4206363.0,879963.0,136706813.1,32.5,155.36,6.0,4050572.0,0.0385,847372.0,0.0385,131643597.8,0.0385,0.0,2,4128467.5,110160.87,134175205.45,0,0,0,-1,Analgesia/Addiction,0,unique,5492,0
HYDROCORTISONE,2021,2022,4362154.0,912554.0,141770028.4,32.5,155.36,6.0,4206363.0,0.037,879963.0,0.037,136706813.1,0.037,0.0,3,4284258.5,110160.87,139238420.75,0,0,0,-1,Analgesia/Addiction,0,unique,5492,0
HYDROCORTISONE,2022,2023,4517945.0,945145.0,146833243.7,32.5,155.36,6.0,4362154.0,0.0357,912554.0,0.0357,141770028.4,0.0357,0.0,4,4440049.5,110160.87,144301636.05,0,0,0,-1,Analgesia/Addiction,0,unique,5492,0
HYDROCORTISONE,2023,2024,4673737.0,977737.0,151896459.0,32.5,155.36,6.0,4517945.0,0.0345,945145.0,0.0345,146833243.7,0.0345,0.0,5,4595841.0,110161.58,149364851.35,0,0,0,-1,Analgesia/Addiction,0,unique,5492,0
PREDNISONE,2018,2019,2351998.0,271998.0,116423901.0,49.5,428.03,7.0,2351998.0,0.0,271998.0,0.0,116423901.0,0.0,0.0,0,2351998.0,0.0,116423901.0,1,0,0,-1,Unclassified / General,0,unique,8640,0
PREDNISONE,2019,2020,2446077.0,282877.0,121080857.04,49.5,428.03,7.0,2351998.0,0.04,271998.0,0.04,116423901.0,0.04,0.0,1,2399037.5,66523.9,118752379.02,0,0,0,-1,Unclassified / General,0,unique,8640,0
PREDNISONE,2020,2021,2540157.0,293757.0,125737813.08,49.5,428.03,7.0,2446077.0,0.0385,282877.0,0.0385,121080857.04,0.0385,0.0,2,2493117.0,66524.61,123409335.06,0,0,0,-1,Unclassified / General,0,unique,8640,0
PREDNISONE,2021,2022,2634237.0,304637.0,130394769.12,49.5,428.03,7.0,2540157.0,0.037,293757.0,0.037,125737813.08,0.037,0.0,3,2587197.0,66524.61,128066291.1,0,0,0,-1,Unclassified / General,0,unique,8640,0
PREDNISONE,2022,2023,2728317.0,315517.0,135051725.16,49.5,428.03,7.0,2634237.0,0.0357,304637.0,0.0357,130394769.12,0.0357,0.0,4,2681277.0,66524.61,132723247.14,0,0,0,-1,Unclassified / General,0,unique,8640,0
PREDNISONE,2023,2024,2822397.0,326397.0,139708681.2,49.5,428.03,7.0,2728317.0,0.0345,315517.0,0.0345,135051725.16,0.0345,0.0,5,2775357.0,66524.61,137380203.18,0,0,0,-1,Unclassified / General,0,unique,8640,0
DEXAMETHASONE,2018,2019,4337794.0,257794.0,197369627.0,45.5,765.61,3.0,4337794.0,0.0,257794.0,0.0,197369627.0,0.0,0.0,0,4337794.0,0.0,197369627.0,1,0,0,-1,Dermatology,0,unique,3264,1
DEXAMETHASONE,2019,2020,4511305.0,268105.0,205264412.08,45.5,765.61,3.0,4337794.0,0.04,257794.0,0.04,197369627.0,0.04,0.0,1,4424549.5,122690.8,201317019.54,0,19,1,0,Dermatology,0,unique,3264,0
DEXAMETHASONE,2020,2021,4684817.0,278417.0,213159197.16,45.5,765.61,3.0,4511305.0,0.0385,268105.0,0.0385,205264412.08,0.0385,0.0,2,4598061.0,122691.51,209211804.62,0,19,1,1,Dermatology,0,unique,3264,0
DEXAMETHASONE,2021,2022,4858329.0,288729.0,221053982.24,45.5,765.61,3.0,4684817.0,0.037,278417.0,0.037,213159197.16,0.037,0.0,3,4771573.0,122691.51,217106589.7,0,19,1,2,Dermatology,0,unique,3264,0
DEXAMETHASONE,2022,2023,5031841.0,299041.0,228948767.32,45.5,765.61,3.0,4858329.0,0.0357,288729.0,0.0357,221053982.24,0.0357,0.0,4,4945085.0,122691.51,225001374.78,0,19,1,3,Dermatology,0,unique,3264,0
DEXAMETHASONE,2023,2024,5205352.0,309352.0,236843552.4,45.5,765.61,3.0,5031841.0,0.0345,299041.0,0.0345,228948767.32,0.0345,0.0,5,5118596.5,122690.8,232896159.86,0,19,1,4,Dermatology,0,unique,3264,0
METHYLPREDNISOLONE,2018,2019,3544099.0,464099.0,178976999.5,50.5,385.64,4.0,3544099.0,0.0,464099.0,0.0,178976999.5,0.0,0.0,0,3544099.0,0.0,178976999.5,1,0,0,-1,Rheumatology,0,unique,6902,0
METHYLPREDNISOLONE,2019,2020,3685862.0,482662.0,186136079.48,50.5,385.64,4.0,3544099.0,0.04,464099.0,0.04,178976999.5,0.04,0.0,1,3614980.5,100241.58,182556539.49,0,0,0,-1,Rheumatology,0,unique,6902,0
METHYLPREDNISOLONE,2020,2021,3827626.0,501226.0,193295159.46,50.5,385.64,4.0,3685862.0,0.0385,482662.0,0.0385,186136079.48,0.0385,0.0,2,3756744.0,100242.29,189715619.47,0,0,0,-1,Rheumatology,0,unique,6902,1
METHYLPREDNISOLONE,2021,2022,3969390.0,519790.0,200454239.44,50.5,385.64,4.0,3827626.0,0.037,501226.0,0.037,193295159.46,0.037,0.0,3,3898508.0,100242.29,196874699.45,0,22,1,0,Rheumatology,0,unique,6902,1
METHYLPREDNISOLONE,2022,2023,4111154.0,538354.0,207613319.42,50.5,385.64,4.0,3969390.0,0.0357,519790.0,0.0357,200454239.44,0.0357,0.0,4,4040272.0,100242.29,204033779.43,0,23,1,0,Rheumatology,0,unique,6902,0
METHYLPREDNISOLONE,2023,2024,4252918.0,556918.0,214772399.4,50.5,385.64,4.0,4111154.0,0.0345,538354.0,0.0345,207613319.42,0.0345,0.0,5,4182036.0,100242.29,211192859.41,0,23,1,1,Rheumatology,0,unique,6902,0
FINASTERIDE,2018,2019,3506726.0,426726.0,96434965.0,27.5,225.99,7.0,3506726.0,0.0,426726.0,0.0,96434965.0,0.0,0.0,0,3506726.0,0.0,96434965.0,1,0,0,-1,Unclassified / General,0,unique,25025,0
FINASTERIDE,2019,2020,3646995.0,443795.0,100292363.6,27.5,225.99,7.0,3506726.0,0.04,426726.0,0.04,96434965.0,0.04,0.0,1,3576860.5,99185.16,98363664.3,0,0,0,-1,Unclassified / General,0,unique,25025,0
FINASTERIDE,2020,2021,3787264.0,460864.0,104149762.2,27.5,225.99,7.0,3646995.0,0.0385,443795.0,0.0385,100292363.6,0.0385,0.0,2,3717129.5,99185.16,102221062.9,0,0,0,-1,Unclassified / General,0,unique,25025,0
FINASTERIDE,2021,2022,3927533.0,477933.0,108007160.8,27.5,225.99,7.0,3787264.0,0.037,460864.0,0.037,104149762.2,0.037,0.0,3,3857398.5,99185.16,106078461.5,0,0,0,-1,Unclassified / General,0,unique,25025,0
FINASTERIDE,2022,2023,4067802.0,495002.0,111864559.4,27.5,225.99,7.0,3927533.0,0.0357,477933.0,0.0357,108007160.8,0.0357,0.0,4,3997667.5,99185.16,109935860.1,0,0,0,-1,Unclassified / General,0,unique,25025,0
FINASTERIDE,2023,2024,4208071.0,512071.0,115721958.0,27.5,225.99,7.0,4067802.0,0.0345,495002.0,0.0345,111864559.4,0.0345,0.0,5,4137936.5,99185.16,113793258.7,0,0,0,-1,Unclassified / General,0,unique,25025,0
TAMSULOSIN,2018,2019,2749107.0,669107.0,23367409.5,8.5,34.92,4.0,2749107.0,0.0,669107.0,0.0,23367409.5,0.0,0.0,0,2749107.0,0.0,23367409.5,1,0,0,-1,Unclassified / General,0,unique,77492,0
TAMSULOSIN,2019,2020,2859071.0,695871.0,24302105.88,8.5,34.92,4.0,2749107.0,0.04,669107.0,0.04,23367409.5,0.04,0.0,1,2804089.0,77756.29,23834757.69,0,0,0,-1,Unclassified / General,0,unique,77492,0
TAMSULOSIN,2020,2021,2969035.0,722635.0,25236802.26,8.5,34.92,4.0,2859071.0,0.0385,695871.0,0.0385,24302105.88,0.0385,0.0,2,2914053.0,77756.29,24769454.07,0,0,0,-1,Unclassified / General,0,unique,77492,0
TAMSULOSIN,2021,2022,3078999.0,749399.0,26171498.64,8.5,34.92,4.0,2969035.0,0.037,722635.0,0.037,25236802.26,0.037,0.0,3,3024017.0,77756.29,25704150.45,0,0,0,-1,Unclassified / General,0,unique,77492,0
TAMSULOSIN,2022,2023,3188964.0,776164.0,27106195.02,8.5,34.92,4.0,3078999.0,0.0357,749399.0,0.0357,26171498.64,0.0357,0.0,4,3133981.5,77757.0,26638846.83,0,0,0,-1,Unclassified / General,0,unique,77492,0
TAMSULOSIN,2023,2024,3298928.0,802928.0,28040891.4,8.5,34.92,4.0,3188964.0,0.0345,776164.0,0.0345,27106195.02,0.0345,0.0,5,3243946.0,77756.29,27573543.21,0,0,0,-1,Unclassified / General,0,unique,77492,0
ALENDRONATE,2018,2019,1908798.0,828798.0,94485501.0,49.5,114.0,7.0,1908798.0,0.0,828798.0,0.0,94485501.0,0.0,0.0,0,1908798.0,0.0,94485501.0,1,0,0,-1,Unclassified / General,0,unique,46041,0
ALENDRONATE,2019,2020,1985149.0,861949.0,98264921.04,49.5,114.0,7.0,1908798.0,0.04,828798.0,0.04,94485501.0,0.04,0.0,1,1946973.5,53988.31,96375211.02,0,0,0,-1,Unclassified / General,0,unique,46041,0
ALENDRONATE,2020,2021,2061501.0,895101.0,102044341.08,49.5,114.0,7.0,1985149.0,0.0385,861949.0,0.0385,98264921.04,0.0385,0.0,2,2023325.0,53989.02,100154631.06,0,0,0,-1,Unclassified / General,0,unique,46041,0
ALENDRONATE,2021,2022,2137853.0,928253.0,105823761.12,49.5,114.0,7.0,2061501.0,0.037,895101.0,0.037,102044341.08,0.037,0.0,3,2099677.0,53989.02,103934051.1,0,0,0,-1,Unclassified / General,0,unique,46041,0
ALENDRONATE,2022,2023,2214205.0,961405.0,109603181.16,49.5,114.0,7.0,2137853.0,0.0357,928253.0,0.0357,105823761.12,0.0357,0.0,4,2176029.0,53989.02,107713471.14,0,0,0,-1,Unclassified / General,0,unique,46041,0
ALENDRONATE,2023,2024,2290557.0,994557.0,113382601.2,49.5,114.0,7.0,2214205.0,0.0345,961405.0,0.0345,109603181.16,0.0345,0.0,5,2252381.0,53989.02,111492891.18,0,0,0,-1,Unclassified / General,0,unique,46041,0
ERGOCALCIFEROL,2018,2019,2176215.0,96215.0,35907547.5,16.5,373.2,8.0,2176215.0,0.0,96215.0,0.0,35907547.5,0.0,0.0,0,2176215.0,0.0,35907547.5,1,0,0,-1,Unclassified / General,0,unique,4018,0
ERGOCALCIFEROL,2019,2020,2263263.0,100063.0,37343849.4,16.5,373.2,8.0,2176215.0,0.04,96215.0,0.04,35907547.5,0.04,0.0,1,2219739.0,61552.23,36625698.45,0,0,0,-1,Unclassified / General,0,unique,4018,0
ERGOCALCIFEROL,2020,2021,2350312.0,103912.0,38780151.3,16.5,373.2,8.0,2263263.0,0.0385,100063.0,0.0385,37343849.4,0.0385,0.0,2,2306787.5,61552.94,38062000.35,0,0,0,-1,Unclassified / General,0,unique,4018,0
ERGOCALCIFEROL,2021,2022,2437360.0,107760.0,40216453.2,16.5,373.2,8.0,2350312.0,0.037,103912.0,0.037,38780151.3,0.037,0.0,3,2393836.0,61552.23,39498302.25,0,0,0,-1,Unclassified / General,0,unique,4018,0
ERGOCALCIFEROL,2022,2023,2524409.0,111609.0,41652755.1,16.5,373.2,8.0,2437360.0,0.0357,107760.0,0.0357,40216453.2,0.0357,0.0,4,2480884.5,61552.94,40934604.15,0,0,0,-1,Unclassified / General,0,unique,4018,0
ERGOCALCIFEROL,2023,2024,2611458.0,115458.0,43089057.0,16.5,373.2,8.0,2524409.0,0.0345,111609.0,0.0345,41652755.1,0.0345,0.0,5,2567933.5,61552.94,42370906.05,0,0,0,-1,Unclassified / General,0,unique,4018,0
CHOLECALCIFEROL,2018,2019,3469182.0,389182.0,116217597.0,33.5,298.62,7.0,3469182.0,0.0,389182.0,0.0,116217597.0,0.0,0.0,0,3469182.0,0.0,116217597.0,1,0,0,-1,Unclassified / General,0,unique,2418,0
CHOLECALCIFEROL,2019,2020,3607949.0,404749.0,120866300.88,33.5,298.62,7.0,3469182.0,0.04,389182.0,0.04,116217597.0,0.04,0.0,1,3538565.5,98123.09,118541948.94,0,0,0,-1,Unclassified / General,0,unique,2418,0
CHOLECALCIFEROL,2020,2021,3746716.0,420316.0,125515004.76,33.5,298.62,7.0,3607949.0,0.0385,404749.0,0.0385,120866300.88,0.0385,0.0,2,3677332.5,98123.09,123190652.82,0,0,0,-1,Unclassified / General,0,unique,2418,0
CHOLECALCIFEROL,2021,2022,3885483.0,435883.0,130163708.64,33.5,298.62,7.0,3746716.0,0.037,420316.0,0.037,125515004.76,0.037,0.0,3,3816099.5,98123.09,127839356.7,0,0,0,-1,Unclassified / General,0,unique,2418,0
CHOLECALCIFEROL,2022,2023,4024251.0,451451.0,134812412.52,33.5,298.62,7.0,3885483.0,0.0357,435883.0,0.0357,130163708.64,0.0357,0.0,4,3954867.0,98123.79,132488060.58,0,0,0,-1,Unclassified / General,0,unique,2418,0
CHOLECALCIFEROL,2023,2024,4163018.0,467018.0,139461116.4,33.5,298.62,7.0,4024251.0,0.0345,451451.0,0.0345,134812412.52,0.0345,0.0,5,4093634.5,98123.09,137136764.46,0,0,0,-1,Unclassified / General,0,unique,2418,0
CALCITRIOL,2018,2019,1420786.0,340786.0,53279475.0,37.5,156.34,3.0,1420786.0,0.0,340786.0,0.0,53279475.0,0.0,0.0,0,1420786.0,0.0,53279475.0,1,0,0,-1,Endocrinology/Metabolism,0,unique,1894,0
CALCITRIOL,2019,2020,1477617.0,354417.0,55410654.0,37.5,156.34,3.0,1420786.0,0.04,340786.0,0.04,53279475.0,0.04,0.0,1,1449201.5,40185.59,54345064.5,0,0,0,-1,Endocrinology/Metabolism,0,unique,1894,0
CALCITRIOL,2020,2021,1534448.0,368048.0,57541833.0,37.5,156.34,3.0,1477617.0,0.0385,354417.0,0.0385,55410654.0,0.0385,0.0,2,1506032.5,40185.59,56476243.5,0,0,0,-1,Endocrinology/Metabolism,0,unique,1894,0
CALCITRIOL,2021,2022,1591280.0,381680.0,59673012.0,37.5,156.34,3.0,1534448.0,0.037,368048.0,0.037,57541833.0,0.037,0.0,3,1562864.0,40186.29,58607422.5,0,0,0,-1,Endocrinology/Metabolism,0,unique,1894,0
CALCITRIOL,2022,2023,1648111.0,395311.0,61804191.0,37.5,156.34,3.0,1591280.0,0.0357,381680.0,0.0357,59673012.0,0.0357,0.0,4,1619695.5,40185.59,60738601.5,0,0,0,-1,Endocrinology/Metabolism,0,unique,1894,0
CALCITRIOL,2023,2024,1704943.0,408943.0,63935370.0,37.5,156.34,3.0,1648111.0,0.0345,395311.0,0.0345,61804191.0,0.0345,0.0,5,1676527.0,40186.29,62869780.5,0,0,0,-1,Endocrinology/Metabolism,0,unique,1894,0
LIOTHYRONINE,2018,2019,3565034.0,485034.0,126558707.0,35.5,260.93,3.0,3565034.0,0.0,485034.0,0.0,126558707.0,0.0,0.0,0,3565034.0,0.0,126558707.0,1,0,0,-1,Unclassified / General,0,unique,10814,0
LIOTHYRONINE,2019,2020,3707635.0,504435.0,131621055.28,35.5,260.93,3.0,3565034.0,0.04,485034.0,0.04,126558707.0,0.04,0.0,1,3636334.5,100834.13,129089881.14,0,0,0,-1,Unclassified / General,0,unique,10814,0
LIOTHYRONINE,2020,2021,3850236.0,523836.0,136683403.56,35.5,260.93,3.0,3707635.0,0.0385,504435.0,0.0385,131621055.28,0.0385,0.0,2,3778935.5,100834.13,134152229.42,0,0,0,-1,Unclassified / General,0,unique,10814,0
LIOTHYRONINE,2021,2022,3992838.0,543238.0,141745751.84,35.5,260.93,3.0,3850236.0,0.037,523836.0,0.037,136683403.56,0.037,0.0,3,3921537.0,100834.84,139214577.7,0,0,0,-1,Unclassified / General,0,unique,10814,0
LIOTHYRONINE,2022,2023,4135439.0,562639.0,146808100.12,35.5,260.93,3.0,3992838.0,0.0357,543238.0,0.0357,141745751.84,0.0357,0.0,4,4064138.5,100834.13,144276925.98,0,0,0,-1,Unclassified / General,0,unique,10814,0
LIOTHYRONINE,2023,2024,4278040.0,582040.0,151870448.4,35.5,260.93,3.0,4135439.0,0.0345,562639.0,0.0345,146808100.12,0.0345,0.0,5,4206739.5,100834.13,149339274.26,0,0,0,-1,Unclassified / General,0,unique,10814,0
METHIMAZOLE,2018,2019,1060268.0,980268.0,20675226.0,19.5,21.09,5.0,1060268.0,0.0,980268.0,0.0,20675226.0,0.0,0.0,0,1060268.0,0.0,20675226.0,1,0,0,-1,Unclassified / General,0,unique,6835,0
METHIMAZOLE,2019,2020,1102678.0,1019478.0,21502235.04,19.5,21.09,5.0,1060268.0,0.04,980268.0,0.04,20675226.0,0.04,0.0,1,1081473.0,29988.4,21088730.52,0,0,0,-1,Unclassified / General,0,unique,6835,0
METHIMAZOLE,2020,2021,1145089.0,1058689.0,22329244.08,19.5,21.09,5.0,1102678.0,0.0385,1019478.0,0.0385,21502235.04,0.0385,0.0,2,1123883.5,29989.11,21915739.56,0,0,0,-1,Unclassified / General,0,unique,6835,0
METHIMAZOLE,2021,2022,1187500.0,1097900.0,23156253.12,19.5,21.09,5.0,1145089.0,0.037,1058689.0,0.037,22329244.08,0.037,0.0,3,1166294.5,29989.11,22742748.6,0,0,0,-1,Unclassified / General,0,unique,6835,0
METHIMAZOLE,2022,2023,1229910.0,1137110.0,23983262.16,19.5,21.09,5.0,1187500.0,0.0357,1097900.0,0.0357,23156253.12,0.0357,0.0,4,1208705.0,29988.4,23569757.64,0,0,0,-1,Unclassified / General,0,unique,6835,0
METHIMAZOLE,2023,2024,1272321.0,1176321.0,24810271.2,19.5,21.09,5.0,1229910.0,0.0345,1137110.0,0.0345,23983262.16,0.0345,0.0,5,1251115.5,29989.11,24396766.68,0,0,0,-1,Unclassified / General,0,unique,6835,0
PROPYLTHIOURACIL,2018,2019,1278979.0,198979.0,39008859.5,30.5,196.05,4.0,1278979.0,0.0,198979.0,0.0,39008859.5,0.0,0.0,0,1278979.0,0.0,39008859.5,1,0,0,-1,Unclassified / General,0,unique,8794,0
PROPYLTHIOURACIL,2019,2020,1330138.0,206938.0,40569213.88,30.5,196.05,4.0,1278979.0,0.04,198979.0,0.04,39008859.5,0.04,0.0,1,1304558.5,36174.88,39789036.69,0,0,0,-1,Unclassified / General,0,unique,8794,0
PROPYLTHIOURACIL,2020,2021,1381297.0,214897.0,42129568.26,30.5,196.05,4.0,1330138.0,0.0385,206938.0,0.0385,40569213.88,0.0385,0.0,2,1355717.5,36174.88,41349391.07,0,0,0,-1,Unclassified / General,0,unique,8794,0
PROPYLTHIOURACIL,2021,2022,1432456.0,222856.0,43689922.64,30.5,196.05,4.0,1381297.0,0.037,214897.0,0.037,42129568.26,0.037,0.0,3,1406876.5,36174.88,42909745.45,0,0,0,-1,Unclassified / General,0,unique,8794,0
PROPYLTHIOURACIL,2022,2023,1483615.0,230815.0,45250277.02,30.5,196.05,4.0,1432456.0,0.0357,222856.0,0.0357,43689922.64,0.0357,0.0,4,1458035.5,36174.88,44470099.83,0,0,0,-1,Unclassified / General,0,unique,8794,0
PROPYLTHIOURACIL,2023,2024,1534774.0,238774.0,46810631.4,30.5,196.05,4.0,1483615.0,0.0345,230815.0,0.0345,45250277.02,0.0345,0.0,5,1509194.5,36174.88,46030454.21,0,0,0,-1,Unclassified / General,0,unique,8794,0
GLYBURIDE,2018,2019,1147519.0,67519.0,23524139.5,20.5,348.41,8.0,1147519.0,0.0,67519.0,0.0,23524139.5,0.0,0.0,0,1147519.0,0.0,23524139.5,1,0,0,-1,Endocrinology/Metabolism,0,unique,4815,0
GLYBURIDE,2019,2020,1193419.0,70219.0,24465105.08,20.5,348.41,8.0,1147519.0,0.04,67519.0,0.04,23524139.5,0.04,0.0,1,1170469.0,32456.2,23994622.29,0,0,0,-1,Endocrinology/Metabolism,0,unique,4815,0
GLYBURIDE,2020,2021,1239320.0,72920.0,25406070.66,20.5,348.41,8.0,1193419.0,0.0385,70219.0,0.0385,24465105.08,0.0385,0.0,2,1216369.5,32456.91,24935587.87,0,0,0,-1,Endocrinology/Metabolism,0,unique,4815,0
GLYBURIDE,2021,2022,1285221.0,75621.0,26347036.24,20.5,348.41,8.0,1239320.0,0.037,72920.0,0.037,25406070.66,0.037,0.0,3,1262270.5,32456.91,25876553.45,0,0,0,-1,Endocrinology/Metabolism,0,unique,4815,0
GLYBURIDE,2022,2023,1331122.0,78322.0,27288001.82,20.5,348.41,8.0,1285221.0,0.0357,75621.0,0.0357,26347036.24,0.0357,0.0,4,1308171.5,32456.91,26817519.03,0,0,0,-1,Endocrinology/Metabolism,0,unique,4815,0
GLYBURIDE,2023,2024,1377022.0,81022.0,28228967.4,20.5,348.41,8.0,1331122.0,0.0345,78322.0,0.0345,27288001.82,0.0345,0.0,5,1354072.0,32456.2,27758484.61,0,0,0,-1,Endocrinology/Metabolism,0,unique,4815,0
NATEGLINIDE,2018,2019,3373582.0,293582.0,113014997.0,33.5,384.95,7.0,3373582.0,0.0,293582.0,0.0,113014997.0,0.0,0.0,0,3373582.0,0.0,113014997.0,1,0,0,-1,Unclassified / General,0,unique,274332,0
NATEGLINIDE,2019,2020,3508525.0,305325.0,117535596.88,33.5,384.95,7.0,3373582.0,0.04,293582.0,0.04,113014997.0,0.04,0.0,1,3441053.5,95419.11,115275296.94,0,0,0,-1,Unclassified / General,0,unique,274332,0
NATEGLINIDE,2020,2021,3643468.0,317068.0,122056196.76,33.5,384.95,7.0,3508525.0,0.0385,305325.0,0.0385,117535596.88,0.0385,0.0,2,3575996.5,95419.11,119795896.82,0,0,0,-1,Unclassified / General,0,unique,274332,0
NATEGLINIDE,2021,2022,3778411.0,328811.0,126576796.64,33.5,384.95,7.0,3643468.0,0.037,317068.0,0.037,122056196.76,0.037,0.0,3,3710939.5,95419.11,124316496.7,0,0,0,-1,Unclassified / General,0,unique,274332,0
NATEGLINIDE,2022,2023,3913355.0,340555.0,131097396.52,33.5,384.95,7.0,3778411.0,0.0357,328811.0,0.0357,126576796.64,0.0357,0.0,4,3845883.0,95419.82,128837096.58,0,0,0,-1,Unclassified / General,0,unique,274332,0
NATEGLINIDE,2023,2024,4048298.0,352298.0,135617996.4,33.5,384.95,7.0,3913355.0,0.0345,340555.0,0.0345,131097396.52,0.0345,0.0,5,3980826.5,95419.11,133357696.46,0,0,0,-1,Unclassified / General,0,unique,274332,0
REPAGLINIDE,2018,2019,4654782.0,574782.0,155935197.0,33.5,271.29,7.0,4654782.0,0.0,574782.0,0.0,155935197.0,0.0,0.0,0,4654782.0,0.0,155935197.0,1,0,0,-1,Unclassified / General,0,unique,73044,0
REPAGLINIDE,2019,2020,4840973.0,597773.0,162172604.88,33.5,271.29,7.0,4654782.0,0.04,574782.0,0.04,155935197.0,0.04,0.0,1,4747877.5,131656.92,159053900.94,0,0,0,-1,Unclassified / General,0,unique,73044,0
REPAGLINIDE,2020,2021,5027164.0,620764.0,168410012.76,33.5,271.29,7.0,4840973.0,0.0385,597773.0,0.0385,162172604.88,0.0385,0.0,2,4934068.5,131656.92,165291308.82,0,0,0,-1,Unclassified / General,0,unique,73044,0
REPAGLINIDE,2021,2022,5213355.0,643755.0,174647420.64,33.5,271.29,7.0,5027164.0,0.037,620764.0,0.037,168410012.76,0.037,0.0,3,5120259.5,131656.92,171528716.7,0,0,0,-1,Unclassified / General,0,unique,73044,0
REPAGLINIDE,2022,2023,5399547.0,666747.0,180884828.52,33.5,271.29,7.0,5213355.0,0.0357,643755.0,0.0357,174647420.64,0.0357,0.0,4,5306451.0,131657.63,177766124.58,0,0,0,-1,Unclassified / General,0,unique,73044,0
REPAGLINIDE,2023,2024,5585738.0,689738.0,187122236.4,33.5,271.29,7.0,5399547.0,0.0345,666747.0,0.0345,180884828.52,0.0345,0.0,5,5492642.5,131656.92,184003532.46,0,0,0,-1,Unclassified / General,0,unique,73044,0
ACARBOSE,2018,2019,2544281.0,464281.0,82689132.5,32.5,178.1,2.0,2544281.0,0.0,464281.0,0.0,82689132.5,0.0,0.0,0,2544281.0,0.0,82689132.5,1,0,0,-1,Unclassified / General,0,unique,16681,0
ACARBOSE,2019,2020,2646052.0,482852.0,85996697.8,32.5,178.1,2.0,2544281.0,0.04,464281.0,0.04,82689132.5,0.04,0.0,1,2595166.5,71962.96,84342915.15,0,0,0,-1,Unclassified / General,0,unique,16681,0
ACARBOSE,2020,2021,2747823.0,501423.0,89304263.1,32.5,178.1,2.0,2646052.0,0.0385,482852.0,0.0385,85996697.8,0.0385,0.0,2,2696937.5,71962.96,87650480.45,0,0,0,-1,Unclassified / General,0,unique,16681,0
ACARBOSE,2021,2022,2849594.0,519994.0,92611828.4,32.5,178.1,2.0,2747823.0,0.037,501423.0,0.037,89304263.1,0.037,0.0,3,2798708.5,71962.96,90958045.75,0,0,0,-1,Unclassified / General,0,unique,16681,0
ACARBOSE,2022,2023,2951365.0,538565.0,95919393.7,32.5,178.1,2.0,2849594.0,0.0357,519994.0,0.0357,92611828.4,0.0357,0.0,4,2900479.5,71962.96,94265611.05,0,0,0,-1,Unclassified / General,0,unique,16681,0
ACARBOSE,2023,2024,3053137.0,557137.0,99226959.0,32.5,178.1,2.0,2951365.0,0.0345,538565.0,0.0345,95919393.7,0.0345,0.0,5,3002251.0,71963.67,97573176.35,0,0,0,-1,Unclassified / General,0,unique,16681,0
CANAGLIFLOZIN,2018,2019,4848833.0,768833.0,167284738.5,34.5,217.58,2.0,4848833.0,0.0,768833.0,0.0,167284738.5,0.0,0.0,0,4848833.0,0.0,167284738.5,1,0,0,-1,Unclassified / General,0,unique,1373458,0
CANAGLIFLOZIN,2019,2020,5042786.0,799586.0,173976128.04,34.5,217.58,2.0,4848833.0,0.04,768833.0,0.04,167284738.5,0.04,0.0,1,4945809.5,137145.48,170630433.27,0,0,0,-1,Unclassified / General,0,unique,1373458,0
CANAGLIFLOZIN,2020,2021,5236739.0,830339.0,180667517.58,34.5,217.58,2.0,5042786.0,0.0385,799586.0,0.0385,173976128.04,0.0385,0.0,2,5139762.5,137145.48,177321822.81,0,0,0,-1,Unclassified / General,0,unique,1373458,0
CANAGLIFLOZIN,2021,2022,5430692.0,861092.0,187358907.12,34.5,217.58,2.0,5236739.0,0.037,830339.0,0.037,180667517.58,0.037,0.0,3,5333715.5,137145.48,184013212.35,0,0,0,-1,Unclassified / General,0,unique,1373458,0
CANAGLIFLOZIN,2022,2023,5624646.0,891846.0,194050296.66,34.5,217.58,2.0,5430692.0,0.0357,861092.0,0.0357,187358907.12,0.0357,0.0,4,5527669.0,137146.19,190704601.89,0,0,0,-1,Unclassified / General,0,unique,1373458,0
CANAGLIFLOZIN,2023,2024,5818599.0,922599.0,200741686.2,34.5,217.58,2.0,5624646.0,0.0345,891846.0,0.0345,194050296.66,0.0345,0.0,5,5721622.5,137145.48,197395991.43,0,0,0,-1,Unclassified / General,0,unique,1373458,0
LIRAGLUTIDE,2018,2019,2635614.0,555614.0,40852017.0,15.5,73.53,7.0,2635614.0,0.0,555614.0,0.0,40852017.0,0.0,0.0,0,2635614.0,0.0,40852017.0,1,0,0,-1,Endocrinology/Metabolism,0,unique,475968,0
LIRAGLUTIDE,2019,2020,2741038.0,577838.0,42486097.68,15.5,73.53,7.0,2635614.0,0.04,555614.0,0.04,40852017.0,0.04,0.0,1,2688326.0,74546.03,41669057.34,0,0,0,-1,Endocrinology/Metabolism,0,unique,475968,0
LIRAGLUTIDE,2020,2021,2846463.0,600063.0,44120178.36,15.5,73.53,7.0,2741038.0,0.0385,577838.0,0.0385,42486097.68,0.0385,0.0,2,2793750.5,74546.73,43303138.02,0,0,0,-1,Endocrinology/Metabolism,0,unique,475968,0
LIRAGLUTIDE,2021,2022,2951887.0,622287.0,45754259.04,15.5,73.53,7.0,2846463.0,0.037,600063.0,0.037,44120178.36,0.037,0.0,3,2899175.0,74546.03,44937218.7,0,0,0,-1,Endocrinology/Metabolism,0,unique,475968,0
LIRAGLUTIDE,2022,2023,3057312.0,644512.0,47388339.72,15.5,73.53,7.0,2951887.0,0.0357,622287.0,0.0357,45754259.04,0.0357,0.0,4,3004599.5,74546.73,46571299.38,0,0,0,-1,Endocrinology/Metabolism,0,unique,475968,1
LIRAGLUTIDE,2023,2024,3162736.0,666736.0,49022420.4,15.5,73.53,7.0,3057312.0,0.0345,644512.0,0.0345,47388339.72,0.0345,0.0,5,3110024.0,74546.03,48205380.06,0,9,1,0,Endocrinology/Metabolism,0,unique,475968,0
EXENATIDE,2018,2019,310121.0,230121.0,6977722.5,22.5,30.32,2.0,310121.0,0.0,230121.0,0.0,6977722.5,0.0,0.0,0,310121.0,0.0,6977722.5,1,0,0,-1,Unclassified / General,0,unique,60548,0
EXENATIDE,2019,2020,322525.0,239325.0,7256831.4,22.5,30.32,2.0,310121.0,0.04,230121.0,0.04,6977722.5,0.04,0.0,1,316323.0,8770.95,7117276.95,0,0,0,-1,Unclassified / General,0,unique,60548,0
EXENATIDE,2020,2021,334930.0,248530.0,7535940.3,22.5,30.32,2.0,322525.0,0.0385,239325.0,0.0385,7256831.4,0.0385,0.0,2,328727.5,8771.66,7396385.85,0,0,0,-1,Unclassified / General,0,unique,60548,0
EXENATIDE,2021,2022,347335.0,257735.0,7815049.2,22.5,30.32,2.0,334930.0,0.037,248530.0,0.037,7535940.3,0.037,0.0,3,341132.5,8771.66,7675494.75,0,0,0,-1,Unclassified / General,0,unique,60548,0
EXENATIDE,2022,2023,359740.0,266940.0,8094158.1,22.5,30.32,2.0,347335.0,0.0357,257735.0,0.0357,7815049.2,0.0357,0.0,4,353537.5,8771.66,7954603.65,0,0,0,-1,Unclassified / General,0,unique,60548,0
EXENATIDE,2023,2024,372145.0,276145.0,8373267.0,22.5,30.32,2.0,359740.0,0.0345,266940.0,0.0345,8094158.1,0.0345,0.0,5,365942.5,8771.66,8233712.55,0,0,0,-1,Unclassified / General,0,unique,60548,0
IBANDRONATE,2018,2019,4766345.0,686345.0,221635042.5,46.5,322.92,2.0,4766345.0,0.0,686345.0,0.0,221635042.5,0.0,0.0,0,4766345.0,0.0,221635042.5,1,0,0,-1,Unclassified / General,0,unique,115264,0
IBANDRONATE,2019,2020,4956998.0,713798.0,230500444.2,46.5,322.92,2.0,4766345.0,0.04,686345.0,0.04,221635042.5,0.04,0.0,1,4861671.5,134812.03,226067743.35,0,0,0,-1,Unclassified / General,0,unique,115264,0
IBANDRONATE,2020,2021,5147652.0,741252.0,239365845.9,46.5,322.92,2.0,4956998.0,0.0385,713798.0,0.0385,230500444.2,0.0385,0.0,2,5052325.0,134812.74,234933145.05,0,0,0,-1,Unclassified / General,0,unique,115264,0
IBANDRONATE,2021,2022,5338306.0,768706.0,248231247.6,46.5,322.92,2.0,5147652.0,0.037,741252.0,0.037,239365845.9,0.037,0.0,3,5242979.0,134812.74,243798546.75,0,0,0,-1,Unclassified / General,0,unique,115264,0
IBANDRONATE,2022,2023,5528960.0,796160.0,257096649.3,46.5,322.92,2.0,5338306.0,0.0357,768706.0,0.0357,248231247.6,0.0357,0.0,4,5433633.0,134812.74,252663948.45,0,0,0,-1,Unclassified / General,0,unique,115264,0
IBANDRONATE,2023,2024,5719614.0,823614.0,265962051.0,46.5,322.92,2.0,5528960.0,0.0345,796160.0,0.0345,257096649.3,0.0345,0.0,5,5624287.0,134812.74,261529350.15,0,0,0,-1,Unclassified / General,0,unique,115264,0
RISEDRONATE,2018,2019,1359082.0,279082.0,45529247.0,33.5,163.14,3.0,1359082.0,0.0,279082.0,0.0,45529247.0,0.0,0.0,0,1359082.0,0.0,45529247.0,1,0,0,-1,Unclassified / General,0,unique,73056,0
RISEDRONATE,2019,2020,1413445.0,290245.0,47350416.88,33.5,163.14,3.0,1359082.0,0.04,279082.0,0.04,45529247.0,0.04,0.0,1,1386263.5,38440.45,46439831.94,0,0,0,-1,Unclassified / General,0,unique,73056,0
RISEDRONATE,2020,2021,1467808.0,301408.0,49171586.76,33.5,163.14,3.0,1413445.0,0.0385,290245.0,0.0385,47350416.88,0.0385,0.0,2,1440626.5,38440.45,48261001.82,0,0,0,-1,Unclassified / General,0,unique,73056,0
RISEDRONATE,2021,2022,1522171.0,312571.0,50992756.64,33.5,163.14,3.0,1467808.0,0.037,301408.0,0.037,49171586.76,0.037,0.0,3,1494989.5,38440.45,50082171.7,0,0,0,-1,Unclassified / General,0,unique,73056,0
RISEDRONATE,2022,2023,1576535.0,323735.0,52813926.52,33.5,163.14,3.0,1522171.0,0.0357,312571.0,0.0357,50992756.64,0.0357,0.0,4,1549353.0,38441.15,51903341.58,0,0,0,-1,Unclassified / General,0,unique,73056,0
RISEDRONATE,2023,2024,1630898.0,334898.0,54635096.4,33.5,163.14,3.0,1576535.0,0.0345,323735.0,0.0345,52813926.52,0.0345,0.0,5,1603716.5,38440.45,53724511.46,0,0,0,-1,Unclassified / General,0,unique,73056,0
DENOSUMAB,2018,2019,3950863.0,870863.0,57287513.5,14.5,65.78,8.0,3950863.0,0.0,870863.0,0.0,57287513.5,0.0,0.0,0,3950863.0,0.0,57287513.5,1,0,0,-1,Unclassified / General,0,unique,993449,0
DENOSUMAB,2019,2020,4108897.0,905697.0,59579014.04,14.5,65.78,8.0,3950863.0,0.04,870863.0,0.04,57287513.5,0.04,0.0,1,4029880.0,111746.91,58433263.77,0,0,0,-1,Unclassified / General,0,unique,993449,0
DENOSUMAB,2020,2021,4266932.0,940532.0,61870514.58,14.5,65.78,8.0,4108897.0,0.0385,905697.0,0.0385,59579014.04,0.0385,0.0,2,4187914.5,111747.62,60724764.31,0,0,0,-1,Unclassified / General,0,unique,993449,0
DENOSUMAB,2021,2022,4424966.0,975366.0,64162015.12,14.5,65.78,8.0,4266932.0,0.037,940532.0,0.037,61870514.58,0.037,0.0,3,4345949.0,111746.91,63016264.85,0,0,0,-1,Unclassified / General,0,unique,993449,0
DENOSUMAB,2022,2023,4583001.0,1010201.0,66453515.66,14.5,65.78,8.0,4424966.0,0.0357,975366.0,0.0357,64162015.12,0.0357,0.0,4,4503983.5,111747.62,65307765.39,0,0,0,-1,Unclassified / General,0,unique,993449,0
DENOSUMAB,2023,2024,4741035.0,1045035.0,68745016.2,14.5,65.78,8.0,4583001.0,0.0345,1010201.0,0.0345,66453515.66,0.0345,0.0,5,4662018.0,111746.91,67599265.93,0,0,0,-1,Unclassified / General,0,unique,993449,0
TERIPARATIDE,2018,2019,3189763.0,109763.0,46251563.5,14.5,421.38,4.0,3189763.0,0.0,109763.0,0.0,46251563.5,0.0,0.0,0,3189763.0,0.0,46251563.5,1,0,0,-1,Unclassified / General,0,unique,32915,0
TERIPARATIDE,2019,2020,3317353.0,114153.0,48101626.04,14.5,421.38,4.0,3189763.0,0.04,109763.0,0.04,46251563.5,0.04,0.0,1,3253558.0,90219.75,47176594.77,0,0,0,-1,Unclassified / General,0,unique,32915,0
TERIPARATIDE,2020,2021,3444944.0,118544.0,49951688.58,14.5,421.38,4.0,3317353.0,0.0385,114153.0,0.0385,48101626.04,0.0385,0.0,2,3381148.5,90220.46,49026657.31,0,0,0,-1,Unclassified / General,0,unique,32915,0
TERIPARATIDE,2021,2022,3572534.0,122934.0,51801751.12,14.5,421.38,4.0,3444944.0,0.037,118544.0,0.037,49951688.58,0.037,0.0,3,3508739.0,90219.75,50876719.85,0,0,0,-1,Unclassified / General,0,unique,32915,0
TERIPARATIDE,2022,2023,3700125.0,127325.0,53651813.66,14.5,421.38,4.0,3572534.0,0.0357,122934.0,0.0357,51801751.12,0.0357,0.0,4,3636329.5,90220.46,52726782.39,0,0,0,-1,Unclassified / General,0,unique,32915,0
TERIPARATIDE,2023,2024,3827715.0,131715.0,55501876.2,14.5,421.38,4.0,3700125.0,0.0345,127325.0,0.0345,53651813.66,0.0345,0.0,5,3763920.0,90219.75,54576844.93,0,0,0,-1,Unclassified / General,0,unique,32915,0
DUTASTERIDE,2018,2019,5028789.0,948789.0,203665954.5,40.5,214.66,6.0,5028789.0,0.0,948789.0,0.0,203665954.5,0.0,0.0,0,5028789.0,0.0,203665954.5,1,0,0,-1,Unclassified / General,0,unique,228790,0
DUTASTERIDE,2019,2020,5229940.0,986740.0,211812592.68,40.5,214.66,6.0,5028789.0,0.04,948789.0,0.04,203665954.5,0.04,0.0,1,5129364.5,142235.24,207739273.59,0,0,0,-1,Unclassified / General,0,unique,228790,0
DUTASTERIDE,2020,2021,5431092.0,1024692.0,219959230.86,40.5,214.66,6.0,5229940.0,0.0385,986740.0,0.0385,211812592.68,0.0385,0.0,2,5330516.0,142235.94,215885911.77,0,0,0,-1,Unclassified / General,0,unique,228790,0
DUTASTERIDE,2021,2022,5632243.0,1062643.0,228105869.04,40.5,214.66,6.0,5431092.0,0.037,1024692.0,0.037,219959230.86,0.037,0.0,3,5531667.5,142235.24,224032549.95,0,0,0,-1,Unclassified / General,0,unique,228790,0
DUTASTERIDE,2022,2023,5833395.0,1100595.0,236252507.22,40.5,214.66,6.0,5632243.0,0.0357,1062643.0,0.0357,228105869.04,0.0357,0.0,4,5732819.0,142235.94,232179188.13,0,0,0,-1,Unclassified / General,0,unique,228790,0
DUTASTERIDE,2023,2024,6034546.0,1138546.0,244399145.4,40.5,214.66,6.0,5833395.0,0.0345,1100595.0,0.0345,236252507.22,0.0345,0.0,5,5933970.5,142235.24,240325826.31,0,0,0,-1,Unclassified / General,0,unique,228790,0
SILODOSIN,2018,2019,4811709.0,731709.0,50522944.5,10.5,69.05,6.0,4811709.0,0.0,731709.0,0.0,50522944.5,0.0,0.0,0,4811709.0,0.0,50522944.5,1,0,0,-1,Unclassified / General,0,unique,720825,0
SILODOSIN,2019,2020,5004177.0,760977.0,52543862.28,10.5,69.05,6.0,4811709.0,0.04,731709.0,0.04,50522944.5,0.04,0.0,1,4907943.0,136095.43,51533403.39,0,0,0,-1,Unclassified / General,0,unique,720825,0
SILODOSIN,2020,2021,5196645.0,790245.0,54564780.06,10.5,69.05,6.0,5004177.0,0.0385,760977.0,0.0385,52543862.28,0.0385,0.0,2,5100411.0,136095.43,53554321.17,0,0,0,-1,Unclassified / General,0,unique,720825,0
SILODOSIN,2021,2022,5389114.0,819514.0,56585697.84,10.5,69.05,6.0,5196645.0,0.037,790245.0,0.037,54564780.06,0.037,0.0,3,5292879.5,136096.14,55575238.95,0,0,0,-1,Unclassified / General,0,unique,720825,0
SILODOSIN,2022,2023,5581582.0,848782.0,58606615.62,10.5,69.05,6.0,5389114.0,0.0357,819514.0,0.0357,56585697.84,0.0357,0.0,4,5485348.0,136095.43,57596156.73,0,0,0,-1,Unclassified / General,0,unique,720825,0
SILODOSIN,2023,2024,5774050.0,878050.0,60627533.4,10.5,69.05,6.0,5581582.0,0.0345,848782.0,0.0345,58606615.62,0.0345,0.0,5,5677816.0,136095.43,59617074.51,0,0,0,-1,Unclassified / General,0,unique,720825,0
ALFUZOSIN,2018,2019,2860771.0,780771.0,64367347.5,22.5,82.44,4.0,2860771.0,0.0,780771.0,0.0,64367347.5,0.0,0.0,0,2860771.0,0.0,64367347.5,1,0,0,-1,Unclassified / General,0,unique,17300,0
ALFUZOSIN,2019,2020,2975201.0,812001.0,66942041.4,22.5,82.44,4.0,2860771.0,0.04,780771.0,0.04,64367347.5,0.04,0.0,1,2917986.0,80914.23,65654694.45,0,0,0,-1,Unclassified / General,0,unique,17300,0
ALFUZOSIN,2020,2021,3089632.0,843232.0,69516735.3,22.5,82.44,4.0,2975201.0,0.0385,812001.0,0.0385,66942041.4,0.0385,0.0,2,3032416.5,80914.94,68229388.35,0,0,0,-1,Unclassified / General,0,unique,17300,0
ALFUZOSIN,2021,2022,3204063.0,874463.0,72091429.2,22.5,82.44,4.0,3089632.0,0.037,843232.0,0.037,69516735.3,0.037,0.0,3,3146847.5,80914.94,70804082.25,0,0,0,-1,Unclassified / General,0,unique,17300,0
ALFUZOSIN,2022,2023,3318494.0,905694.0,74666123.1,22.5,82.44,4.0,3204063.0,0.0357,874463.0,0.0357,72091429.2,0.0357,0.0,4,3261278.5,80914.94,73378776.15,0,0,0,-1,Unclassified / General,0,unique,17300,0
ALFUZOSIN,2023,2024,3432925.0,936925.0,77240817.0,22.5,82.44,4.0,3318494.0,0.0345,905694.0,0.0345,74666123.1,0.0345,0.0,5,3375709.5,80914.94,75953470.05,0,0,0,-1,Unclassified / General,0,unique,17300,0
OXYBUTYNIN,2018,2019,3283465.0,203465.0,54177172.5,16.5,266.27,2.0,3283465.0,0.0,203465.0,0.0,54177172.5,0.0,0.0,0,3283465.0,0.0,54177172.5,1,0,0,-1,Unclassified / General,0,unique,32675,0
OXYBUTYNIN,2019,2020,3414803.0,211603.0,56344259.4,16.5,266.27,2.0,3283465.0,0.04,203465.0,0.04,54177172.5,0.04,0.0,1,3349134.0,92869.99,55260715.95,0,0,0,-1,Unclassified / General,0,unique,32675,0
OXYBUTYNIN,2020,2021,3546142.0,219742.0,58511346.3,16.5,266.27,2.0,3414803.0,0.0385,211603.0,0.0385,56344259.4,0.0385,0.0,2,3480472.5,92870.7,57427802.85,0,0,0,-1,Unclassified / General,0,unique,32675,0
OXYBUTYNIN,2021,2022,3677480.0,227880.0,60678433.2,16.5,266.27,2.0,3546142.0,0.037,219742.0,0.037,58511346.3,0.037,0.0,3,3611811.0,92869.99,59594889.75,0,0,0,-1,Unclassified / General,0,unique,32675,0
OXYBUTYNIN,2022,2023,3808819.0,236019.0,62845520.1,16.5,266.27,2.0,3677480.0,0.0357,227880.0,0.0357,60678433.2,0.0357,0.0,4,3743149.5,92870.7,61761976.65,0,0,0,-1,Unclassified / General,0,unique,32675,0
OXYBUTYNIN,2023,2024,3940158.0,244158.0,65012607.0,16.5,266.27,2.0,3808819.0,0.0345,236019.0,0.0345,62845520.1,0.0345,0.0,5,3874488.5,92870.7,63929063.55,0,0,0,-1,Unclassified / General,0,unique,32675,0
TOLTERODINE,2018,2019,2110584.0,30584.0,74925732.0,35.5,2449.83,1.0,2110584.0,0.0,30584.0,0.0,74925732.0,0.0,0.0,0,2110584.0,0.0,74925732.0,1,0,0,-1,Unclassified / General,1,unique,119565,0
TOLTERODINE,2019,2020,2195007.0,31807.0,77922761.28,35.5,2449.86,1.0,2110584.0,0.04,30584.0,0.04,74925732.0,0.04,0.0,1,2152795.5,59696.08,76424246.64,0,0,0,-1,Unclassified / General,1,unique,119565,0
TOLTERODINE,2020,2021,2279430.0,33030.0,80919790.56,35.5,2449.89,1.0,2195007.0,0.0385,31807.0,0.0385,77922761.28,0.0385,0.0,2,2237218.5,59696.08,79421275.92,0,0,0,-1,Unclassified / General,1,unique,119565,0
TOLTERODINE,2021,2022,2363854.0,34254.0,83916819.84,35.5,2449.84,1.0,2279430.0,0.037,33030.0,0.0371,80919790.56,0.037,0.0,3,2321642.0,59696.78,82418305.2,0,0,0,-1,Unclassified / General,1,unique,119565,0
TOLTERODINE,2022,2023,2448277.0,35477.0,86913849.12,35.5,2449.86,1.0,2363854.0,0.0357,34254.0,0.0357,83916819.84,0.0357,0.0,4,2406065.5,59696.08,85415334.48,0,0,0,-1,Unclassified / General,1,unique,119565,0
TOLTERODINE,2023,2024,2532700.0,36700.0,89910878.4,35.5,2449.89,1.0,2448277.0,0.0345,35477.0,0.0345,86913849.12,0.0345,0.0,5,2490488.5,59696.08,88412363.76,0,0,0,-1,Unclassified / General,1,unique,119565,0
SOLIFENACIN,2018,2019,2344468.0,264468.0,45717126.0,19.5,172.86,5.0,2344468.0,0.0,264468.0,0.0,45717126.0,0.0,0.0,0,2344468.0,0.0,45717126.0,1,0,0,-1,Unclassified / General,0,unique,322167,0
SOLIFENACIN,2019,2020,2438246.0,275046.0,47545811.04,19.5,172.86,5.0,2344468.0,0.04,264468.0,0.04,45717126.0,0.04,0.0,1,2391357.0,66311.06,46631468.52,0,0,0,-1,Unclassified / General,0,unique,322167,0
SOLIFENACIN,2020,2021,2532025.0,285625.0,49374496.08,19.5,172.86,5.0,2438246.0,0.0385,275046.0,0.0385,47545811.04,0.0385,0.0,2,2485135.5,66311.77,48460153.56,0,0,0,-1,Unclassified / General,0,unique,322167,0
SOLIFENACIN,2021,2022,2625804.0,296204.0,51203181.12,19.5,172.86,5.0,2532025.0,0.037,285625.0,0.037,49374496.08,0.037,0.0,3,2578914.5,66311.77,50288838.6,0,0,0,-1,Unclassified / General,0,unique,322167,0
SOLIFENACIN,2022,2023,2719582.0,306782.0,53031866.16,19.5,172.86,5.0,2625804.0,0.0357,296204.0,0.0357,51203181.12,0.0357,0.0,4,2672693.0,66311.06,52117523.64,0,0,0,-1,Unclassified / General,0,unique,322167,0
SOLIFENACIN,2023,2024,2813361.0,317361.0,54860551.2,19.5,172.86,5.0,2719582.0,0.0345,306782.0,0.0345,53031866.16,0.0345,0.0,5,2766471.5,66311.77,53946208.68,0,0,0,-1,Unclassified / General,0,unique,322167,0
DARIFENACIN,2018,2019,2332142.0,252142.0,101448177.0,43.5,402.35,7.0,2332142.0,0.0,252142.0,0.0,101448177.0,0.0,0.0,0,2332142.0,0.0,101448177.0,1,0,0,-1,Unclassified / General,0,unique,136198,0
DARIFENACIN,2019,2020,2425427.0,262227.0,105506104.08,43.5,402.35,7.0,2332142.0,0.04,252142.0,0.04,101448177.0,0.04,0.0,1,2378784.5,65962.46,103477140.54,0,0,0,-1,Unclassified / General,0,unique,136198,0
DARIFENACIN,2020,2021,2518713.0,272313.0,109564031.16,43.5,402.35,7.0,2425427.0,0.0385,262227.0,0.0385,105506104.08,0.0385,0.0,2,2472070.0,65963.16,107535067.62,0,0,0,-1,Unclassified / General,0,unique,136198,0
DARIFENACIN,2021,2022,2611999.0,282399.0,113621958.24,43.5,402.35,7.0,2518713.0,0.037,272313.0,0.037,109564031.16,0.037,0.0,3,2565356.0,65963.16,111592994.7,0,0,0,-1,Unclassified / General,0,unique,136198,0
DARIFENACIN,2022,2023,2705284.0,292484.0,117679885.32,43.5,402.35,7.0,2611999.0,0.0357,282399.0,0.0357,113621958.24,0.0357,0.0,4,2658641.5,65962.46,115650921.78,0,0,0,-1,Unclassified / General,0,unique,136198,0
DARIFENACIN,2023,2024,2798570.0,302570.0,121737812.4,43.5,402.35,7.0,2705284.0,0.0345,292484.0,0.0345,117679885.32,0.0345,0.0,5,2751927.0,65963.16,119708848.86,0,0,0,-1,Unclassified / General,0,unique,136198,0
FESOTERODINE,2018,2019,999752.0,919752.0,3499132.0,3.5,3.8,1.0,999752.0,0.0,919752.0,0.0,3499132.0,0.0,0.0,0,999752.0,0.0,3499132.0,1,0,0,-1,Unclassified / General,1,unique,797195,0
FESOTERODINE,2019,2020,1039742.0,956542.0,3639097.28,3.5,3.8,1.0,999752.0,0.04,919752.0,0.04,3499132.0,0.04,0.0,1,1019747.0,28277.2,3569114.64,0,0,0,-1,Unclassified / General,1,unique,797195,0
FESOTERODINE,2020,2021,1079732.0,993332.0,3779062.56,3.5,3.8,1.0,1039742.0,0.0385,956542.0,0.0385,3639097.28,0.0385,0.0,2,1059737.0,28277.2,3709079.92,0,0,0,-1,Unclassified / General,1,unique,797195,0
FESOTERODINE,2021,2022,1119722.0,1030122.0,3919027.84,3.5,3.8,1.0,1079732.0,0.037,993332.0,0.037,3779062.56,0.037,0.0,3,1099727.0,28277.2,3849045.2,0,0,0,-1,Unclassified / General,1,unique,797195,0
FESOTERODINE,2022,2023,1159712.0,1066912.0,4058993.12,3.5,3.8,1.0,1119722.0,0.0357,1030122.0,0.0357,3919027.84,0.0357,0.0,4,1139717.0,28277.2,3989010.48,0,0,0,-1,Unclassified / General,1,unique,797195,0
FESOTERODINE,2023,2024,1199702.0,1103702.0,4198958.4,3.5,3.8,1.0,1159712.0,0.0345,1066912.0,0.0345,4058993.12,0.0345,0.0,5,1179707.0,28277.2,4128975.76,0,0,0,-1,Unclassified / General,1,unique,797195,0
MIRABEGRON,2018,2019,205870.0,125870.0,4426205.0,21.5,35.16,7.0,205870.0,0.0,125870.0,0.0,4426205.0,0.0,0.0,0,205870.0,0.0,4426205.0,1,0,0,-1,Unclassified / General,0,unique,1300786,0
MIRABEGRON,2019,2020,214104.0,130904.0,4603253.2,21.5,35.17,7.0,205870.0,0.04,125870.0,0.04,4426205.0,0.04,0.0,1,209987.0,5822.32,4514729.1,0,0,0,-1,Unclassified / General,0,unique,1300786,0
MIRABEGRON,2020,2021,222339.0,135939.0,4780301.4,21.5,35.17,7.0,214104.0,0.0385,130904.0,0.0385,4603253.2,0.0385,0.0,2,218221.5,5823.02,4691777.3,0,0,0,-1,Unclassified / General,0,unique,1300786,0
MIRABEGRON,2021,2022,230574.0,140974.0,4957349.6,21.5,35.16,7.0,222339.0,0.037,135939.0,0.037,4780301.4,0.037,0.0,3,226456.5,5823.02,4868825.5,0,0,0,-1,Unclassified / General,0,unique,1300786,0
MIRABEGRON,2022,2023,238809.0,146009.0,5134397.8,21.5,35.16,7.0,230574.0,0.0357,140974.0,0.0357,4957349.6,0.0357,0.0,4,234691.5,5823.02,5045873.7,0,0,0,-1,Unclassified / General,0,unique,1300786,0
MIRABEGRON,2023,2024,247044.0,151044.0,5311446.0,21.5,35.16,7.0,238809.0,0.0345,146009.0,0.0345,5134397.8,0.0345,0.0,5,242926.5,5823.02,5222921.9,0,0,0,-1,Unclassified / General,0,unique,1300786,0
FLUDROCORTISONE,2018,2019,1484840.0,404840.0,61620860.0,41.5,152.21,1.0,1484840.0,0.0,404840.0,0.0,61620860.0,0.0,0.0,0,1484840.0,0.0,61620860.0,1,0,0,-1,Unclassified / General,1,unique,4452,0
FLUDROCORTISONE,2019,2020,1544233.0,421033.0,64085694.4,41.5,152.21,1.0,1484840.0,0.04,404840.0,0.04,61620860.0,0.04,0.0,1,1514536.5,41997.19,62853277.2,0,0,0,-1,Unclassified / General,1,unique,4452,0
FLUDROCORTISONE,2020,2021,1603627.0,437227.0,66550528.8,41.5,152.21,1.0,1544233.0,0.0385,421033.0,0.0385,64085694.4,0.0385,0.0,2,1573930.0,41997.9,65318111.6,0,0,0,-1,Unclassified / General,1,unique,4452,0
FLUDROCORTISONE,2021,2022,1663020.0,453420.0,69015363.2,41.5,152.21,1.0,1603627.0,0.037,437227.0,0.037,66550528.8,0.037,0.0,3,1633323.5,41997.19,67782946.0,0,0,0,-1,Unclassified / General,1,unique,4452,0
FLUDROCORTISONE,2022,2023,1722414.0,469614.0,71480197.6,41.5,152.21,1.0,1663020.0,0.0357,453420.0,0.0357,69015363.2,0.0357,0.0,4,1692717.0,41997.9,70247780.4,0,0,0,-1,Unclassified / General,1,unique,4452,0
FLUDROCORTISONE,2023,2024,1781808.0,485808.0,73945032.0,41.5,152.21,1.0,1722414.0,0.0345,469614.0,0.0345,71480197.6,0.0345,0.0,5,1752111.0,41997.9,72712614.8,0,0,0,-1,Unclassified / General,1,unique,4452,0
TRIAMCINOLONE,2018,2019,4548393.0,468393.0,202403488.5,44.5,432.12,2.0,4548393.0,0.0,468393.0,0.0,202403488.5,0.0,0.0,0,4548393.0,0.0,202403488.5,1,0,0,-1,Ophthalmology,0,unique,10759,0
TRIAMCINOLONE,2019,2020,4730328.0,487128.0,210499628.04,44.5,432.12,2.0,4548393.0,0.04,468393.0,0.04,202403488.5,0.04,0.0,1,4639360.5,128647.47,206451558.27,0,0,0,-1,Ophthalmology,0,unique,10759,0
TRIAMCINOLONE,2020,2021,4912264.0,505864.0,218595767.58,44.5,432.12,2.0,4730328.0,0.0385,487128.0,0.0385,210499628.04,0.0385,0.0,2,4821296.0,128648.18,214547697.81,0,0,0,-1,Ophthalmology,0,unique,10759,1
TRIAMCINOLONE,2021,2022,5094200.0,524600.0,226691907.12,44.5,432.12,2.0,4912264.0,0.037,505864.0,0.037,218595767.58,0.037,0.0,3,5003232.0,128648.18,222643837.35,0,2,1,0,Ophthalmology,0,unique,10759,0
TRIAMCINOLONE,2022,2023,5276135.0,543335.0,234788046.66,44.5,432.12,2.0,5094200.0,0.0357,524600.0,0.0357,226691907.12,0.0357,0.0,4,5185167.5,128647.47,230739976.89,0,2,1,1,Ophthalmology,0,unique,10759,0
TRIAMCINOLONE,2023,2024,5458071.0,562071.0,242884186.2,44.5,432.12,2.0,5276135.0,0.0345,543335.0,0.0345,234788046.66,0.0345,0.0,5,5367103.0,128648.18,238836116.43,0,2,1,2,Ophthalmology,0,unique,10759,0
BUDESONIDE,2018,2019,4038209.0,958209.0,42401194.5,10.5,44.25,2.0,4038209.0,0.0,958209.0,0.0,42401194.5,0.0,0.0,0,4038209.0,0.0,42401194.5,1,0,0,-1,Unclassified / General,0,unique,19831,0
BUDESONIDE,2019,2020,4199737.0,996537.0,44097242.28,10.5,44.25,2.0,4038209.0,0.04,958209.0,0.04,42401194.5,0.04,0.0,1,4118973.0,114217.54,43249218.39,0,0,0,-1,Unclassified / General,0,unique,19831,0
BUDESONIDE,2020,2021,4361265.0,1034865.0,45793290.06,10.5,44.25,2.0,4199737.0,0.0385,996537.0,0.0385,44097242.28,0.0385,0.0,2,4280501.0,114217.54,44945266.17,0,0,0,-1,Unclassified / General,0,unique,19831,0
BUDESONIDE,2021,2022,4522794.0,1073194.0,47489337.84,10.5,44.25,2.0,4361265.0,0.037,1034865.0,0.037,45793290.06,0.037,0.0,3,4442029.5,114218.25,46641313.95,0,0,0,-1,Unclassified / General,0,unique,19831,0
BUDESONIDE,2022,2023,4684322.0,1111522.0,49185385.62,10.5,44.25,2.0,4522794.0,0.0357,1073194.0,0.0357,47489337.84,0.0357,0.0,4,4603558.0,114217.54,48337361.73,0,0,0,-1,Unclassified / General,0,unique,19831,0
BUDESONIDE,2023,2024,4845850.0,1149850.0,50881433.4,10.5,44.25,2.0,4684322.0,0.0345,1111522.0,0.0345,49185385.62,0.0345,0.0,5,4765086.0,114217.54,50033409.51,0,0,0,-1,Unclassified / General,0,unique,19831,0
BETAMETHASONE,2018,2019,1383615.0,303615.0,22829647.5,16.5,75.19,8.0,1383615.0,0.0,303615.0,0.0,22829647.5,0.0,0.0,0,1383615.0,0.0,22829647.5,1,0,0,-1,Unclassified / General,0,unique,1514,0
BETAMETHASONE,2019,2020,1438959.0,315759.0,23742833.4,16.5,75.19,8.0,1383615.0,0.04,303615.0,0.04,22829647.5,0.04,0.0,1,1411287.0,39134.12,23286240.45,0,0,0,-1,Unclassified / General,0,unique,1514,0
BETAMETHASONE,2020,2021,1494304.0,327904.0,24656019.3,16.5,75.19,8.0,1438959.0,0.0385,315759.0,0.0385,23742833.4,0.0385,0.0,2,1466631.5,39134.82,24199426.35,0,0,0,-1,Unclassified / General,0,unique,1514,0
BETAMETHASONE,2021,2022,1549648.0,340048.0,25569205.2,16.5,75.19,8.0,1494304.0,0.037,327904.0,0.037,24656019.3,0.037,0.0,3,1521976.0,39134.12,25112612.25,0,0,0,-1,Unclassified / General,0,unique,1514,0
BETAMETHASONE,2022,2023,1604993.0,352193.0,26482391.1,16.5,75.19,8.0,1549648.0,0.0357,340048.0,0.0357,25569205.2,0.0357,0.0,4,1577320.5,39134.82,26025798.15,0,0,0,-1,Unclassified / General,0,unique,1514,0
BETAMETHASONE,2023,2024,1660338.0,364338.0,27395577.0,16.5,75.19,8.0,1604993.0,0.0345,352193.0,0.0345,26482391.1,0.0345,0.0,5,1632665.5,39134.82,26938984.05,0,0,0,-1,Unclassified / General,0,unique,1514,0
CLOBETASOL,2018,2019,2274840.0,194840.0,94405860.0,41.5,484.53,1.0,2274840.0,0.0,194840.0,0.0,94405860.0,0.0,0.0,0,2274840.0,0.0,94405860.0,1,0,0,-1,Unclassified / General,1,unique,2590,0
CLOBETASOL,2019,2020,2365833.0,202633.0,98182094.4,41.5,484.53,1.0,2274840.0,0.04,194840.0,0.04,94405860.0,0.04,0.0,1,2320336.5,64341.77,96293977.2,0,0,0,-1,Unclassified / General,1,unique,2590,0
CLOBETASOL,2020,2021,2456827.0,210427.0,101958328.8,41.5,484.53,1.0,2365833.0,0.0385,202633.0,0.0385,98182094.4,0.0385,0.0,2,2411330.0,64342.47,100070211.6,0,0,0,-1,Unclassified / General,1,unique,2590,0
CLOBETASOL,2021,2022,2547820.0,218220.0,105734563.2,41.5,484.53,1.0,2456827.0,0.037,210427.0,0.037,101958328.8,0.037,0.0,3,2502323.5,64341.77,103846446.0,0,0,0,-1,Unclassified / General,1,unique,2590,0
CLOBETASOL,2022,2023,2638814.0,226014.0,109510797.6,41.5,484.53,1.0,2547820.0,0.0357,218220.0,0.0357,105734563.2,0.0357,0.0,4,2593317.0,64342.47,107622680.4,0,0,0,-1,Unclassified / General,1,unique,2590,0
CLOBETASOL,2023,2024,2729808.0,233808.0,113287032.0,41.5,484.53,1.0,2638814.0,0.0345,226014.0,0.0345,109510797.6,0.0345,0.0,5,2684311.0,64342.47,111398914.8,0,0,0,-1,Unclassified / General,1,unique,2590,0
OMEPRAZOLE,2018,2019,4220384.0,140384.0,149823632.0,35.5,1067.24,1.0,4220384.0,0.0,140384.0,0.0,149823632.0,0.0,0.0,0,4220384.0,0.0,149823632.0,1,0,0,-1,Gastroenterology,1,unique,7646,0
OMEPRAZOLE,2019,2020,4389199.0,145999.0,155816577.28,35.5,1067.24,1.0,4220384.0,0.04,140384.0,0.04,149823632.0,0.04,0.0,1,4304791.5,119370.23,152820104.64,0,0,0,-1,Gastroenterology,1,unique,7646,0
OMEPRAZOLE,2020,2021,4558014.0,151614.0,161809522.56,35.5,1067.25,1.0,4389199.0,0.0385,145999.0,0.0385,155816577.28,0.0385,0.0,2,4473606.5,119370.23,158813049.92,0,0,0,-1,Gastroenterology,1,unique,7646,0
OMEPRAZOLE,2021,2022,4726830.0,157230.0,167802467.84,35.5,1067.24,1.0,4558014.0,0.037,151614.0,0.037,161809522.56,0.037,0.0,3,4642422.0,119370.94,164805995.2,0,0,0,-1,Gastroenterology,1,unique,7646,0
OMEPRAZOLE,2022,2023,4895645.0,162845.0,173795413.12,35.5,1067.24,1.0,4726830.0,0.0357,157230.0,0.0357,167802467.84,0.0357,0.0,4,4811237.5,119370.23,170798940.48,0,0,0,-1,Gastroenterology,1,unique,7646,0
OMEPRAZOLE,2023,2024,5064460.0,168460.0,179788358.4,35.5,1067.25,1.0,4895645.0,0.0345,162845.0,0.0345,173795413.12,0.0345,0.0,5,4980052.5,119370.23,176791885.76,0,0,0,-1,Gastroenterology,1,unique,7646,0
PANTOPRAZOLE,2018,2019,4627392.0,547392.0,201291552.0,43.5,367.73,1.0,4627392.0,0.0,547392.0,0.0,201291552.0,0.0,0.0,0,4627392.0,0.0,201291552.0,1,0,0,-1,Unclassified / General,1,unique,40790,0
PANTOPRAZOLE,2019,2020,4812487.0,569287.0,209343214.08,43.5,367.73,1.0,4627392.0,0.04,547392.0,0.04,201291552.0,0.04,0.0,1,4719939.5,130881.93,205317383.04,0,0,0,-1,Unclassified / General,1,unique,40790,0
PANTOPRAZOLE,2020,2021,4997583.0,591183.0,217394876.16,43.5,367.73,1.0,4812487.0,0.0385,569287.0,0.0385,209343214.08,0.0385,0.0,2,4905035.0,130882.64,213369045.12,0,0,0,-1,Unclassified / General,1,unique,40790,0
PANTOPRAZOLE,2021,2022,5182679.0,613079.0,225446538.24,43.5,367.73,1.0,4997583.0,0.037,591183.0,0.037,217394876.16,0.037,0.0,3,5090131.0,130882.64,221420707.2,0,0,0,-1,Unclassified / General,1,unique,40790,0
PANTOPRAZOLE,2022,2023,5367774.0,634974.0,233498200.32,43.5,367.73,1.0,5182679.0,0.0357,613079.0,0.0357,225446538.24,0.0357,0.0,4,5275226.5,130881.93,229472369.28,0,0,0,-1,Unclassified / General,1,unique,40790,0
PANTOPRAZOLE,2023,2024,5552870.0,656870.0,241549862.4,43.5,367.73,1.0,5367774.0,0.0345,634974.0,0.0345,233498200.32,0.0345,0.0,5,5460322.0,130882.64,237524031.36,0,0,0,-1,Unclassified / General,1,unique,40790,0
DICYCLOMINE,2018,2019,1826759.0,746759.0,19180969.5,10.5,25.69,8.0,1826759.0,0.0,746759.0,0.0,19180969.5,0.0,0.0,0,1826759.0,0.0,19180969.5,1,0,0,-1,Unclassified / General,0,unique,3361,0
DICYCLOMINE,2019,2020,1899829.0,776629.0,19948208.28,10.5,25.69,8.0,1826759.0,0.04,746759.0,0.04,19180969.5,0.04,0.0,1,1863294.0,51668.29,19564588.89,0,0,0,-1,Unclassified / General,0,unique,3361,0
DICYCLOMINE,2020,2021,1972899.0,806499.0,20715447.06,10.5,25.69,8.0,1899829.0,0.0385,776629.0,0.0385,19948208.28,0.0385,0.0,2,1936364.0,51668.29,20331827.67,0,0,0,-1,Unclassified / General,0,unique,3361,0
DICYCLOMINE,2021,2022,2045970.0,836370.0,21482685.84,10.5,25.69,8.0,1972899.0,0.037,806499.0,0.037,20715447.06,0.037,0.0,3,2009434.5,51669.0,21099066.45,0,0,0,-1,Unclassified / General,0,unique,3361,0
DICYCLOMINE,2022,2023,2119040.0,866240.0,22249924.62,10.5,25.69,8.0,2045970.0,0.0357,836370.0,0.0357,21482685.84,0.0357,0.0,4,2082505.0,51668.29,21866305.23,0,0,0,-1,Unclassified / General,0,unique,3361,0
DICYCLOMINE,2023,2024,2192110.0,896110.0,23017163.4,10.5,25.69,8.0,2119040.0,0.0345,866240.0,0.0345,22249924.62,0.0345,0.0,5,2155575.0,51668.29,22633544.01,0,0,0,-1,Unclassified / General,0,unique,3361,0
ESOMEPRAZOLE,2018,2019,429621.0,349621.0,9666472.5,22.5,27.65,6.0,429621.0,0.0,349621.0,0.0,9666472.5,0.0,0.0,0,429621.0,0.0,9666472.5,1,0,0,-1,Unclassified / General,0,unique,283742,0
ESOMEPRAZOLE,2019,2020,446805.0,363605.0,10053131.4,22.5,27.65,6.0,429621.0,0.04,349621.0,0.04,9666472.5,0.04,0.0,1,438213.0,12150.92,9859801.95,0,0,0,-1,Unclassified / General,0,unique,283742,0
ESOMEPRAZOLE,2020,2021,463990.0,377590.0,10439790.3,22.5,27.65,6.0,446805.0,0.0385,363605.0,0.0385,10053131.4,0.0385,0.0,2,455397.5,12151.63,10246460.85,0,0,0,-1,Unclassified / General,0,unique,283742,0
ESOMEPRAZOLE,2021,2022,481175.0,391575.0,10826449.2,22.5,27.65,6.0,463990.0,0.037,377590.0,0.037,10439790.3,0.037,0.0,3,472582.5,12151.63,10633119.75,0,0,0,-1,Unclassified / General,0,unique,283742,0
ESOMEPRAZOLE,2022,2023,498360.0,405560.0,11213108.1,22.5,27.65,6.0,481175.0,0.0357,391575.0,0.0357,10826449.2,0.0357,0.0,4,489767.5,12151.63,11019778.65,0,0,0,-1,Unclassified / General,0,unique,283742,0
ESOMEPRAZOLE,2023,2024,515545.0,419545.0,11599767.0,22.5,27.65,6.0,498360.0,0.0345,405560.0,0.0345,11213108.1,0.0345,0.0,5,506952.5,12151.63,11406437.55,0,0,0,-1,Unclassified / General,0,unique,283742,0
LANSOPRAZOLE,2018,2019,2917980.0,837980.0,91916370.0,31.5,109.69,5.0,2917980.0,0.0,837980.0,0.0,91916370.0,0.0,0.0,0,2917980.0,0.0,91916370.0,1,0,0,-1,Unclassified / General,0,unique,17128,0
LANSOPRAZOLE,2019,2020,3034699.0,871499.0,95593024.8,31.5,109.69,5.0,2917980.0,0.04,837980.0,0.04,91916370.0,0.04,0.0,1,2976339.5,82532.8,93754697.4,0,0,0,-1,Unclassified / General,0,unique,17128,0
LANSOPRAZOLE,2020,2021,3151418.0,905018.0,99269679.6,31.5,109.69,5.0,3034699.0,0.0385,871499.0,0.0385,95593024.8,0.0385,0.0,2,3093058.5,82532.8,97431352.2,0,0,0,-1,Unclassified / General,0,unique,17128,0
LANSOPRAZOLE,2021,2022,3268137.0,938537.0,102946334.4,31.5,109.69,5.0,3151418.0,0.037,905018.0,0.037,99269679.6,0.037,0.0,3,3209777.5,82532.8,101108007.0,0,0,0,-1,Unclassified / General,0,unique,17128,0
LANSOPRAZOLE,2022,2023,3384856.0,972056.0,106622989.2,31.5,109.69,5.0,3268137.0,0.0357,938537.0,0.0357,102946334.4,0.0357,0.0,4,3326496.5,82532.8,104784661.8,0,0,0,-1,Unclassified / General,0,unique,17128,0
LANSOPRAZOLE,2023,2024,3501576.0,1005576.0,110299644.0,31.5,109.69,5.0,3384856.0,0.0345,972056.0,0.0345,106622989.2,0.0345,0.0,5,3443216.0,82533.5,108461316.6,0,0,0,-1,Unclassified / General,0,unique,17128,0
FAMOTIDINE,2018,2019,3031230.0,951230.0,95483745.0,31.5,100.38,7.0,3031230.0,0.0,951230.0,0.0,95483745.0,0.0,0.0,0,3031230.0,0.0,95483745.0,1,0,0,-1,Unclassified / General,0,unique,4278,0
FAMOTIDINE,2019,2020,3152479.0,989279.0,99303094.8,31.5,100.38,7.0,3031230.0,0.04,951230.0,0.04,95483745.0,0.04,0.0,1,3091854.5,85735.99,97393419.9,0,0,0,-1,Unclassified / General,0,unique,4278,0
FAMOTIDINE,2020,2021,3273728.0,1027328.0,103122444.6,31.5,100.38,7.0,3152479.0,0.0385,989279.0,0.0385,99303094.8,0.0385,0.0,2,3213103.5,85735.99,101212769.7,0,0,0,-1,Unclassified / General,0,unique,4278,0
FAMOTIDINE,2021,2022,3394977.0,1065377.0,106941794.4,31.5,100.38,7.0,3273728.0,0.037,1027328.0,0.037,103122444.6,0.037,0.0,3,3334352.5,85735.99,105032119.5,0,0,0,-1,Unclassified / General,0,unique,4278,0
FAMOTIDINE,2022,2023,3516226.0,1103426.0,110761144.2,31.5,100.38,7.0,3394977.0,0.0357,1065377.0,0.0357,106941794.4,0.0357,0.0,4,3455601.5,85735.99,108851469.3,0,0,0,-1,Unclassified / General,0,unique,4278,0
FAMOTIDINE,2023,2024,3637476.0,1141476.0,114580494.0,31.5,100.38,7.0,3516226.0,0.0345,1103426.0,0.0345,110761144.2,0.0345,0.0,5,3576851.0,85736.7,112670819.1,0,0,0,-1,Unclassified / General,0,unique,4278,0
ONDANSETRON,2018,2019,3683080.0,603080.0,116017020.0,31.5,192.37,1.0,3683080.0,0.0,603080.0,0.0,116017020.0,0.0,0.0,0,3683080.0,0.0,116017020.0,1,0,0,-1,Unclassified / General,1,unique,26225,0
ONDANSETRON,2019,2020,3830403.0,627203.0,120657700.8,31.5,192.37,1.0,3683080.0,0.04,603080.0,0.04,116017020.0,0.04,0.0,1,3756741.5,104173.09,118337360.4,0,0,0,-1,Unclassified / General,1,unique,26225,0
ONDANSETRON,2020,2021,3977726.0,651326.0,125298381.6,31.5,192.37,1.0,3830403.0,0.0385,627203.0,0.0385,120657700.8,0.0385,0.0,2,3904064.5,104173.09,122978041.2,0,0,0,-1,Unclassified / General,1,unique,26225,0
ONDANSETRON,2021,2022,4125049.0,675449.0,129939062.4,31.5,192.37,1.0,3977726.0,0.037,651326.0,0.037,125298381.6,0.037,0.0,3,4051387.5,104173.09,127618722.0,0,0,0,-1,Unclassified / General,1,unique,26225,0
ONDANSETRON,2022,2023,4272372.0,699572.0,134579743.2,31.5,192.37,1.0,4125049.0,0.0357,675449.0,0.0357,129939062.4,0.0357,0.0,4,4198710.5,104173.09,132259402.8,0,0,0,-1,Unclassified / General,1,unique,26225,0
ONDANSETRON,2023,2024,4419696.0,723696.0,139220424.0,31.5,192.37,1.0,4272372.0,0.0345,699572.0,0.0345,134579743.2,0.0345,0.0,5,4346034.0,104173.8,136900083.6,0,0,0,-1,Unclassified / General,1,unique,26225,0
METOCLOPRAMIDE,2018,2019,3924885.0,844885.0,143258302.5,36.5,169.56,6.0,3924885.0,0.0,844885.0,0.0,143258302.5,0.0,0.0,0,3924885.0,0.0,143258302.5,1,0,0,-1,Unclassified / General,0,unique,6915,0
METOCLOPRAMIDE,2019,2020,4081880.0,878680.0,148988634.6,36.5,169.56,6.0,3924885.0,0.04,844885.0,0.04,143258302.5,0.04,0.0,1,4003382.5,111012.23,146123468.55,0,0,0,-1,Unclassified / General,0,unique,6915,0
METOCLOPRAMIDE,2020,2021,4238875.0,912475.0,154718966.7,36.5,169.56,6.0,4081880.0,0.0385,878680.0,0.0385,148988634.6,0.0385,0.0,2,4160377.5,111012.23,151853800.65,0,0,0,-1,Unclassified / General,0,unique,6915,0
METOCLOPRAMIDE,2021,2022,4395871.0,946271.0,160449298.8,36.5,169.56,6.0,4238875.0,0.037,912475.0,0.037,154718966.7,0.037,0.0,3,4317373.0,111012.94,157584132.75,0,0,0,-1,Unclassified / General,0,unique,6915,0
METOCLOPRAMIDE,2022,2023,4552866.0,980066.0,166179630.9,36.5,169.56,6.0,4395871.0,0.0357,946271.0,0.0357,160449298.8,0.0357,0.0,4,4474368.5,111012.23,163314464.85,0,0,0,-1,Unclassified / General,0,unique,6915,0
METOCLOPRAMIDE,2023,2024,4709862.0,1013862.0,171909963.0,36.5,169.56,6.0,4552866.0,0.0345,980066.0,0.0345,166179630.9,0.0345,0.0,5,4631364.0,111012.94,169044796.95,0,0,0,-1,Unclassified / General,0,unique,6915,0
SUCRALFATE,2018,2019,2900832.0,820832.0,97177872.0,33.5,118.39,1.0,2900832.0,0.0,820832.0,0.0,97177872.0,0.0,0.0,0,2900832.0,0.0,97177872.0,1,0,0,-1,Unclassified / General,1,unique,10156,0
SUCRALFATE,2019,2020,3016865.0,853665.0,101064986.88,33.5,118.39,1.0,2900832.0,0.04,820832.0,0.04,97177872.0,0.04,0.0,1,2958848.5,82047.72,99121429.44,0,0,0,-1,Unclassified / General,1,unique,10156,0
SUCRALFATE,2020,2021,3132898.0,886498.0,104952101.76,33.5,118.39,1.0,3016865.0,0.0385,853665.0,0.0385,101064986.88,0.0385,0.0,2,3074881.5,82047.72,103008544.32,0,0,0,-1,Unclassified / General,1,unique,10156,0
SUCRALFATE,2021,2022,3248931.0,919331.0,108839216.64,33.5,118.39,1.0,3132898.0,0.037,886498.0,0.037,104952101.76,0.037,0.0,3,3190914.5,82047.72,106895659.2,0,0,0,-1,Unclassified / General,1,unique,10156,0
SUCRALFATE,2022,2023,3364965.0,952165.0,112726331.52,33.5,118.39,1.0,3248931.0,0.0357,919331.0,0.0357,108839216.64,0.0357,0.0,4,3306948.0,82048.43,110782774.08,0,0,0,-1,Unclassified / General,1,unique,10156,0
SUCRALFATE,2023,2024,3480998.0,984998.0,116613446.4,33.5,118.39,1.0,3364965.0,0.0345,952165.0,0.0345,112726331.52,0.0345,0.0,5,3422981.5,82047.72,114669888.96,0,0,0,-1,Unclassified / General,1,unique,10156,0
DOCUSATE,2018,2019,3293281.0,213281.0,107031632.5,32.5,501.83,2.0,3293281.0,0.0,213281.0,0.0,107031632.5,0.0,0.0,0,3293281.0,0.0,107031632.5,1,0,0,-1,Unclassified / General,0,unique,82003,0
DOCUSATE,2019,2020,3425012.0,221812.0,111312897.8,32.5,501.83,2.0,3293281.0,0.04,213281.0,0.04,107031632.5,0.04,0.0,1,3359146.5,93147.88,109172265.15,0,0,0,-1,Unclassified / General,0,unique,82003,0
DOCUSATE,2020,2021,3556743.0,230343.0,115594163.1,32.5,501.83,2.0,3425012.0,0.0385,221812.0,0.0385,111312897.8,0.0385,0.0,2,3490877.5,93147.88,113453530.45,0,0,0,-1,Unclassified / General,0,unique,82003,0
DOCUSATE,2021,2022,3688474.0,238874.0,119875428.4,32.5,501.84,2.0,3556743.0,0.037,230343.0,0.037,115594163.1,0.037,0.0,3,3622608.5,93147.88,117734795.75,0,0,0,-1,Unclassified / General,0,unique,82003,0
DOCUSATE,2022,2023,3820205.0,247405.0,124156693.7,32.5,501.84,2.0,3688474.0,0.0357,238874.0,0.0357,119875428.4,0.0357,0.0,4,3754339.5,93147.88,122016061.05,0,0,0,-1,Unclassified / General,0,unique,82003,0
DOCUSATE,2023,2024,3951937.0,255937.0,128437959.0,32.5,501.83,2.0,3820205.0,0.0345,247405.0,0.0345,124156693.7,0.0345,0.0,5,3886071.0,93148.59,126297326.35,0,0,0,-1,Unclassified / General,0,unique,82003,0
SENNA,2018,2019,4949022.0,869022.0,116302017.0,23.5,133.83,7.0,4949022.0,0.0,869022.0,0.0,116302017.0,0.0,0.0,0,4949022.0,0.0,116302017.0,1,0,0,-1,Unclassified / General,0,unique,36387,0
SENNA,2019,2020,5146982.0,903782.0,120954097.68,23.5,133.83,7.0,4949022.0,0.04,869022.0,0.04,116302017.0,0.04,0.0,1,5048002.0,139978.86,118628057.34,0,0,0,-1,Unclassified / General,0,unique,36387,0
SENNA,2020,2021,5344943.0,938543.0,125606178.36,23.5,133.83,7.0,5146982.0,0.0385,903782.0,0.0385,120954097.68,0.0385,0.0,2,5245962.5,139979.57,123280138.02,0,0,0,-1,Unclassified / General,0,unique,36387,0
SENNA,2021,2022,5542904.0,973304.0,130258259.04,23.5,133.83,7.0,5344943.0,0.037,938543.0,0.037,125606178.36,0.037,0.0,3,5443923.5,139979.57,127932218.7,0,0,0,-1,Unclassified / General,0,unique,36387,0
SENNA,2022,2023,5740865.0,1008065.0,134910339.72,23.5,133.83,7.0,5542904.0,0.0357,973304.0,0.0357,130258259.04,0.0357,0.0,4,5641884.5,139979.57,132584299.38,0,0,0,-1,Unclassified / General,0,unique,36387,0
SENNA,2023,2024,5938826.0,1042826.0,139562420.4,23.5,133.83,7.0,5740865.0,0.0345,1008065.0,0.0345,134910339.72,0.0345,0.0,5,5839845.5,139979.57,137236380.06,0,0,0,-1,Unclassified / General,0,unique,36387,0
LACTULOSE,2018,2019,2251265.0,171265.0,37145872.5,16.5,216.89,2.0,2251265.0,0.0,171265.0,0.0,37145872.5,0.0,0.0,0,2251265.0,0.0,37145872.5,1,0,0,-1,Unclassified / General,0,unique,6218,0
LACTULOSE,2019,2020,2341315.0,178115.0,38631707.4,16.5,216.89,2.0,2251265.0,0.04,171265.0,0.04,37145872.5,0.04,0.0,1,2296290.0,63674.97,37888789.95,0,0,0,-1,Unclassified / General,0,unique,6218,0
LACTULOSE,2020,2021,2431366.0,184966.0,40117542.3,16.5,216.89,2.0,2341315.0,0.0385,178115.0,0.0385,38631707.4,0.0385,0.0,2,2386340.5,63675.67,39374624.85,0,0,0,-1,Unclassified / General,0,unique,6218,0
LACTULOSE,2021,2022,2521416.0,191816.0,41603377.2,16.5,216.89,2.0,2431366.0,0.037,184966.0,0.037,40117542.3,0.037,0.0,3,2476391.0,63674.97,40860459.75,0,0,0,-1,Unclassified / General,0,unique,6218,0
LACTULOSE,2022,2023,2611467.0,198667.0,43089212.1,16.5,216.89,2.0,2521416.0,0.0357,191816.0,0.0357,41603377.2,0.0357,0.0,4,2566441.5,63675.67,42346294.65,0,0,0,-1,Unclassified / General,0,unique,6218,0
LACTULOSE,2023,2024,2701518.0,205518.0,44575047.0,16.5,216.89,2.0,2611467.0,0.0345,198667.0,0.0345,43089212.1,0.0345,0.0,5,2656492.5,63675.67,43832129.55,0,0,0,-1,Unclassified / General,0,unique,6218,0
MESALAMINE,2018,2019,1213918.0,133918.0,23671401.0,19.5,176.76,7.0,1213918.0,0.0,133918.0,0.0,23671401.0,0.0,0.0,0,1213918.0,0.0,23671401.0,1,0,0,-1,Gastroenterology,0,unique,52582,0
MESALAMINE,2019,2020,1262474.0,139274.0,24618257.04,19.5,176.76,7.0,1213918.0,0.04,133918.0,0.04,23671401.0,0.04,0.0,1,1238196.0,34334.28,24144829.02,0,0,0,-1,Gastroenterology,0,unique,52582,0
MESALAMINE,2020,2021,1311031.0,144631.0,25565113.08,19.5,176.76,7.0,1262474.0,0.0385,139274.0,0.0385,24618257.04,0.0385,0.0,2,1286752.5,34334.98,25091685.06,0,0,0,-1,Gastroenterology,0,unique,52582,0
MESALAMINE,2021,2022,1359588.0,149988.0,26511969.12,19.5,176.76,7.0,1311031.0,0.037,144631.0,0.037,25565113.08,0.037,0.0,3,1335309.5,34334.98,26038541.1,0,0,0,-1,Gastroenterology,0,unique,52582,0
MESALAMINE,2022,2023,1408144.0,155344.0,27458825.16,19.5,176.76,7.0,1359588.0,0.0357,149988.0,0.0357,26511969.12,0.0357,0.0,4,1383866.0,34334.28,26985397.14,0,0,0,-1,Gastroenterology,0,unique,52582,0
MESALAMINE,2023,2024,1456701.0,160701.0,28405681.2,19.5,176.76,7.0,1408144.0,0.0345,155344.0,0.0345,27458825.16,0.0345,0.0,5,1432422.5,34334.98,27932253.18,0,0,0,-1,Gastroenterology,0,unique,52582,0
SULFASALAZINE,2018,2019,4956075.0,876075.0,131335987.5,26.5,149.91,4.0,4956075.0,0.0,876075.0,0.0,131335987.5,0.0,0.0,0,4956075.0,0.0,131335987.5,1,0,0,-1,Unclassified / General,0,unique,9524,0
SULFASALAZINE,2019,2020,5154318.0,911118.0,136589427.0,26.5,149.91,4.0,4956075.0,0.04,876075.0,0.04,131335987.5,0.04,0.0,1,5055196.5,140178.97,133962707.25,0,0,0,-1,Unclassified / General,0,unique,9524,0
SULFASALAZINE,2020,2021,5352561.0,946161.0,141842866.5,26.5,149.91,4.0,5154318.0,0.0385,911118.0,0.0385,136589427.0,0.0385,0.0,2,5253439.5,140178.97,139216146.75,0,0,0,-1,Unclassified / General,0,unique,9524,0
SULFASALAZINE,2021,2022,5550804.0,981204.0,147096306.0,26.5,149.91,4.0,5352561.0,0.037,946161.0,0.037,141842866.5,0.037,0.0,3,5451682.5,140178.97,144469586.25,0,0,0,-1,Unclassified / General,0,unique,9524,0
SULFASALAZINE,2022,2023,5749047.0,1016246.0,152349745.5,26.5,149.91,4.0,5550804.0,0.0357,981204.0,0.0357,147096306.0,0.0357,0.0,4,5649925.5,140178.97,149723025.75,0,0,0,-1,Unclassified / General,0,unique,9524,0
SULFASALAZINE,2023,2024,5947290.0,1051290.0,157603185.0,26.5,149.91,4.0,5749047.0,0.0345,1016246.0,0.0345,152349745.5,0.0345,0.0,5,5848168.5,140178.97,154976465.25,0,0,0,-1,Unclassified / General,0,unique,9524,0
DEXLANSOPRAZOLE,2018,2019,1787303.0,707303.0,8042863.5,4.5,11.37,8.0,1787303.0,0.0,707303.0,0.0,8042863.5,0.0,0.0,0,1787303.0,0.0,8042863.5,1,0,0,-1,Unclassified / General,0,unique,816346,0
DEXLANSOPRAZOLE,2019,2020,1858795.0,735595.0,8364578.04,4.5,11.37,8.0,1787303.0,0.04,707303.0,0.04,8042863.5,0.04,0.0,1,1823049.0,50552.48,8203720.77,0,0,0,-1,Unclassified / General,0,unique,816346,0
DEXLANSOPRAZOLE,2020,2021,1930287.0,763887.0,8686292.58,4.5,11.37,8.0,1858795.0,0.0385,735595.0,0.0385,8364578.04,0.0385,0.0,2,1894541.0,50552.48,8525435.31,0,0,0,-1,Unclassified / General,0,unique,816346,0
DEXLANSOPRAZOLE,2021,2022,2001779.0,792179.0,9008007.12,4.5,11.37,8.0,1930287.0,0.037,763887.0,0.037,8686292.58,0.037,0.0,3,1966033.0,50552.48,8847149.85,0,0,0,-1,Unclassified / General,0,unique,816346,0
DEXLANSOPRAZOLE,2022,2023,2073271.0,820471.0,9329721.66,4.5,11.37,8.0,2001779.0,0.0357,792179.0,0.0357,9008007.12,0.0357,0.0,4,2037525.0,50552.48,9168864.39,0,0,0,-1,Unclassified / General,0,unique,816346,0
DEXLANSOPRAZOLE,2023,2024,2144763.0,848763.0,9651436.2,4.5,11.37,8.0,2073271.0,0.0345,820471.0,0.0345,9329721.66,0.0345,0.0,5,2109017.0,50552.48,9490578.93,0,0,0,-1,Unclassified / General,0,unique,816346,0
RABEPRAZOLE,2018,2019,2625081.0,545081.0,85315132.5,32.5,156.52,2.0,2625081.0,0.0,545081.0,0.0,85315132.5,0.0,0.0,0,2625081.0,0.0,85315132.5,1,0,0,-1,Unclassified / General,0,unique,114979,0
RABEPRAZOLE,2019,2020,2730084.0,566884.0,88727737.8,32.5,156.52,2.0,2625081.0,0.04,545081.0,0.04,85315132.5,0.04,0.0,1,2677582.5,74248.33,87021435.15,0,0,0,-1,Unclassified / General,0,unique,114979,0
RABEPRAZOLE,2020,2021,2835087.0,588687.0,92140343.1,32.5,156.52,2.0,2730084.0,0.0385,566884.0,0.0385,88727737.8,0.0385,0.0,2,2782585.5,74248.33,90434040.45,0,0,0,-1,Unclassified / General,0,unique,114979,0
RABEPRAZOLE,2021,2022,2940090.0,610490.0,95552948.4,32.5,156.52,2.0,2835087.0,0.037,588687.0,0.037,92140343.1,0.037,0.0,3,2887588.5,74248.33,93846645.75,0,0,0,-1,Unclassified / General,0,unique,114979,0
RABEPRAZOLE,2022,2023,3045093.0,632293.0,98965553.7,32.5,156.52,2.0,2940090.0,0.0357,610490.0,0.0357,95552948.4,0.0357,0.0,4,2992591.5,74248.33,97259251.05,0,0,0,-1,Unclassified / General,0,unique,114979,0
RABEPRAZOLE,2023,2024,3150097.0,654097.0,102378159.0,32.5,156.52,2.0,3045093.0,0.0345,632293.0,0.0345,98965553.7,0.0345,0.0,5,3097595.0,74249.04,100671856.35,0,0,0,-1,Unclassified / General,0,unique,114979,0
CIMETIDINE,2018,2019,715496.0,635496.0,33986060.0,47.5,53.48,1.0,715496.0,0.0,635496.0,0.0,33986060.0,0.0,0.0,0,715496.0,0.0,33986060.0,1,0,0,-1,Unclassified / General,1,unique,2541,0
CIMETIDINE,2019,2020,744115.0,660915.0,35345502.4,47.5,53.48,1.0,715496.0,0.04,635496.0,0.04,33986060.0,0.04,0.0,1,729805.5,20236.69,34665781.2,0,0,0,-1,Unclassified / General,1,unique,2541,0
CIMETIDINE,2020,2021,772735.0,686335.0,36704944.8,47.5,53.48,1.0,744115.0,0.0385,660915.0,0.0385,35345502.4,0.0385,0.0,2,758425.0,20237.4,36025223.6,0,0,0,-1,Unclassified / General,1,unique,2541,0
CIMETIDINE,2021,2022,801355.0,711755.0,38064387.2,47.5,53.48,1.0,772735.0,0.037,686335.0,0.037,36704944.8,0.037,0.0,3,787045.0,20237.4,37384666.0,0,0,0,-1,Unclassified / General,1,unique,2541,0
CIMETIDINE,2022,2023,829975.0,737175.0,39423829.6,47.5,53.48,1.0,801355.0,0.0357,711755.0,0.0357,38064387.2,0.0357,0.0,4,815665.0,20237.4,38744108.4,0,0,0,-1,Unclassified / General,1,unique,2541,0
CIMETIDINE,2023,2024,858595.0,762595.0,40783272.0,47.5,53.48,1.0,829975.0,0.0345,737175.0,0.0345,39423829.6,0.0345,0.0,5,844285.0,20237.4,40103550.8,0,0,0,-1,Unclassified / General,1,unique,2541,0
PROCHLORPERAZINE,2018,2019,4623961.0,543961.0,57799512.5,12.5,106.26,2.0,4623961.0,0.0,543961.0,0.0,57799512.5,0.0,0.0,0,4623961.0,0.0,57799512.5,1,0,0,-1,Unclassified / General,0,unique,8704,0
PROCHLORPERAZINE,2019,2020,4808919.0,565719.0,60111493.0,12.5,106.26,2.0,4623961.0,0.04,543961.0,0.04,57799512.5,0.04,0.0,1,4716440.0,130785.06,58955502.75,0,0,0,-1,Unclassified / General,0,unique,8704,0
PROCHLORPERAZINE,2020,2021,4993877.0,587477.0,62423473.5,12.5,106.26,2.0,4808919.0,0.0385,565719.0,0.0385,60111493.0,0.0385,0.0,2,4901398.0,130785.06,61267483.25,0,0,0,-1,Unclassified / General,0,unique,8704,0
PROCHLORPERAZINE,2021,2022,5178836.0,609236.0,64735454.0,12.5,106.26,2.0,4993877.0,0.037,587477.0,0.037,62423473.5,0.037,0.0,3,5086356.5,130785.76,63579463.75,0,0,0,-1,Unclassified / General,0,unique,8704,0
PROCHLORPERAZINE,2022,2023,5363794.0,630994.0,67047434.5,12.5,106.26,2.0,5178836.0,0.0357,609236.0,0.0357,64735454.0,0.0357,0.0,4,5271315.0,130785.06,65891444.25,0,0,0,-1,Unclassified / General,0,unique,8704,0
PROCHLORPERAZINE,2023,2024,5548753.0,652753.0,69359415.0,12.5,106.26,2.0,5363794.0,0.0345,630994.0,0.0345,67047434.5,0.0345,0.0,5,5456273.5,130785.76,68203424.75,0,0,0,-1,Unclassified / General,0,unique,8704,0
PROMETHAZINE,2018,2019,4480717.0,400717.0,82893264.5,18.5,206.86,6.0,4480717.0,0.0,400717.0,0.0,82893264.5,0.0,0.0,0,4480717.0,0.0,82893264.5,1,0,0,-1,Analgesia/Addiction,0,unique,8745,0
PROMETHAZINE,2019,2020,4659945.0,416745.0,86208995.08,18.5,206.86,6.0,4480717.0,0.04,400717.0,0.04,82893264.5,0.04,0.0,1,4570331.0,126733.33,84551129.79,0,0,0,-1,Analgesia/Addiction,0,unique,8745,0
PROMETHAZINE,2020,2021,4839174.0,432774.0,89524725.66,18.5,206.86,6.0,4659945.0,0.0385,416745.0,0.0385,86208995.08,0.0385,0.0,2,4749559.5,126734.04,87866860.37,0,0,0,-1,Analgesia/Addiction,0,unique,8745,0
PROMETHAZINE,2021,2022,5018403.0,448803.0,92840456.24,18.5,206.86,6.0,4839174.0,0.037,432774.0,0.037,89524725.66,0.037,0.0,3,4928788.5,126734.04,91182590.95,0,0,0,-1,Analgesia/Addiction,0,unique,8745,0
PROMETHAZINE,2022,2023,5197631.0,464831.0,96156186.82,18.5,206.86,6.0,5018403.0,0.0357,448803.0,0.0357,92840456.24,0.0357,0.0,4,5108017.0,126733.33,94498321.53,0,0,0,-1,Analgesia/Addiction,0,unique,8745,1
PROMETHAZINE,2023,2024,5376860.0,480860.0,99471917.4,18.5,206.86,6.0,5197631.0,0.0345,464831.0,0.0345,96156186.82,0.0345,0.0,5,5287245.5,126734.04,97814052.11,0,10,1,0,Analgesia/Addiction,0,unique,8745,0
PALONOSETRON,2018,2019,1967291.0,887291.0,83609867.5,42.5,94.23,4.0,1967291.0,0.0,887291.0,0.0,83609867.5,0.0,0.0,0,1967291.0,0.0,83609867.5,1,0,0,-1,Gastroenterology,0,unique,70561,0
PALONOSETRON,2019,2020,2045982.0,922782.0,86954262.2,42.5,94.23,4.0,1967291.0,0.04,887291.0,0.04,83609867.5,0.04,0.0,1,2006636.5,55642.94,85282064.85,0,0,0,-1,Gastroenterology,0,unique,70561,0
PALONOSETRON,2020,2021,2124674.0,958274.0,90298656.9,42.5,94.23,4.0,2045982.0,0.0385,922782.0,0.0385,86954262.2,0.0385,0.0,2,2085328.0,55643.65,88626459.55,0,0,0,-1,Gastroenterology,0,unique,70561,0
PALONOSETRON,2021,2022,2203365.0,993765.0,93643051.6,42.5,94.23,4.0,2124674.0,0.037,958274.0,0.037,90298656.9,0.037,0.0,3,2164019.5,55642.94,91970854.25,0,0,0,-1,Gastroenterology,0,unique,70561,0
PALONOSETRON,2022,2023,2282057.0,1029257.0,96987446.3,42.5,94.23,4.0,2203365.0,0.0357,993765.0,0.0357,93643051.6,0.0357,0.0,4,2242711.0,55643.65,95315248.95,0,0,0,-1,Gastroenterology,0,unique,70561,0
PALONOSETRON,2023,2024,2360749.0,1064749.0,100331841.0,42.5,94.23,4.0,2282057.0,0.0345,1029257.0,0.0345,96987446.3,0.0345,0.0,5,2321403.0,55643.65,98659643.65,0,0,0,-1,Gastroenterology,0,unique,70561,0
APREPITANT,2018,2019,3367758.0,287758.0,31993701.0,9.5,111.18,7.0,3367758.0,0.0,287758.0,0.0,31993701.0,0.0,0.0,0,3367758.0,0.0,31993701.0,1,0,0,-1,Gastroenterology,0,unique,358255,0
APREPITANT,2019,2020,3502468.0,299268.0,33273449.04,9.5,111.18,7.0,3367758.0,0.04,287758.0,0.04,31993701.0,0.04,0.0,1,3435113.0,95254.35,32633575.02,0,0,0,-1,Gastroenterology,0,unique,358255,0
APREPITANT,2020,2021,3637178.0,310778.0,34553197.08,9.5,111.18,7.0,3502468.0,0.0385,299268.0,0.0385,33273449.04,0.0385,0.0,2,3569823.0,95254.35,33913323.06,0,0,0,-1,Gastroenterology,0,unique,358255,0
APREPITANT,2021,2022,3771888.0,322288.0,35832945.12,9.5,111.18,7.0,3637178.0,0.037,310778.0,0.037,34553197.08,0.037,0.0,3,3704533.0,95254.35,35193071.1,0,0,0,-1,Gastroenterology,0,unique,358255,0
APREPITANT,2022,2023,3906599.0,333799.0,37112693.16,9.5,111.18,7.0,3771888.0,0.0357,322288.0,0.0357,35832945.12,0.0357,0.0,4,3839243.5,95255.06,36472819.14,0,0,0,-1,Gastroenterology,0,unique,358255,0
APREPITANT,2023,2024,4041309.0,345309.0,38392441.2,9.5,111.18,7.0,3906599.0,0.0345,333799.0,0.0345,37112693.16,0.0345,0.0,5,3973954.0,95254.35,37752567.18,0,0,0,-1,Gastroenterology,0,unique,358255,0
HYOSCYAMINE,2018,2019,165317.0,85317.0,3058364.5,18.5,35.85,6.0,165317.0,0.0,85317.0,0.0,3058364.5,0.0,0.0,0,165317.0,0.0,3058364.5,1,0,0,-1,Unclassified / General,0,unique,153970,0
HYOSCYAMINE,2019,2020,171929.0,88729.0,3180699.08,18.5,35.85,6.0,165317.0,0.04,85317.0,0.04,3058364.5,0.04,0.0,1,168623.0,4675.39,3119531.79,0,0,0,-1,Unclassified / General,0,unique,153970,0
HYOSCYAMINE,2020,2021,178542.0,92142.0,3303033.66,18.5,35.85,6.0,171929.0,0.0385,88729.0,0.0385,3180699.08,0.0385,0.0,2,175235.5,4676.1,3241866.37,0,0,0,-1,Unclassified / General,0,unique,153970,0
HYOSCYAMINE,2021,2022,185155.0,95555.0,3425368.24,18.5,35.85,6.0,178542.0,0.037,92142.0,0.037,3303033.66,0.037,0.0,3,181848.5,4676.1,3364200.95,0,0,0,-1,Unclassified / General,0,unique,153970,0
HYOSCYAMINE,2022,2023,191767.0,98967.0,3547702.82,18.5,35.85,6.0,185155.0,0.0357,95555.0,0.0357,3425368.24,0.0357,0.0,4,188461.0,4675.39,3486535.53,0,0,0,-1,Unclassified / General,0,unique,153970,0
HYOSCYAMINE,2023,2024,198380.0,102380.0,3670037.4,18.5,35.85,6.0,191767.0,0.0345,98967.0,0.0345,3547702.82,0.0345,0.0,5,195073.5,4676.1,3608870.11,0,0,0,-1,Unclassified / General,0,unique,153970,0
GLYCOPYRROLATE,2018,2019,2687319.0,607319.0,55090039.5,20.5,90.71,8.0,2687319.0,0.0,607319.0,0.0,55090039.5,0.0,0.0,0,2687319.0,0.0,55090039.5,1,0,0,-1,Anesthesia,0,unique,4955,0
GLYCOPYRROLATE,2019,2020,2794811.0,631611.0,57293641.08,20.5,90.71,8.0,2687319.0,0.04,607319.0,0.04,55090039.5,0.04,0.0,1,2741065.0,76008.32,56191840.29,0,0,0,-1,Anesthesia,0,unique,4955,0
GLYCOPYRROLATE,2020,2021,2902304.0,655904.0,59497242.66,20.5,90.71,8.0,2794811.0,0.0385,631611.0,0.0385,57293641.08,0.0385,0.0,2,2848557.5,76009.03,58395441.87,0,0,0,-1,Anesthesia,0,unique,4955,0
GLYCOPYRROLATE,2021,2022,3009797.0,680197.0,61700844.24,20.5,90.71,8.0,2902304.0,0.037,655904.0,0.037,59497242.66,0.037,0.0,3,2956050.5,76009.03,60599043.45,0,0,0,-1,Anesthesia,0,unique,4955,0
GLYCOPYRROLATE,2022,2023,3117290.0,704490.0,63904445.82,20.5,90.71,8.0,3009797.0,0.0357,680197.0,0.0357,61700844.24,0.0357,0.0,4,3063543.5,76009.03,62802645.03,0,0,0,-1,Anesthesia,0,unique,4955,0
GLYCOPYRROLATE,2023,2024,3224782.0,728782.0,66108047.4,20.5,90.71,8.0,3117290.0,0.0345,704490.0,0.0345,63904445.82,0.0345,0.0,5,3171036.0,76008.32,65006246.61,0,0,0,-1,Anesthesia,0,unique,4955,0
LOPERAMIDE,2018,2019,2889130.0,809130.0,91007595.0,31.5,112.48,3.0,2889130.0,0.0,809130.0,0.0,91007595.0,0.0,0.0,0,2889130.0,0.0,91007595.0,1,0,0,-1,Unclassified / General,0,unique,6468,0
LOPERAMIDE,2019,2020,3004695.0,841495.0,94647898.8,31.5,112.48,3.0,2889130.0,0.04,809130.0,0.04,91007595.0,0.04,0.0,1,2946912.5,81716.8,92827746.9,0,0,0,-1,Unclassified / General,0,unique,6468,0
LOPERAMIDE,2020,2021,3120260.0,873860.0,98288202.6,31.5,112.48,3.0,3004695.0,0.0385,841495.0,0.0385,94647898.8,0.0385,0.0,2,3062477.5,81716.8,96468050.7,0,0,0,-1,Unclassified / General,0,unique,6468,0
LOPERAMIDE,2021,2022,3235825.0,906225.0,101928506.4,31.5,112.48,3.0,3120260.0,0.037,873860.0,0.037,98288202.6,0.037,0.0,3,3178042.5,81716.8,100108354.5,0,0,0,-1,Unclassified / General,0,unique,6468,0
LOPERAMIDE,2022,2023,3351390.0,938590.0,105568810.2,31.5,112.48,3.0,3235825.0,0.0357,906225.0,0.0357,101928506.4,0.0357,0.0,4,3293607.5,81716.8,103748658.3,0,0,0,-1,Unclassified / General,0,unique,6468,0
LOPERAMIDE,2023,2024,3466956.0,970956.0,109209114.0,31.5,112.48,3.0,3351390.0,0.0345,938590.0,0.0345,105568810.2,0.0345,0.0,5,3409173.0,81717.5,107388962.1,0,0,0,-1,Unclassified / General,0,unique,6468,0
DIPHENOXYLATE,2018,2019,1152410.0,72410.0,13252715.0,11.5,183.02,3.0,1152410.0,0.0,72410.0,0.0,13252715.0,0.0,0.0,0,1152410.0,0.0,13252715.0,1,0,0,-1,Unclassified / General,0,unique,3500,0
DIPHENOXYLATE,2019,2020,1198506.0,75306.0,13782823.6,11.5,183.02,3.0,1152410.0,0.04,72410.0,0.04,13252715.0,0.04,0.0,1,1175458.0,32594.79,13517769.3,0,0,0,-1,Unclassified / General,0,unique,3500,0
DIPHENOXYLATE,2020,2021,1244602.0,78202.0,14312932.2,11.5,183.03,3.0,1198506.0,0.0385,75306.0,0.0385,13782823.6,0.0385,0.0,2,1221554.0,32594.79,14047877.9,0,0,0,-1,Unclassified / General,0,unique,3500,0
DIPHENOXYLATE,2021,2022,1290699.0,81099.0,14843040.8,11.5,183.02,3.0,1244602.0,0.037,78202.0,0.037,14312932.2,0.037,0.0,3,1267650.5,32595.5,14577986.5,0,0,0,-1,Unclassified / General,0,unique,3500,0
DIPHENOXYLATE,2022,2023,1336795.0,83995.0,15373149.4,11.5,183.02,3.0,1290699.0,0.0357,81099.0,0.0357,14843040.8,0.0357,0.0,4,1313747.0,32594.79,15108095.1,0,0,0,-1,Unclassified / General,0,unique,3500,0
DIPHENOXYLATE,2023,2024,1382892.0,86892.0,15903258.0,11.5,183.02,3.0,1336795.0,0.0345,83995.0,0.0345,15373149.4,0.0345,0.0,5,1359843.5,32595.5,15638203.7,0,0,0,-1,Unclassified / General,0,unique,3500,0
LINACLOTIDE,2018,2019,1455037.0,375037.0,56018924.5,38.5,149.37,6.0,1455037.0,0.0,375037.0,0.0,56018924.5,0.0,0.0,0,1455037.0,0.0,56018924.5,1,0,0,-1,Unclassified / General,0,unique,1307404,0
LINACLOTIDE,2019,2020,1513238.0,390038.0,58259681.48,38.5,149.37,6.0,1455037.0,0.04,375037.0,0.04,56018924.5,0.04,0.0,1,1484137.5,41154.32,57139302.99,0,0,0,-1,Unclassified / General,0,unique,1307404,0
LINACLOTIDE,2020,2021,1571439.0,405039.0,60500438.46,38.5,149.37,6.0,1513238.0,0.0385,390038.0,0.0385,58259681.48,0.0385,0.0,2,1542338.5,41154.32,59380059.97,0,0,0,-1,Unclassified / General,0,unique,1307404,0
LINACLOTIDE,2021,2022,1629641.0,420041.0,62741195.44,38.5,149.37,6.0,1571439.0,0.037,405039.0,0.037,60500438.46,0.037,0.0,3,1600540.0,41155.03,61620816.95,0,0,0,-1,Unclassified / General,0,unique,1307404,0
LINACLOTIDE,2022,2023,1687842.0,435042.0,64981952.42,38.5,149.37,6.0,1629641.0,0.0357,420041.0,0.0357,62741195.44,0.0357,0.0,4,1658741.5,41154.32,63861573.93,0,0,0,-1,Unclassified / General,0,unique,1307404,0
LINACLOTIDE,2023,2024,1746044.0,450044.0,67222709.4,38.5,149.37,6.0,1687842.0,0.0345,435042.0,0.0345,64981952.42,0.0345,0.0,5,1716943.0,41155.03,66102330.91,0,0,0,-1,Unclassified / General,0,unique,1307404,0
LUBIPROSTONE,2018,2019,3409092.0,329092.0,148295502.0,43.5,450.62,5.0,3409092.0,0.0,329092.0,0.0,148295502.0,0.0,0.0,0,3409092.0,0.0,148295502.0,1,0,0,-1,Unclassified / General,0,unique,623033,0
LUBIPROSTONE,2019,2020,3545455.0,342255.0,154227322.08,43.5,450.62,5.0,3409092.0,0.04,329092.0,0.04,148295502.0,0.04,0.0,1,3477273.5,96423.2,151261412.04,0,0,0,-1,Unclassified / General,0,unique,623033,0
LUBIPROSTONE,2020,2021,3681819.0,355419.0,160159142.16,43.5,450.62,5.0,3545455.0,0.0385,342255.0,0.0385,154227322.08,0.0385,0.0,2,3613637.0,96423.91,157193232.12,0,0,0,-1,Unclassified / General,0,unique,623033,0
LUBIPROSTONE,2021,2022,3818183.0,368583.0,166090962.24,43.5,450.62,5.0,3681819.0,0.037,355419.0,0.037,160159142.16,0.037,0.0,3,3750001.0,96423.91,163125052.2,0,0,0,-1,Unclassified / General,0,unique,623033,0
LUBIPROSTONE,2022,2023,3954546.0,381746.0,172022782.32,43.5,450.62,5.0,3818183.0,0.0357,368583.0,0.0357,166090962.24,0.0357,0.0,4,3886364.5,96423.2,169056872.28,0,0,0,-1,Unclassified / General,0,unique,623033,0
LUBIPROSTONE,2023,2024,4090910.0,394910.0,177954602.4,43.5,450.62,5.0,3954546.0,0.0345,381746.0,0.0345,172022782.32,0.0345,0.0,5,4022728.0,96423.91,174988692.36,0,0,0,-1,Unclassified / General,0,unique,623033,0
AZATHIOPRINE,2018,2019,2030635.0,950635.0,74118177.5,36.5,77.97,4.0,2030635.0,0.0,950635.0,0.0,74118177.5,0.0,0.0,0,2030635.0,0.0,74118177.5,1,0,0,-1,Unclassified / General,0,unique,1256,0
AZATHIOPRINE,2019,2020,2111860.0,988660.0,77082904.6,36.5,77.97,4.0,2030635.0,0.04,950635.0,0.04,74118177.5,0.04,0.0,1,2071247.5,57434.75,75600541.05,0,0,0,-1,Unclassified / General,0,unique,1256,0
AZATHIOPRINE,2020,2021,2193085.0,1026685.0,80047631.7,36.5,77.97,4.0,2111860.0,0.0385,988660.0,0.0385,77082904.6,0.0385,0.0,2,2152472.5,57434.75,78565268.15,0,0,0,-1,Unclassified / General,0,unique,1256,0
AZATHIOPRINE,2021,2022,2274311.0,1064711.0,83012358.8,36.5,77.97,4.0,2193085.0,0.037,1026685.0,0.037,80047631.7,0.037,0.0,3,2233698.0,57435.46,81529995.25,0,0,0,-1,Unclassified / General,0,unique,1256,0
AZATHIOPRINE,2022,2023,2355536.0,1102736.0,85977085.9,36.5,77.97,4.0,2274311.0,0.0357,1064711.0,0.0357,83012358.8,0.0357,0.0,4,2314923.5,57434.75,84494722.35,0,0,0,-1,Unclassified / General,0,unique,1256,0
AZATHIOPRINE,2023,2024,2436762.0,1140762.0,88941813.0,36.5,77.97,4.0,2355536.0,0.0345,1102736.0,0.0345,85977085.9,0.0345,0.0,5,2396149.0,57435.46,87459449.45,0,0,0,-1,Unclassified / General,0,unique,1256,0
MERCAPTOPURINE,2018,2019,2044042.0,964042.0,88915827.0,43.5,92.23,3.0,2044042.0,0.0,964042.0,0.0,88915827.0,0.0,0.0,0,2044042.0,0.0,88915827.0,1,0,0,-1,Unclassified / General,0,unique,103,0
MERCAPTOPURINE,2019,2020,2125803.0,1002603.0,92472460.08,43.5,92.23,3.0,2044042.0,0.04,964042.0,0.04,88915827.0,0.04,0.0,1,2084922.5,57813.76,90694143.54,0,0,0,-1,Unclassified / General,0,unique,103,0
MERCAPTOPURINE,2020,2021,2207565.0,1041165.0,96029093.16,43.5,92.23,3.0,2125803.0,0.0385,1002603.0,0.0385,92472460.08,0.0385,0.0,2,2166684.0,57814.46,94250776.62,0,0,0,-1,Unclassified / General,0,unique,103,0
MERCAPTOPURINE,2021,2022,2289327.0,1079727.0,99585726.24,43.5,92.23,3.0,2207565.0,0.037,1041165.0,0.037,96029093.16,0.037,0.0,3,2248446.0,57814.46,97807409.7,0,0,0,-1,Unclassified / General,0,unique,103,0
MERCAPTOPURINE,2022,2023,2371088.0,1118288.0,103142359.32,43.5,92.23,3.0,2289327.0,0.0357,1079727.0,0.0357,99585726.24,0.0357,0.0,4,2330207.5,57813.76,101364042.78,0,0,0,-1,Unclassified / General,0,unique,103,0
MERCAPTOPURINE,2023,2024,2452850.0,1156850.0,106698992.4,43.5,92.23,3.0,2371088.0,0.0345,1118288.0,0.0345,103142359.32,0.0345,0.0,5,2411969.0,57814.46,104920675.86,0,0,0,-1,Unclassified / General,0,unique,103,0
INFLIXIMAB,2018,2019,3207493.0,127493.0,142733438.5,44.5,1119.54,6.0,3207493.0,0.0,127493.0,0.0,142733438.5,0.0,0.0,0,3207493.0,0.0,142733438.5,1,0,0,-1,Unclassified / General,0,unique,191831,0
INFLIXIMAB,2019,2020,3335792.0,132592.0,148442776.04,44.5,1119.55,6.0,3207493.0,0.04,127493.0,0.04,142733438.5,0.04,0.0,1,3271642.5,90721.09,145588107.27,0,0,0,-1,Unclassified / General,0,unique,191831,0
INFLIXIMAB,2020,2021,3464092.0,137692.0,154152113.58,44.5,1119.54,6.0,3335792.0,0.0385,132592.0,0.0385,148442776.04,0.0385,0.0,2,3399942.0,90721.8,151297444.81,0,0,0,-1,Unclassified / General,0,unique,191831,0
INFLIXIMAB,2021,2022,3592392.0,142792.0,159861451.12,44.5,1119.54,6.0,3464092.0,0.037,137692.0,0.037,154152113.58,0.037,0.0,3,3528242.0,90721.8,157006782.35,0,0,0,-1,Unclassified / General,0,unique,191831,0
INFLIXIMAB,2022,2023,3720691.0,147891.0,165570788.66,44.5,1119.55,6.0,3592392.0,0.0357,142792.0,0.0357,159861451.12,0.0357,0.0,4,3656541.5,90721.09,162716119.89,0,0,0,-1,Unclassified / General,0,unique,191831,0
INFLIXIMAB,2023,2024,3848991.0,152991.0,171280126.2,44.5,1119.54,6.0,3720691.0,0.0345,147891.0,0.0345,165570788.66,0.0345,0.0,5,3784841.0,90721.8,168425457.43,0,0,0,-1,Unclassified / General,0,unique,191831,0
ADALIMUMAB,2018,2019,1579633.0,499633.0,54497338.5,34.5,109.07,2.0,1579633.0,0.0,499633.0,0.0,54497338.5,0.0,0.0,0,1579633.0,0.0,54497338.5,1,0,0,-1,Unclassified / General,0,unique,327361,0
ADALIMUMAB,2019,2020,1642818.0,519618.0,56677232.04,34.5,109.07,2.0,1579633.0,0.04,499633.0,0.04,54497338.5,0.04,0.0,1,1611225.5,44678.54,55587285.27,0,0,0,-1,Unclassified / General,0,unique,327361,0
ADALIMUMAB,2020,2021,1706003.0,539603.0,58857125.58,34.5,109.07,2.0,1642818.0,0.0385,519618.0,0.0385,56677232.04,0.0385,0.0,2,1674410.5,44678.54,57767178.81,0,0,0,-1,Unclassified / General,0,unique,327361,0
ADALIMUMAB,2021,2022,1769188.0,559588.0,61037019.12,34.5,109.07,2.0,1706003.0,0.037,539603.0,0.037,58857125.58,0.037,0.0,3,1737595.5,44678.54,59947072.35,0,0,0,-1,Unclassified / General,0,unique,327361,0
ADALIMUMAB,2022,2023,1832374.0,579574.0,63216912.66,34.5,109.07,2.0,1769188.0,0.0357,559588.0,0.0357,61037019.12,0.0357,0.0,4,1800781.0,44679.25,62126965.89,0,0,0,-1,Unclassified / General,0,unique,327361,0
ADALIMUMAB,2023,2024,1895559.0,599559.0,65396806.2,34.5,109.07,2.0,1832374.0,0.0345,579574.0,0.0345,63216912.66,0.0345,0.0,5,1863966.5,44678.54,64306859.43,0,0,0,-1,Unclassified / General,0,unique,327361,0
VEDOLIZUMAB,2018,2019,376520.0,296520.0,8095180.0,21.5,27.3,1.0,376520.0,0.0,296520.0,0.0,8095180.0,0.0,0.0,0,376520.0,0.0,8095180.0,1,0,0,-1,Unclassified / General,1,unique,1538097,0
VEDOLIZUMAB,2019,2020,391580.0,308380.0,8418987.2,21.5,27.3,1.0,376520.0,0.04,296520.0,0.04,8095180.0,0.04,0.0,1,384050.0,10649.03,8257083.6,0,0,0,-1,Unclassified / General,1,unique,1538097,0
VEDOLIZUMAB,2020,2021,406641.0,320241.0,8742794.4,21.5,27.3,1.0,391580.0,0.0385,308380.0,0.0385,8418987.2,0.0385,0.0,2,399110.5,10649.74,8580890.8,0,0,0,-1,Unclassified / General,1,unique,1538097,0
VEDOLIZUMAB,2021,2022,421702.0,332102.0,9066601.6,21.5,27.3,1.0,406641.0,0.037,320241.0,0.037,8742794.4,0.037,0.0,3,414171.5,10649.74,8904698.0,0,0,0,-1,Unclassified / General,1,unique,1538097,0
VEDOLIZUMAB,2022,2023,436763.0,343963.0,9390408.8,21.5,27.3,1.0,421702.0,0.0357,332102.0,0.0357,9066601.6,0.0357,0.0,4,429232.5,10649.74,9228505.2,0,0,0,-1,Unclassified / General,1,unique,1538097,0
VEDOLIZUMAB,2023,2024,451824.0,355824.0,9714216.0,21.5,27.3,1.0,436763.0,0.0345,343963.0,0.0345,9390408.8,0.0345,0.0,5,444293.5,10649.74,9552312.4,0,0,0,-1,Unclassified / General,1,unique,1538097,0
USTEKINUMAB,2018,2019,148819.0,68819.0,3050789.5,20.5,44.33,4.0,148819.0,0.0,68819.0,0.0,3050789.5,0.0,0.0,0,148819.0,0.0,3050789.5,1,0,0,-1,Unclassified / General,0,unique,847083,0
USTEKINUMAB,2019,2020,154771.0,71571.0,3172821.08,20.5,44.33,4.0,148819.0,0.04,68819.0,0.04,3050789.5,0.04,0.0,1,151795.0,4208.7,3111805.29,0,0,0,-1,Unclassified / General,0,unique,847083,0
USTEKINUMAB,2020,2021,160724.0,74324.0,3294852.66,20.5,44.33,4.0,154771.0,0.0385,71571.0,0.0385,3172821.08,0.0385,0.0,2,157747.5,4209.41,3233836.87,0,0,0,-1,Unclassified / General,0,unique,847083,0
USTEKINUMAB,2021,2022,166677.0,77077.0,3416884.24,20.5,44.33,4.0,160724.0,0.037,74324.0,0.037,3294852.66,0.037,0.0,3,163700.5,4209.41,3355868.45,0,0,0,-1,Unclassified / General,0,unique,847083,0
USTEKINUMAB,2022,2023,172630.0,79830.0,3538915.82,20.5,44.33,4.0,166677.0,0.0357,77077.0,0.0357,3416884.24,0.0357,0.0,4,169653.5,4209.41,3477900.03,0,0,0,-1,Unclassified / General,0,unique,847083,0
USTEKINUMAB,2023,2024,178582.0,82582.0,3660947.4,20.5,44.33,4.0,172630.0,0.0345,79830.0,0.0345,3538915.82,0.0345,0.0,5,175606.0,4208.7,3599931.61,0,0,0,-1,Unclassified / General,0,unique,847083,0
CHOLESTYRAMINE,2018,2019,4995578.0,915578.0,147369551.0,29.5,160.96,3.0,4995578.0,0.0,915578.0,0.0,147369551.0,0.0,0.0,0,4995578.0,0.0,147369551.0,1,0,0,-1,Unclassified / General,0,unique,2447,0
CHOLESTYRAMINE,2019,2020,5195401.0,952201.0,153264333.04,29.5,160.96,3.0,4995578.0,0.04,915578.0,0.04,147369551.0,0.04,0.0,1,5095489.5,141296.2,150316942.02,0,0,0,-1,Unclassified / General,0,unique,2447,0
CHOLESTYRAMINE,2020,2021,5395224.0,988824.0,159159115.08,29.5,160.96,3.0,5195401.0,0.0385,952201.0,0.0385,153264333.04,0.0385,0.0,2,5295312.5,141296.2,156211724.06,0,0,0,-1,Unclassified / General,0,unique,2447,0
CHOLESTYRAMINE,2021,2022,5595047.0,1025447.0,165053897.12,29.5,160.96,3.0,5395224.0,0.037,988824.0,0.037,159159115.08,0.037,0.0,3,5495135.5,141296.2,162106506.1,0,0,0,-1,Unclassified / General,0,unique,2447,0
CHOLESTYRAMINE,2022,2023,5794870.0,1062070.0,170948679.16,29.5,160.96,3.0,5595047.0,0.0357,1025447.0,0.0357,165053897.12,0.0357,0.0,4,5694958.5,141296.2,168001288.14,0,0,0,-1,Unclassified / General,0,unique,2447,0
CHOLESTYRAMINE,2023,2024,5994693.0,1098693.0,176843461.2,29.5,160.96,3.0,5794870.0,0.0345,1062070.0,0.0345,170948679.16,0.0345,0.0,5,5894781.5,141296.2,173896070.18,0,0,0,-1,Unclassified / General,0,unique,2447,0
COLESTIPOL,2018,2019,1846663.0,766663.0,26776613.5,14.5,34.93,8.0,1846663.0,0.0,766663.0,0.0,26776613.5,0.0,0.0,0,1846663.0,0.0,26776613.5,1,0,0,-1,Unclassified / General,0,unique,2685,0
COLESTIPOL,2019,2020,1920529.0,797329.0,27847678.04,14.5,34.93,8.0,1846663.0,0.04,766663.0,0.04,26776613.5,0.04,0.0,1,1883596.0,52231.15,27312145.77,0,0,0,-1,Unclassified / General,0,unique,2685,0
COLESTIPOL,2020,2021,1994396.0,827996.0,28918742.58,14.5,34.93,8.0,1920529.0,0.0385,797329.0,0.0385,27847678.04,0.0385,0.0,2,1957462.5,52231.86,28383210.31,0,0,0,-1,Unclassified / General,0,unique,2685,0
COLESTIPOL,2021,2022,2068262.0,858662.0,29989807.12,14.5,34.93,8.0,1994396.0,0.037,827996.0,0.037,28918742.58,0.037,0.0,3,2031329.0,52231.15,29454274.85,0,0,0,-1,Unclassified / General,0,unique,2685,0
COLESTIPOL,2022,2023,2142129.0,889329.0,31060871.66,14.5,34.93,8.0,2068262.0,0.0357,858662.0,0.0357,29989807.12,0.0357,0.0,4,2105195.5,52231.86,30525339.39,0,0,0,-1,Unclassified / General,0,unique,2685,0
COLESTIPOL,2023,2024,2215995.0,919995.0,32131936.2,14.5,34.93,8.0,2142129.0,0.0345,889329.0,0.0345,31060871.66,0.0345,0.0,5,2179062.0,52231.15,31596403.93,0,0,0,-1,Unclassified / General,0,unique,2685,0
COLESEVELAM,2018,2019,4580299.0,500299.0,231305099.5,50.5,462.33,4.0,4580299.0,0.0,500299.0,0.0,231305099.5,0.0,0.0,0,4580299.0,0.0,231305099.5,1,0,0,-1,Unclassified / General,0,unique,141626,0
COLESEVELAM,2019,2020,4763510.0,520310.0,240557303.48,50.5,462.33,4.0,4580299.0,0.04,500299.0,0.04,231305099.5,0.04,0.0,1,4671904.5,129549.74,235931201.49,0,0,0,-1,Unclassified / General,0,unique,141626,0
COLESEVELAM,2020,2021,4946722.0,540322.0,249809507.46,50.5,462.33,4.0,4763510.0,0.0385,520310.0,0.0385,240557303.48,0.0385,0.0,2,4855116.0,129550.45,245183405.47,0,0,0,-1,Unclassified / General,0,unique,141626,0
COLESEVELAM,2021,2022,5129934.0,560334.0,259061711.44,50.5,462.33,4.0,4946722.0,0.037,540322.0,0.037,249809507.46,0.037,0.0,3,5038328.0,129550.45,254435609.45,0,0,0,-1,Unclassified / General,0,unique,141626,0
COLESEVELAM,2022,2023,5313146.0,580346.0,268313915.42,50.5,462.33,4.0,5129934.0,0.0357,560334.0,0.0357,259061711.44,0.0357,0.0,4,5221540.0,129550.45,263687813.43,0,0,0,-1,Unclassified / General,0,unique,141626,0
COLESEVELAM,2023,2024,5496358.0,600358.0,277566119.4,50.5,462.33,4.0,5313146.0,0.0345,580346.0,0.0345,268313915.42,0.0345,0.0,5,5404752.0,129550.45,272940017.41,0,0,0,-1,Unclassified / General,0,unique,141626,0
URSODIOL,2018,2019,1324013.0,244013.0,19198188.5,14.5,78.68,6.0,1324013.0,0.0,244013.0,0.0,19198188.5,0.0,0.0,0,1324013.0,0.0,19198188.5,1,0,0,-1,Other,0,unique,11065,0
URSODIOL,2019,2020,1376973.0,253773.0,19966116.04,14.5,78.68,6.0,1324013.0,0.04,244013.0,0.04,19198188.5,0.04,0.0,1,1350493.0,37448.38,19582152.27,0,0,0,-1,Other,0,unique,11065,0
URSODIOL,2020,2021,1429934.0,263534.0,20734043.58,14.5,78.68,6.0,1376973.0,0.0385,253773.0,0.0385,19966116.04,0.0385,0.0,2,1403453.5,37449.08,20350079.81,0,0,0,-1,Other,0,unique,11065,0
URSODIOL,2021,2022,1482894.0,273294.0,21501971.12,14.5,78.68,6.0,1429934.0,0.037,263534.0,0.037,20734043.58,0.037,0.0,3,1456414.0,37448.38,21118007.35,0,0,0,-1,Other,0,unique,11065,0
URSODIOL,2022,2023,1535855.0,283055.0,22269898.66,14.5,78.68,6.0,1482894.0,0.0357,273294.0,0.0357,21501971.12,0.0357,0.0,4,1509374.5,37449.08,21885934.89,0,0,0,-1,Other,0,unique,11065,0
URSODIOL,2023,2024,1588815.0,292815.0,23037826.2,14.5,78.68,6.0,1535855.0,0.0345,283055.0,0.0345,22269898.66,0.0345,0.0,5,1562335.0,37448.38,22653862.43,0,0,0,-1,Other,0,unique,11065,0
PANCRELIPASE,2018,2019,3204234.0,124234.0,113750307.0,35.5,915.61,3.0,3204234.0,0.0,124234.0,0.0,113750307.0,0.0,0.0,0,3204234.0,0.0,113750307.0,1,0,0,-1,Unclassified / General,0,unique,392491,0
PANCRELIPASE,2019,2020,3332403.0,129203.0,118300319.28,35.5,915.62,3.0,3204234.0,0.04,124234.0,0.04,113750307.0,0.04,0.0,1,3268318.5,90629.17,116025313.14,0,0,0,-1,Unclassified / General,0,unique,392491,0
PANCRELIPASE,2020,2021,3460572.0,134172.0,122850331.56,35.5,915.62,3.0,3332403.0,0.0385,129203.0,0.0385,118300319.28,0.0385,0.0,2,3396487.5,90629.17,120575325.42,0,0,0,-1,Unclassified / General,0,unique,392491,0
PANCRELIPASE,2021,2022,3588742.0,139142.0,127400343.84,35.5,915.61,3.0,3460572.0,0.037,134172.0,0.037,122850331.56,0.037,0.0,3,3524657.0,90629.88,125125337.7,0,0,0,-1,Unclassified / General,0,unique,392491,0
PANCRELIPASE,2022,2023,3716911.0,144111.0,131950356.12,35.5,915.62,3.0,3588742.0,0.0357,139142.0,0.0357,127400343.84,0.0357,0.0,4,3652826.5,90629.17,129675349.98,0,0,0,-1,Unclassified / General,0,unique,392491,0
PANCRELIPASE,2023,2024,3845080.0,149080.0,136500368.4,35.5,915.62,3.0,3716911.0,0.0345,144111.0,0.0345,131950356.12,0.0345,0.0,5,3780995.5,90629.17,134225362.26,0,0,0,-1,Unclassified / General,0,unique,392491,0
PEG3350,2018,2019,1443610.0,363610.0,16601515.0,11.5,45.66,3.0,1443610.0,0.0,363610.0,0.0,16601515.0,0.0,0.0,0,1443610.0,0.0,16601515.0,1,0,0,-1,Unclassified / General,0,unique,221147,0
PEG3350,2019,2020,1501354.0,378154.0,17265575.6,11.5,45.66,3.0,1443610.0,0.04,363610.0,0.04,16601515.0,0.04,0.0,1,1472482.0,40831.17,16933545.3,0,0,0,-1,Unclassified / General,0,unique,221147,0
PEG3350,2020,2021,1559098.0,392698.0,17929636.2,11.5,45.66,3.0,1501354.0,0.0385,378154.0,0.0385,17265575.6,0.0385,0.0,2,1530226.0,40831.17,17597605.9,0,0,0,-1,Unclassified / General,0,unique,221147,0
PEG3350,2021,2022,1616843.0,407243.0,18593696.8,11.5,45.66,3.0,1559098.0,0.037,392698.0,0.037,17929636.2,0.037,0.0,3,1587970.5,40831.88,18261666.5,0,0,0,-1,Unclassified / General,0,unique,221147,0
PEG3350,2022,2023,1674587.0,421787.0,19257757.4,11.5,45.66,3.0,1616843.0,0.0357,407243.0,0.0357,18593696.8,0.0357,0.0,4,1645715.0,40831.17,18925727.1,0,0,0,-1,Unclassified / General,0,unique,221147,0
PEG3350,2023,2024,1732332.0,436332.0,19921818.0,11.5,45.66,3.0,1674587.0,0.0345,421787.0,0.0345,19257757.4,0.0345,0.0,5,1703459.5,40831.88,19589787.7,0,0,0,-1,Unclassified / General,0,unique,221147,0
SODIUM PHOSPHATE,2018,2019,4726024.0,646024.0,120513612.0,25.5,186.55,1.0,4726024.0,0.0,646024.0,0.0,120513612.0,0.0,0.0,0,4726024.0,0.0,120513612.0,1,26,1,1,Gastroenterology,1,unique,36709,0
SODIUM PHOSPHATE,2019,2020,4915064.0,671864.0,125334156.48,25.5,186.55,1.0,4726024.0,0.04,646024.0,0.04,120513612.0,0.04,0.0,1,4820544.0,133671.47,122923884.24,0,26,1,2,Gastroenterology,1,unique,36709,0
SODIUM PHOSPHATE,2020,2021,5104105.0,697705.0,130154700.96,25.5,186.55,1.0,4915064.0,0.0385,671864.0,0.0385,125334156.48,0.0385,0.0,2,5009584.5,133672.17,127744428.72,0,26,1,3,Gastroenterology,1,unique,36709,0
SODIUM PHOSPHATE,2021,2022,5293146.0,723546.0,134975245.44,25.5,186.55,1.0,5104105.0,0.037,697705.0,0.037,130154700.96,0.037,0.0,3,5198625.5,133672.17,132564973.2,0,26,1,4,Gastroenterology,1,unique,36709,0
SODIUM PHOSPHATE,2022,2023,5482187.0,749387.0,139795789.92,25.5,186.55,1.0,5293146.0,0.0357,723546.0,0.0357,134975245.44,0.0357,0.0,4,5387666.5,133672.17,137385517.68,0,26,1,5,Gastroenterology,1,unique,36709,0
SODIUM PHOSPHATE,2023,2024,5671228.0,775228.0,144616334.4,25.5,186.55,1.0,5482187.0,0.0345,749387.0,0.0345,139795789.92,0.0345,0.0,5,5576707.5,133672.17,142206062.16,0,26,1,6,Gastroenterology,1,unique,36709,0
ALBUTEROL,2018,2019,2915974.0,835974.0,74357337.0,25.5,88.95,7.0,2915974.0,0.0,835974.0,0.0,74357337.0,0.0,0.0,0,2915974.0,0.0,74357337.0,1,0,0,-1,Pediatric,0,unique,435,0
ALBUTEROL,2019,2020,3032612.0,869412.0,77331630.48,25.5,88.95,7.0,2915974.0,0.04,835974.0,0.04,74357337.0,0.04,0.0,1,2974293.0,82475.52,75844483.74,0,0,0,-1,Pediatric,0,unique,435,0
ALBUTEROL,2020,2021,3149251.0,902851.0,80305923.96,25.5,88.95,7.0,3032612.0,0.0385,869412.0,0.0385,77331630.48,0.0385,0.0,2,3090931.5,82476.23,78818777.22,0,0,0,-1,Pediatric,0,unique,435,0
ALBUTEROL,2021,2022,3265890.0,936290.0,83280217.44,25.5,88.95,7.0,3149251.0,0.037,902851.0,0.037,80305923.96,0.037,0.0,3,3207570.5,82476.23,81793070.7,0,0,0,-1,Pediatric,0,unique,435,1
ALBUTEROL,2022,2023,3382529.0,969729.0,86254510.92,25.5,88.95,7.0,3265890.0,0.0357,936290.0,0.0357,83280217.44,0.0357,0.0,4,3324209.5,82476.23,84767364.18,0,3,1,0,Pediatric,0,unique,435,0
ALBUTEROL,2023,2024,3499168.0,1003168.0,89228804.4,25.5,88.95,7.0,3382529.0,0.0345,969729.0,0.0345,86254510.92,0.0345,0.0,5,3440848.5,82476.23,87741657.66,0,3,1,1,Pediatric,0,unique,435,0
MONTELUKAST,2018,2019,260807.0,180807.0,2216859.5,8.5,12.26,8.0,260807.0,0.0,180807.0,0.0,2216859.5,0.0,0.0,0,260807.0,0.0,2216859.5,1,0,0,-1,Pulmonary/Allergy,0,unique,88249,0
MONTELUKAST,2019,2020,271239.0,188039.0,2305533.88,8.5,12.26,8.0,260807.0,0.04,180807.0,0.04,2216859.5,0.04,0.0,1,266023.0,7376.54,2261196.69,0,0,0,-1,Pulmonary/Allergy,0,unique,88249,0
MONTELUKAST,2020,2021,281671.0,195271.0,2394208.26,8.5,12.26,8.0,271239.0,0.0385,188039.0,0.0385,2305533.88,0.0385,0.0,2,276455.0,7376.54,2349871.07,0,0,0,-1,Pulmonary/Allergy,0,unique,88249,0
MONTELUKAST,2021,2022,292103.0,202503.0,2482882.64,8.5,12.26,8.0,281671.0,0.037,195271.0,0.037,2394208.26,0.037,0.0,3,286887.0,7376.54,2438545.45,0,0,0,-1,Pulmonary/Allergy,0,unique,88249,0
MONTELUKAST,2022,2023,302536.0,209736.0,2571557.02,8.5,12.26,8.0,292103.0,0.0357,202503.0,0.0357,2482882.64,0.0357,0.0,4,297319.5,7377.25,2527219.83,0,0,0,-1,Pulmonary/Allergy,0,unique,88249,0
MONTELUKAST,2023,2024,312968.0,216968.0,2660231.4,8.5,12.26,8.0,302536.0,0.0345,209736.0,0.0345,2571557.02,0.0345,0.0,5,307752.0,7376.54,2615894.21,0,0,0,-1,Pulmonary/Allergy,0,unique,88249,0
FLUTICASONE,2018,2019,3040105.0,960105.0,19760682.5,6.5,20.58,2.0,3040105.0,0.0,960105.0,0.0,19760682.5,0.0,0.0,0,3040105.0,0.0,19760682.5,1,0,0,-1,Pulmonary/Allergy,0,unique,41126,0
FLUTICASONE,2019,2020,3161709.0,998509.0,20551109.8,6.5,20.58,2.0,3040105.0,0.04,960105.0,0.04,19760682.5,0.04,0.0,1,3100907.0,85987.01,20155896.15,0,0,0,-1,Pulmonary/Allergy,0,unique,41126,0
FLUTICASONE,2020,2021,3283313.0,1036913.0,21341537.1,6.5,20.58,2.0,3161709.0,0.0385,998509.0,0.0385,20551109.8,0.0385,0.0,2,3222511.0,85987.01,20946323.45,0,0,0,-1,Pulmonary/Allergy,0,unique,41126,0
FLUTICASONE,2021,2022,3404917.0,1075317.0,22131964.4,6.5,20.58,2.0,3283313.0,0.037,1036913.0,0.037,21341537.1,0.037,0.0,3,3344115.0,85987.01,21736750.75,0,0,0,-1,Pulmonary/Allergy,0,unique,41126,0
FLUTICASONE,2022,2023,3526521.0,1113721.0,22922391.7,6.5,20.58,2.0,3404917.0,0.0357,1075317.0,0.0357,22131964.4,0.0357,0.0,4,3465719.0,85987.01,22527178.05,0,0,0,-1,Pulmonary/Allergy,0,unique,41126,0
FLUTICASONE,2023,2024,3648126.0,1152126.0,23712819.0,6.5,20.58,2.0,3526521.0,0.0345,1113721.0,0.0345,22922391.7,0.0345,0.0,5,3587323.5,85987.72,23317605.35,0,0,0,-1,Pulmonary/Allergy,0,unique,41126,0
IPRATROPIUM,2018,2019,4673678.0,593678.0,137873501.0,29.5,232.24,7.0,4673678.0,0.0,593678.0,0.0,137873501.0,0.0,0.0,0,4673678.0,0.0,137873501.0,1,0,0,-1,Unclassified / General,0,unique,7213,0
IPRATROPIUM,2019,2020,4860625.0,617425.0,143388441.04,29.5,232.24,7.0,4673678.0,0.04,593678.0,0.04,137873501.0,0.04,0.0,1,4767151.5,132191.49,140630971.02,0,0,0,-1,Unclassified / General,0,unique,7213,0
IPRATROPIUM,2020,2021,5047572.0,641172.0,148903381.08,29.5,232.24,7.0,4860625.0,0.0385,617425.0,0.0385,143388441.04,0.0385,0.0,2,4954098.5,132191.49,146145911.06,0,0,0,-1,Unclassified / General,0,unique,7213,0
IPRATROPIUM,2021,2022,5234519.0,664919.0,154418321.12,29.5,232.24,7.0,5047572.0,0.037,641172.0,0.037,148903381.08,0.037,0.0,3,5141045.5,132191.49,151660851.1,0,0,0,-1,Unclassified / General,0,unique,7213,0
IPRATROPIUM,2022,2023,5421466.0,688666.0,159933261.16,29.5,232.24,7.0,5234519.0,0.0357,664919.0,0.0357,154418321.12,0.0357,0.0,4,5327992.5,132191.49,157175791.14,0,0,0,-1,Unclassified / General,0,unique,7213,0
IPRATROPIUM,2023,2024,5608413.0,712413.0,165448201.2,29.5,232.24,7.0,5421466.0,0.0345,688666.0,0.0345,159933261.16,0.0345,0.0,5,5514939.5,132191.49,162690731.18,0,0,0,-1,Unclassified / General,0,unique,7213,0
TIOTROPIUM,2018,2019,4792521.0,712521.0,107831722.5,22.5,151.34,2.0,4792521.0,0.0,712521.0,0.0,107831722.5,0.0,0.0,0,4792521.0,0.0,107831722.5,1,0,0,-1,Unclassified / General,0,unique,69120,0
TIOTROPIUM,2019,2020,4984221.0,741021.0,112144991.4,22.5,151.34,2.0,4792521.0,0.04,712521.0,0.04,107831722.5,0.04,0.0,1,4888371.0,135552.37,109988356.95,0,0,0,-1,Unclassified / General,0,unique,69120,0
TIOTROPIUM,2020,2021,5175922.0,769522.0,116458260.3,22.5,151.34,2.0,4984221.0,0.0385,741021.0,0.0385,112144991.4,0.0385,0.0,2,5080071.5,135553.08,114301625.85,0,0,0,-1,Unclassified / General,0,unique,69120,0
TIOTROPIUM,2021,2022,5367623.0,798023.0,120771529.2,22.5,151.34,2.0,5175922.0,0.037,769522.0,0.037,116458260.3,0.037,0.0,3,5271772.5,135553.08,118614894.75,0,0,0,-1,Unclassified / General,0,unique,69120,0
TIOTROPIUM,2022,2023,5559324.0,826524.0,125084798.1,22.5,151.34,2.0,5367623.0,0.0357,798023.0,0.0357,120771529.2,0.0357,0.0,4,5463473.5,135553.08,122928163.65,0,0,0,-1,Unclassified / General,0,unique,69120,0
TIOTROPIUM,2023,2024,5751025.0,855025.0,129398067.0,22.5,151.34,2.0,5559324.0,0.0345,826524.0,0.0345,125084798.1,0.0345,0.0,5,5655174.5,135553.08,127241432.55,0,0,0,-1,Unclassified / General,0,unique,69120,0
CETIRIZINE,2018,2019,3256728.0,176728.0,96073476.0,29.5,543.62,1.0,3256728.0,0.0,176728.0,0.0,96073476.0,0.0,0.0,0,3256728.0,0.0,96073476.0,1,0,0,-1,Unclassified / General,1,unique,20610,0
CETIRIZINE,2019,2020,3386997.0,183797.0,99916415.04,29.5,543.62,1.0,3256728.0,0.04,176728.0,0.04,96073476.0,0.04,0.0,1,3321862.5,92114.09,97994945.52,0,0,0,-1,Unclassified / General,1,unique,20610,0
CETIRIZINE,2020,2021,3517266.0,190866.0,103759354.08,29.5,543.62,1.0,3386997.0,0.0385,183797.0,0.0385,99916415.04,0.0385,0.0,2,3452131.5,92114.09,101837884.56,0,0,0,-1,Unclassified / General,1,unique,20610,0
CETIRIZINE,2021,2022,3647535.0,197935.0,107602293.12,29.5,543.62,1.0,3517266.0,0.037,190866.0,0.037,103759354.08,0.037,0.0,3,3582400.5,92114.09,105680823.6,0,0,0,-1,Unclassified / General,1,unique,20610,0
CETIRIZINE,2022,2023,3777804.0,205004.0,111445232.16,29.5,543.62,1.0,3647535.0,0.0357,197935.0,0.0357,107602293.12,0.0357,0.0,4,3712669.5,92114.09,109523762.64,0,0,0,-1,Unclassified / General,1,unique,20610,0
CETIRIZINE,2023,2024,3908073.0,212073.0,115288171.2,29.5,543.62,1.0,3777804.0,0.0345,205004.0,0.0345,111445232.16,0.0345,0.0,5,3842938.5,92114.09,113366701.68,0,0,0,-1,Unclassified / General,1,unique,20610,0
LORATADINE,2018,2019,1282729.0,202729.0,39123234.5,30.5,192.98,2.0,1282729.0,0.0,202729.0,0.0,39123234.5,0.0,0.0,0,1282729.0,0.0,39123234.5,1,0,0,-1,Unclassified / General,0,unique,28889,0
LORATADINE,2019,2020,1334038.0,210838.0,40688163.88,30.5,192.98,2.0,1282729.0,0.04,202729.0,0.04,39123234.5,0.04,0.0,1,1308383.5,36280.94,39905699.19,0,0,0,-1,Unclassified / General,0,unique,28889,0
LORATADINE,2020,2021,1385347.0,218947.0,42253093.26,30.5,192.98,2.0,1334038.0,0.0385,210838.0,0.0385,40688163.88,0.0385,0.0,2,1359692.5,36280.94,41470628.57,0,0,0,-1,Unclassified / General,0,unique,28889,0
LORATADINE,2021,2022,1436656.0,227056.0,43818022.64,30.5,192.98,2.0,1385347.0,0.037,218947.0,0.037,42253093.26,0.037,0.0,3,1411001.5,36280.94,43035557.95,0,0,0,-1,Unclassified / General,0,unique,28889,0
LORATADINE,2022,2023,1487965.0,235165.0,45382952.02,30.5,192.98,2.0,1436656.0,0.0357,227056.0,0.0357,43818022.64,0.0357,0.0,4,1462310.5,36280.94,44600487.33,0,0,0,-1,Unclassified / General,0,unique,28889,0
LORATADINE,2023,2024,1539274.0,243274.0,46947881.4,30.5,192.98,2.0,1487965.0,0.0345,235165.0,0.0345,45382952.02,0.0345,0.0,5,1513619.5,36280.94,46165416.71,0,0,0,-1,Unclassified / General,0,unique,28889,0
FEXOFENADINE,2018,2019,1624704.0,544704.0,8935872.0,5.5,16.41,1.0,1624704.0,0.0,544704.0,0.0,8935872.0,0.0,0.0,0,1624704.0,0.0,8935872.0,1,0,0,-1,Unclassified / General,1,unique,87636,0
FEXOFENADINE,2019,2020,1689692.0,566492.0,9293306.88,5.5,16.41,1.0,1624704.0,0.04,544704.0,0.04,8935872.0,0.04,0.0,1,1657198.0,45953.46,9114589.44,0,0,0,-1,Unclassified / General,1,unique,87636,0
FEXOFENADINE,2020,2021,1754680.0,588280.0,9650741.76,5.5,16.41,1.0,1689692.0,0.0385,566492.0,0.0385,9293306.88,0.0385,0.0,2,1722186.0,45953.46,9472024.32,0,0,0,-1,Unclassified / General,1,unique,87636,0
FEXOFENADINE,2021,2022,1819668.0,610068.0,10008176.64,5.5,16.41,1.0,1754680.0,0.037,588280.0,0.037,9650741.76,0.037,0.0,3,1787174.0,45953.46,9829459.2,0,0,0,-1,Unclassified / General,1,unique,87636,0
FEXOFENADINE,2022,2023,1884656.0,631856.0,10365611.52,5.5,16.41,1.0,1819668.0,0.0357,610068.0,0.0357,10008176.64,0.0357,0.0,4,1852162.0,45953.46,10186894.08,0,0,0,-1,Unclassified / General,1,unique,87636,0
FEXOFENADINE,2023,2024,1949644.0,653644.0,10723046.4,5.5,16.41,1.0,1884656.0,0.0345,631856.0,0.0345,10365611.52,0.0345,0.0,5,1917150.0,45953.46,10544328.96,0,0,0,-1,Unclassified / General,1,unique,87636,0
BENZONATATE,2018,2019,4566403.0,486403.0,20548813.5,4.5,42.25,4.0,4566403.0,0.0,486403.0,0.0,20548813.5,0.0,0.0,0,4566403.0,0.0,20548813.5,1,0,0,-1,Unclassified / General,0,unique,18993,0
BENZONATATE,2019,2020,4749059.0,505859.0,21370766.04,4.5,42.25,4.0,4566403.0,0.04,486403.0,0.04,20548813.5,0.04,0.0,1,4657731.0,129157.3,20959789.77,0,0,0,-1,Unclassified / General,0,unique,18993,0
BENZONATATE,2020,2021,4931715.0,525315.0,22192718.58,4.5,42.25,4.0,4749059.0,0.0385,505859.0,0.0385,21370766.04,0.0385,0.0,2,4840387.0,129157.3,21781742.31,0,0,0,-1,Unclassified / General,0,unique,18993,0
BENZONATATE,2021,2022,5114371.0,544771.0,23014671.12,4.5,42.25,4.0,4931715.0,0.037,525315.0,0.037,22192718.58,0.037,0.0,3,5023043.0,129157.3,22603694.85,0,0,0,-1,Unclassified / General,0,unique,18993,0
BENZONATATE,2022,2023,5297027.0,564227.0,23836623.66,4.5,42.25,4.0,5114371.0,0.0357,544771.0,0.0357,23014671.12,0.0357,0.0,4,5205699.0,129157.3,23425647.39,0,0,0,-1,Unclassified / General,0,unique,18993,0
BENZONATATE,2023,2024,5479683.0,583683.0,24658576.2,4.5,42.25,4.0,5297027.0,0.0345,564227.0,0.0345,23836623.66,0.0345,0.0,5,5388355.0,129157.3,24247599.93,0,0,0,-1,Unclassified / General,0,unique,18993,0
LEVALBUTEROL,2018,2019,1881438.0,801438.0,74316801.0,39.5,92.73,7.0,1881438.0,0.0,801438.0,0.0,74316801.0,0.0,0.0,0,1881438.0,0.0,74316801.0,1,0,0,-1,Unclassified / General,0,unique,237159,0
LEVALBUTEROL,2019,2020,1956695.0,833495.0,77289473.04,39.5,92.73,7.0,1881438.0,0.04,801438.0,0.04,74316801.0,0.04,0.0,1,1919066.5,53214.74,75803137.02,0,0,0,-1,Unclassified / General,0,unique,237159,0
LEVALBUTEROL,2020,2021,2031953.0,865553.0,80262145.08,39.5,92.73,7.0,1956695.0,0.0385,833495.0,0.0385,77289473.04,0.0385,0.0,2,1994324.0,53215.44,78775809.06,0,0,0,-1,Unclassified / General,0,unique,237159,0
LEVALBUTEROL,2021,2022,2107210.0,897610.0,83234817.12,39.5,92.73,7.0,2031953.0,0.037,865553.0,0.037,80262145.08,0.037,0.0,3,2069581.5,53214.74,81748481.1,0,0,0,-1,Unclassified / General,0,unique,237159,0
LEVALBUTEROL,2022,2023,2182468.0,929668.0,86207489.16,39.5,92.73,7.0,2107210.0,0.0357,897610.0,0.0357,83234817.12,0.0357,0.0,4,2144839.0,53215.44,84721153.14,0,0,0,-1,Unclassified / General,0,unique,237159,0
LEVALBUTEROL,2023,2024,2257725.0,961725.0,89180161.2,39.5,92.73,7.0,2182468.0,0.0345,929668.0,0.0345,86207489.16,0.0345,0.0,5,2220096.5,53214.74,87693825.18,0,0,0,-1,Unclassified / General,0,unique,237159,0
FORMOTEROL,2018,2019,2203292.0,123292.0,95843202.0,43.5,777.37,5.0,2203292.0,0.0,123292.0,0.0,95843202.0,0.0,0.0,0,2203292.0,0.0,95843202.0,1,0,0,-1,Unclassified / General,0,unique,25255,0
FORMOTEROL,2019,2020,2291423.0,128223.0,99676930.08,43.5,777.37,5.0,2203292.0,0.04,123292.0,0.04,95843202.0,0.04,0.0,1,2247357.5,62318.03,97760066.04,0,0,0,-1,Unclassified / General,0,unique,25255,0
FORMOTEROL,2020,2021,2379555.0,133155.0,103510658.16,43.5,777.37,5.0,2291423.0,0.0385,128223.0,0.0385,99676930.08,0.0385,0.0,2,2335489.0,62318.73,101593794.12,0,0,0,-1,Unclassified / General,0,unique,25255,0
FORMOTEROL,2021,2022,2467687.0,138087.0,107344386.24,43.5,777.37,5.0,2379555.0,0.037,133155.0,0.037,103510658.16,0.037,0.0,3,2423621.0,62318.73,105427522.2,0,0,0,-1,Unclassified / General,0,unique,25255,0
FORMOTEROL,2022,2023,2555818.0,143018.0,111178114.32,43.5,777.37,5.0,2467687.0,0.0357,138087.0,0.0357,107344386.24,0.0357,0.0,4,2511752.5,62318.03,109261250.28,0,0,0,-1,Unclassified / General,0,unique,25255,0
FORMOTEROL,2023,2024,2643950.0,147950.0,115011842.4,43.5,777.37,5.0,2555818.0,0.0345,143018.0,0.0345,111178114.32,0.0345,0.0,5,2599884.0,62318.73,113094978.36,0,0,0,-1,Unclassified / General,0,unique,25255,0
SALMETEROL,2018,2019,507121.0,427121.0,11410222.5,22.5,26.71,2.0,507121.0,0.0,427121.0,0.0,11410222.5,0.0,0.0,0,507121.0,0.0,11410222.5,1,0,0,-1,Unclassified / General,0,unique,36117,0
SALMETEROL,2019,2020,527405.0,444205.0,11866631.4,22.5,26.71,2.0,507121.0,0.04,427121.0,0.04,11410222.5,0.04,0.0,1,517263.0,14342.95,11638426.95,0,0,0,-1,Unclassified / General,0,unique,36117,0
SALMETEROL,2020,2021,547690.0,461290.0,12323040.3,22.5,26.71,2.0,527405.0,0.0385,444205.0,0.0385,11866631.4,0.0385,0.0,2,537547.5,14343.66,12094835.85,0,0,0,-1,Unclassified / General,0,unique,36117,0
SALMETEROL,2021,2022,567975.0,478375.0,12779449.2,22.5,26.71,2.0,547690.0,0.037,461290.0,0.037,12323040.3,0.037,0.0,3,557832.5,14343.66,12551244.75,0,0,0,-1,Unclassified / General,0,unique,36117,0
SALMETEROL,2022,2023,588260.0,495460.0,13235858.1,22.5,26.71,2.0,567975.0,0.0357,478375.0,0.0357,12779449.2,0.0357,0.0,4,578117.5,14343.66,13007653.65,0,0,0,-1,Unclassified / General,0,unique,36117,0
SALMETEROL,2023,2024,608545.0,512545.0,13692267.0,22.5,26.71,2.0,588260.0,0.0345,495460.0,0.0345,13235858.1,0.0345,0.0,5,598402.5,14343.66,13464062.55,0,0,0,-1,Unclassified / General,0,unique,36117,0
AZELASTINE,2018,2019,300197.0,220197.0,14559554.5,48.5,66.12,6.0,300197.0,0.0,220197.0,0.0,14559554.5,0.0,0.0,0,300197.0,0.0,14559554.5,1,0,0,-1,Unclassified / General,0,unique,18603,0
AZELASTINE,2019,2020,312204.0,229004.0,15141936.68,48.5,66.12,6.0,300197.0,0.04,220197.0,0.04,14559554.5,0.04,0.0,1,306200.5,8490.23,14850745.59,0,0,0,-1,Unclassified / General,0,unique,18603,0
AZELASTINE,2020,2021,324212.0,237812.0,15724318.86,48.5,66.12,6.0,312204.0,0.0385,229004.0,0.0385,15141936.68,0.0385,0.0,2,318208.0,8490.94,15433127.77,0,0,0,-1,Unclassified / General,0,unique,18603,0
AZELASTINE,2021,2022,336220.0,246620.0,16306701.04,48.5,66.12,6.0,324212.0,0.037,237812.0,0.037,15724318.86,0.037,0.0,3,330216.0,8490.94,16015509.95,0,0,0,-1,Unclassified / General,0,unique,18603,0
AZELASTINE,2022,2023,348228.0,255428.0,16889083.22,48.5,66.12,6.0,336220.0,0.0357,246620.0,0.0357,16306701.04,0.0357,0.0,4,342224.0,8490.94,16597892.13,0,0,0,-1,Unclassified / General,0,unique,18603,0
AZELASTINE,2023,2024,360236.0,264236.0,17471465.4,48.5,66.12,6.0,348228.0,0.0345,255428.0,0.0345,16889083.22,0.0345,0.0,5,354232.0,8490.94,17180274.31,0,0,0,-1,Unclassified / General,0,unique,18603,0
DIPHENHYDRAMINE,2018,2019,2630798.0,550798.0,130224501.0,49.5,236.43,7.0,2630798.0,0.0,550798.0,0.0,130224501.0,0.0,0.0,0,2630798.0,0.0,130224501.0,1,0,0,-1,Unclassified / General,0,unique,3498,0
DIPHENHYDRAMINE,2019,2020,2736029.0,572829.0,135433481.04,49.5,236.43,7.0,2630798.0,0.04,550798.0,0.04,130224501.0,0.04,0.0,1,2683413.5,74409.55,132828991.02,0,0,0,-1,Unclassified / General,0,unique,3498,0
DIPHENHYDRAMINE,2020,2021,2841261.0,594861.0,140642461.08,49.5,236.43,7.0,2736029.0,0.0385,572829.0,0.0385,135433481.04,0.0385,0.0,2,2788645.0,74410.26,138037971.06,0,0,0,-1,Unclassified / General,0,unique,3498,0
DIPHENHYDRAMINE,2021,2022,2946493.0,616893.0,145851441.12,49.5,236.43,7.0,2841261.0,0.037,594861.0,0.037,140642461.08,0.037,0.0,3,2893877.0,74410.26,143246951.1,0,0,0,-1,Unclassified / General,0,unique,3498,0
DIPHENHYDRAMINE,2022,2023,3051725.0,638925.0,151060421.16,49.5,236.43,7.0,2946493.0,0.0357,616893.0,0.0357,145851441.12,0.0357,0.0,4,2999109.0,74410.26,148455931.14,0,0,0,-1,Unclassified / General,0,unique,3498,0
DIPHENHYDRAMINE,2023,2024,3156957.0,660957.0,156269401.2,49.5,236.43,7.0,3051725.0,0.0345,638925.0,0.0345,151060421.16,0.0345,0.0,5,3104341.0,74410.26,153664911.18,0,0,0,-1,Unclassified / General,0,unique,3498,0
LEVOCETIRIZINE,2018,2019,4501492.0,421492.0,195814902.0,43.5,464.58,5.0,4501492.0,0.0,421492.0,0.0,195814902.0,0.0,0.0,0,4501492.0,0.0,195814902.0,1,0,0,-1,Unclassified / General,0,unique,356887,0
LEVOCETIRIZINE,2019,2020,4681551.0,438351.0,203647498.08,43.5,464.58,5.0,4501492.0,0.04,421492.0,0.04,195814902.0,0.04,0.0,1,4591521.5,127320.94,199731200.04,0,0,0,-1,Unclassified / General,0,unique,356887,0
LEVOCETIRIZINE,2020,2021,4861611.0,455211.0,211480094.16,43.5,464.58,5.0,4681551.0,0.0385,438351.0,0.0385,203647498.08,0.0385,0.0,2,4771581.0,127321.65,207563796.12,0,0,0,-1,Unclassified / General,0,unique,356887,0
LEVOCETIRIZINE,2021,2022,5041671.0,472071.0,219312690.24,43.5,464.58,5.0,4861611.0,0.037,455211.0,0.037,211480094.16,0.037,0.0,3,4951641.0,127321.65,215396392.2,0,0,0,-1,Unclassified / General,0,unique,356887,0
LEVOCETIRIZINE,2022,2023,5221730.0,488930.0,227145286.32,43.5,464.58,5.0,5041671.0,0.0357,472071.0,0.0357,219312690.24,0.0357,0.0,4,5131700.5,127320.94,223228988.28,0,0,0,-1,Unclassified / General,0,unique,356887,0
LEVOCETIRIZINE,2023,2024,5401790.0,505790.0,234977882.4,43.5,464.58,5.0,5221730.0,0.0345,488930.0,0.0345,227145286.32,0.0345,0.0,5,5311760.0,127321.65,231061584.36,0,0,0,-1,Unclassified / General,0,unique,356887,0
DESLORATADINE,2018,2019,604261.0,524261.0,7553262.5,12.5,14.41,6.0,604261.0,0.0,524261.0,0.0,7553262.5,0.0,0.0,0,604261.0,0.0,7553262.5,1,0,0,-1,Unclassified / General,0,unique,275635,0
DESLORATADINE,2019,2020,628431.0,545231.0,7855393.0,12.5,14.41,6.0,604261.0,0.04,524261.0,0.04,7553262.5,0.04,0.0,1,616346.0,17090.77,7704327.75,0,0,0,-1,Unclassified / General,0,unique,275635,0
DESLORATADINE,2020,2021,652601.0,566201.0,8157523.5,12.5,14.41,6.0,628431.0,0.0385,545231.0,0.0385,7855393.0,0.0385,0.0,2,640516.0,17090.77,8006458.25,0,0,0,-1,Unclassified / General,0,unique,275635,0
DESLORATADINE,2021,2022,676772.0,587172.0,8459654.0,12.5,14.41,6.0,652601.0,0.037,566201.0,0.037,8157523.5,0.037,0.0,3,664686.5,17091.48,8308588.75,0,0,0,-1,Unclassified / General,0,unique,275635,0
DESLORATADINE,2022,2023,700942.0,608142.0,8761784.5,12.5,14.41,6.0,676772.0,0.0357,587172.0,0.0357,8459654.0,0.0357,0.0,4,688857.0,17090.77,8610719.25,0,0,0,-1,Unclassified / General,0,unique,275635,0
DESLORATADINE,2023,2024,725113.0,629113.0,9063915.0,12.5,14.41,6.0,700942.0,0.0345,608142.0,0.0345,8761784.5,0.0345,0.0,5,713027.5,17091.48,8912849.75,0,0,0,-1,Unclassified / General,0,unique,275635,0
OLOPATADINE,2018,2019,3734740.0,654740.0,154991710.0,41.5,236.72,5.0,3734740.0,0.0,654740.0,0.0,154991710.0,0.0,0.0,0,3734740.0,0.0,154991710.0,1,0,0,-1,Unclassified / General,0,unique,135391,0
OLOPATADINE,2019,2020,3884129.0,680929.0,161191378.4,41.5,236.72,5.0,3734740.0,0.04,654740.0,0.04,154991710.0,0.04,0.0,1,3809434.5,105633.97,158091544.2,0,0,0,-1,Unclassified / General,0,unique,135391,0
OLOPATADINE,2020,2021,4033519.0,707119.0,167391046.8,41.5,236.72,5.0,3884129.0,0.0385,680929.0,0.0385,161191378.4,0.0385,0.0,2,3958824.0,105634.68,164291212.6,0,0,0,-1,Unclassified / General,0,unique,135391,0
OLOPATADINE,2021,2022,4182908.0,733308.0,173590715.2,41.5,236.72,5.0,4033519.0,0.037,707119.0,0.037,167391046.8,0.037,0.0,3,4108213.5,105633.97,170490881.0,0,0,0,-1,Unclassified / General,0,unique,135391,0
OLOPATADINE,2022,2023,4332298.0,759498.0,179790383.6,41.5,236.72,5.0,4182908.0,0.0357,733308.0,0.0357,173590715.2,0.0357,0.0,4,4257603.0,105634.68,176690549.4,0,0,0,-1,Unclassified / General,0,unique,135391,0
OLOPATADINE,2023,2024,4481688.0,785688.0,185990052.0,41.5,236.72,5.0,4332298.0,0.0345,759498.0,0.0345,179790383.6,0.0345,0.0,5,4406993.0,105634.68,182890217.8,0,0,0,-1,Unclassified / General,0,unique,135391,0
CROMOLYN,2018,2019,3262587.0,182587.0,125609599.5,38.5,687.94,4.0,3262587.0,0.0,182587.0,0.0,125609599.5,0.0,0.0,0,3262587.0,0.0,125609599.5,1,0,0,-1,Pulmonary/Allergy,0,unique,42612,0
CROMOLYN,2019,2020,3393090.0,189890.0,130633983.48,38.5,687.95,4.0,3262587.0,0.04,182587.0,0.04,125609599.5,0.04,0.0,1,3327838.5,92279.56,128121791.49,0,0,0,-1,Pulmonary/Allergy,0,unique,42612,0
CROMOLYN,2020,2021,3523593.0,197193.0,135658367.46,38.5,687.95,4.0,3393090.0,0.0385,189890.0,0.0385,130633983.48,0.0385,0.0,2,3458341.5,92279.56,133146175.47,0,0,0,-1,Pulmonary/Allergy,0,unique,42612,0
CROMOLYN,2021,2022,3654097.0,204497.0,140682751.44,38.5,687.95,4.0,3523593.0,0.037,197193.0,0.037,135658367.46,0.037,0.0,3,3588845.0,92280.26,138170559.45,0,0,0,-1,Pulmonary/Allergy,0,unique,42612,0
CROMOLYN,2022,2023,3784600.0,211800.0,145707135.42,38.5,687.95,4.0,3654097.0,0.0357,204497.0,0.0357,140682751.44,0.0357,0.0,4,3719348.5,92279.56,143194943.43,0,0,0,-1,Pulmonary/Allergy,0,unique,42612,1
CROMOLYN,2023,2024,3915104.0,219104.0,150731519.4,38.5,687.95,4.0,3784600.0,0.0345,211800.0,0.0345,145707135.42,0.0345,0.0,5,3849852.0,92280.26,148219327.41,0,6,1,0,Pulmonary/Allergy,0,unique,42612,0
UMECLIDINIUM,2018,2019,2624859.0,544859.0,27561019.5,10.5,50.58,4.0,2624859.0,0.0,544859.0,0.0,27561019.5,0.0,0.0,0,2624859.0,0.0,27561019.5,1,0,0,-1,Unclassified / General,0,unique,1487514,0
UMECLIDINIUM,2019,2020,2729853.0,566653.0,28663460.28,10.5,50.58,4.0,2624859.0,0.04,544859.0,0.04,27561019.5,0.04,0.0,1,2677356.0,74241.97,28112239.89,0,0,0,-1,Unclassified / General,0,unique,1487514,0
UMECLIDINIUM,2020,2021,2834847.0,588447.0,29765901.06,10.5,50.58,4.0,2729853.0,0.0385,566653.0,0.0385,28663460.28,0.0385,0.0,2,2782350.0,74241.97,29214680.67,0,0,0,-1,Unclassified / General,0,unique,1487514,0
UMECLIDINIUM,2021,2022,2939842.0,610242.0,30868341.84,10.5,50.58,4.0,2834847.0,0.037,588447.0,0.037,29765901.06,0.037,0.0,3,2887344.5,74242.68,30317121.45,0,0,0,-1,Unclassified / General,0,unique,1487514,0
UMECLIDINIUM,2022,2023,3044836.0,632036.0,31970782.62,10.5,50.58,4.0,2939842.0,0.0357,610242.0,0.0357,30868341.84,0.0357,0.0,4,2992339.0,74241.97,31419562.23,0,0,0,-1,Unclassified / General,0,unique,1487514,0
UMECLIDINIUM,2023,2024,3149830.0,653830.0,33073223.4,10.5,50.58,4.0,3044836.0,0.0345,632036.0,0.0345,31970782.62,0.0345,0.0,5,3097333.0,74241.97,32522003.01,0,0,0,-1,Unclassified / General,0,unique,1487514,0
ACLIDINIUM,2018,2019,1756415.0,676415.0,28980847.5,16.5,42.84,8.0,1756415.0,0.0,676415.0,0.0,28980847.5,0.0,0.0,0,1756415.0,0.0,28980847.5,1,0,0,-1,Unclassified / General,0,unique,1303098,0
ACLIDINIUM,2019,2020,1826671.0,703471.0,30140081.4,16.5,42.84,8.0,1756415.0,0.04,676415.0,0.04,28980847.5,0.04,0.0,1,1791543.0,49678.49,29560464.45,0,0,0,-1,Unclassified / General,0,unique,1303098,0
ACLIDINIUM,2020,2021,1896928.0,730528.0,31299315.3,16.5,42.84,8.0,1826671.0,0.0385,703471.0,0.0385,30140081.4,0.0385,0.0,2,1861799.5,49679.2,30719698.35,0,0,0,-1,Unclassified / General,0,unique,1303098,0
ACLIDINIUM,2021,2022,1967184.0,757584.0,32458549.2,16.5,42.84,8.0,1896928.0,0.037,730528.0,0.037,31299315.3,0.037,0.0,3,1932056.0,49678.49,31878932.25,0,0,0,-1,Unclassified / General,0,unique,1303098,0
ACLIDINIUM,2022,2023,2037441.0,784641.0,33617783.1,16.5,42.84,8.0,1967184.0,0.0357,757584.0,0.0357,32458549.2,0.0357,0.0,4,2002312.5,49679.2,33038166.15,0,0,0,-1,Unclassified / General,0,unique,1303098,0
ACLIDINIUM,2023,2024,2107698.0,811698.0,34777017.0,16.5,42.84,8.0,2037441.0,0.0345,784641.0,0.0345,33617783.1,0.0345,0.0,5,2072569.5,49679.2,34197400.05,0,0,0,-1,Unclassified / General,0,unique,1303098,0
INDACATEROL,2018,2019,1144419.0,64419.0,23460589.5,20.5,364.19,4.0,1144419.0,0.0,64419.0,0.0,23460589.5,0.0,0.0,0,1144419.0,0.0,23460589.5,1,0,0,-1,Unclassified / General,0,unique,1114326,0
INDACATEROL,2019,2020,1190195.0,66995.0,24399013.08,20.5,364.19,4.0,1144419.0,0.04,64419.0,0.04,23460589.5,0.04,0.0,1,1167307.0,32368.52,23929801.29,0,0,0,-1,Unclassified / General,0,unique,1114326,0
INDACATEROL,2020,2021,1235972.0,69572.0,25337436.66,20.5,364.19,4.0,1190195.0,0.0385,66995.0,0.0385,24399013.08,0.0385,0.0,2,1213083.5,32369.23,24868224.87,0,0,0,-1,Unclassified / General,0,unique,1114326,0
INDACATEROL,2021,2022,1281749.0,72149.0,26275860.24,20.5,364.19,4.0,1235972.0,0.037,69572.0,0.037,25337436.66,0.037,0.0,3,1258860.5,32369.23,25806648.45,0,0,0,-1,Unclassified / General,0,unique,1114326,0
INDACATEROL,2022,2023,1327526.0,74726.0,27214283.82,20.5,364.19,4.0,1281749.0,0.0357,72149.0,0.0357,26275860.24,0.0357,0.0,4,1304637.5,32369.23,26745072.03,0,0,0,-1,Unclassified / General,0,unique,1114326,0
INDACATEROL,2023,2024,1373302.0,77302.0,28152707.4,20.5,364.19,4.0,1327526.0,0.0345,74726.0,0.0345,27214283.82,0.0345,0.0,5,1350414.0,32368.52,27683495.61,0,0,0,-1,Unclassified / General,0,unique,1114326,0
OLODATEROL,2018,2019,4742670.0,662670.0,101967405.0,21.5,153.87,7.0,4742670.0,0.0,662670.0,0.0,101967405.0,0.0,0.0,0,4742670.0,0.0,101967405.0,1,0,0,-1,Unclassified / General,0,unique,1546059,0
OLODATEROL,2019,2020,4932376.0,689176.0,106046101.2,21.5,153.87,7.0,4742670.0,0.04,662670.0,0.04,101967405.0,0.04,0.0,1,4837523.0,134142.4,104006753.1,0,0,0,-1,Unclassified / General,0,unique,1546059,0
OLODATEROL,2020,2021,5122083.0,715683.0,110124797.4,21.5,153.87,7.0,4932376.0,0.0385,689176.0,0.0385,106046101.2,0.0385,0.0,2,5027229.5,134143.11,108085449.3,0,0,0,-1,Unclassified / General,0,unique,1546059,0
OLODATEROL,2021,2022,5311790.0,742190.0,114203493.6,21.5,153.87,7.0,5122083.0,0.037,715683.0,0.037,110124797.4,0.037,0.0,3,5216936.5,134143.11,112164145.5,0,0,0,-1,Unclassified / General,0,unique,1546059,0
OLODATEROL,2022,2023,5501497.0,768697.0,118282189.8,21.5,153.87,7.0,5311790.0,0.0357,742190.0,0.0357,114203493.6,0.0357,0.0,4,5406643.5,134143.11,116242841.7,0,0,0,-1,Unclassified / General,0,unique,1546059,0
OLODATEROL,2023,2024,5691204.0,795204.0,122360886.0,21.5,153.87,7.0,5501497.0,0.0345,768697.0,0.0345,118282189.8,0.0345,0.0,5,5596350.5,134143.11,120321537.9,0,0,0,-1,Unclassified / General,0,unique,1546059,0
VILANTEROL,2018,2019,1088261.0,1008261.0,13603262.5,12.5,13.49,6.0,1088261.0,0.0,1008261.0,0.0,13603262.5,0.0,0.0,0,1088261.0,0.0,13603262.5,1,0,0,-1,Unclassified / General,0,unique,1424884,0
VILANTEROL,2019,2020,1131791.0,1048591.0,14147393.0,12.5,13.49,6.0,1088261.0,0.04,1008261.0,0.04,13603262.5,0.04,0.0,1,1110026.0,30780.36,13875327.75,0,0,0,-1,Unclassified / General,0,unique,1424884,0
VILANTEROL,2020,2021,1175321.0,1088921.0,14691523.5,12.5,13.49,6.0,1131791.0,0.0385,1048591.0,0.0385,14147393.0,0.0385,0.0,2,1153556.0,30780.36,14419458.25,0,0,0,-1,Unclassified / General,0,unique,1424884,0
VILANTEROL,2021,2022,1218852.0,1129252.0,15235654.0,12.5,13.49,6.0,1175321.0,0.037,1088921.0,0.037,14691523.5,0.037,0.0,3,1197086.5,30781.07,14963588.75,0,0,0,-1,Unclassified / General,0,unique,1424884,0
VILANTEROL,2022,2023,1262382.0,1169582.0,15779784.5,12.5,13.49,6.0,1218852.0,0.0357,1129252.0,0.0357,15235654.0,0.0357,0.0,4,1240617.0,30780.36,15507719.25,0,0,0,-1,Unclassified / General,0,unique,1424884,0
VILANTEROL,2023,2024,1305913.0,1209913.0,16323915.0,12.5,13.49,6.0,1262382.0,0.0345,1169582.0,0.0345,15779784.5,0.0345,0.0,5,1284147.5,30781.07,16051849.75,0,0,0,-1,Unclassified / General,0,unique,1424884,0
THEOPHYLLINE,2018,2019,881626.0,801626.0,24244715.0,27.5,30.24,3.0,881626.0,0.0,801626.0,0.0,24244715.0,0.0,0.0,0,881626.0,0.0,24244715.0,1,0,0,-1,Unclassified / General,0,unique,10438,0
THEOPHYLLINE,2019,2020,916891.0,833691.0,25214503.6,27.5,30.24,3.0,881626.0,0.04,801626.0,0.04,24244715.0,0.04,0.0,1,899258.5,24936.12,24729609.3,0,0,0,-1,Unclassified / General,0,unique,10438,0
THEOPHYLLINE,2020,2021,952156.0,865756.0,26184292.2,27.5,30.24,3.0,916891.0,0.0385,833691.0,0.0385,25214503.6,0.0385,0.0,2,934523.5,24936.12,25699397.9,0,0,0,-1,Unclassified / General,0,unique,10438,0
THEOPHYLLINE,2021,2022,987421.0,897821.0,27154080.8,27.5,30.24,3.0,952156.0,0.037,865756.0,0.037,26184292.2,0.037,0.0,3,969788.5,24936.12,26669186.5,0,0,0,-1,Unclassified / General,0,unique,10438,0
THEOPHYLLINE,2022,2023,1022686.0,929886.0,28123869.4,27.5,30.24,3.0,987421.0,0.0357,897821.0,0.0357,27154080.8,0.0357,0.0,4,1005053.5,24936.12,27638975.1,0,0,0,-1,Unclassified / General,0,unique,10438,0
THEOPHYLLINE,2023,2024,1057951.0,961951.0,29093658.0,27.5,30.24,3.0,1022686.0,0.0345,929886.0,0.0345,28123869.4,0.0345,0.0,5,1040318.5,24936.12,28608763.7,0,0,0,-1,Unclassified / General,0,unique,10438,0
ROFLUMILAST,2018,2019,2540440.0,460440.0,105428260.0,41.5,228.97,1.0,2540440.0,0.0,460440.0,0.0,105428260.0,0.0,0.0,0,2540440.0,0.0,105428260.0,1,0,0,-1,Unclassified / General,1,unique,1091836,0
ROFLUMILAST,2019,2020,2642057.0,478857.0,109645390.4,41.5,228.97,1.0,2540440.0,0.04,460440.0,0.04,105428260.0,0.04,0.0,1,2591248.5,71854.07,107536825.2,0,0,0,-1,Unclassified / General,1,unique,1091836,0
ROFLUMILAST,2020,2021,2743675.0,497275.0,113862520.8,41.5,228.97,1.0,2642057.0,0.0385,478857.0,0.0385,109645390.4,0.0385,0.0,2,2692866.0,71854.78,111753955.6,0,0,0,-1,Unclassified / General,1,unique,1091836,0
ROFLUMILAST,2021,2022,2845292.0,515692.0,118079651.2,41.5,228.97,1.0,2743675.0,0.037,497275.0,0.037,113862520.8,0.037,0.0,3,2794483.5,71854.07,115971086.0,0,0,0,-1,Unclassified / General,1,unique,1091836,0
ROFLUMILAST,2022,2023,2946910.0,534110.0,122296781.6,41.5,228.97,1.0,2845292.0,0.0357,515692.0,0.0357,118079651.2,0.0357,0.0,4,2896101.0,71854.78,120188216.4,0,0,0,-1,Unclassified / General,1,unique,1091836,0
ROFLUMILAST,2023,2024,3048528.0,552528.0,126513912.0,41.5,228.97,1.0,2946910.0,0.0345,534110.0,0.0345,122296781.6,0.0345,0.0,5,2997719.0,71854.78,124405346.8,0,0,0,-1,Unclassified / General,1,unique,1091836,0
OMALIZUMAB,2018,2019,2536016.0,456016.0,44380280.0,17.5,97.32,1.0,2536016.0,0.0,456016.0,0.0,44380280.0,0.0,0.0,0,2536016.0,0.0,44380280.0,1,0,0,-1,Unclassified / General,1,unique,302379,0
OMALIZUMAB,2019,2020,2637456.0,474256.0,46155491.2,17.5,97.32,1.0,2536016.0,0.04,456016.0,0.04,44380280.0,0.04,0.0,1,2586736.0,71728.91,45267885.6,0,0,0,-1,Unclassified / General,1,unique,302379,0
OMALIZUMAB,2020,2021,2738897.0,492497.0,47930702.4,17.5,97.32,1.0,2637456.0,0.0385,474256.0,0.0385,46155491.2,0.0385,0.0,2,2688176.5,71729.62,47043096.8,0,0,0,-1,Unclassified / General,1,unique,302379,0
OMALIZUMAB,2021,2022,2840337.0,510737.0,49705913.6,17.5,97.32,1.0,2738897.0,0.037,492497.0,0.037,47930702.4,0.037,0.0,3,2789617.0,71728.91,48818308.0,0,0,0,-1,Unclassified / General,1,unique,302379,0
OMALIZUMAB,2022,2023,2941778.0,528978.0,51481124.8,17.5,97.32,1.0,2840337.0,0.0357,510737.0,0.0357,49705913.6,0.0357,0.0,4,2891057.5,71729.62,50593519.2,0,0,0,-1,Unclassified / General,1,unique,302379,0
OMALIZUMAB,2023,2024,3043219.0,547219.0,53256336.0,17.5,97.32,1.0,2941778.0,0.0345,528978.0,0.0345,51481124.8,0.0345,0.0,5,2992498.5,71729.62,52368730.4,0,0,0,-1,Unclassified / General,1,unique,302379,0
MEPOLIZUMAB,2018,2019,2285078.0,205078.0,67409801.0,29.5,328.7,7.0,2285078.0,0.0,205078.0,0.0,67409801.0,0.0,0.0,0,2285078.0,0.0,67409801.0,1,0,0,-1,Unclassified / General,0,unique,1720597,0
MEPOLIZUMAB,2019,2020,2376481.0,213281.0,70106193.04,29.5,328.7,7.0,2285078.0,0.04,205078.0,0.04,67409801.0,0.04,0.0,1,2330779.5,64631.68,68757997.02,0,0,0,-1,Unclassified / General,0,unique,1720597,0
MEPOLIZUMAB,2020,2021,2467884.0,221484.0,72802585.08,29.5,328.7,7.0,2376481.0,0.0385,213281.0,0.0385,70106193.04,0.0385,0.0,2,2422182.5,64631.68,71454389.06,0,0,0,-1,Unclassified / General,0,unique,1720597,0
MEPOLIZUMAB,2021,2022,2559287.0,229687.0,75498977.12,29.5,328.7,7.0,2467884.0,0.037,221484.0,0.037,72802585.08,0.037,0.0,3,2513585.5,64631.68,74150781.1,0,0,0,-1,Unclassified / General,0,unique,1720597,0
MEPOLIZUMAB,2022,2023,2650690.0,237890.0,78195369.16,29.5,328.7,7.0,2559287.0,0.0357,229687.0,0.0357,75498977.12,0.0357,0.0,4,2604988.5,64631.68,76847173.14,0,0,0,-1,Unclassified / General,0,unique,1720597,0
MEPOLIZUMAB,2023,2024,2742093.0,246093.0,80891761.2,29.5,328.7,7.0,2650690.0,0.0345,237890.0,0.0345,78195369.16,0.0345,0.0,5,2696391.5,64631.68,79543565.18,0,0,0,-1,Unclassified / General,0,unique,1720597,0
BENRALIZUMAB,2018,2019,2412453.0,332453.0,10856038.5,4.5,32.65,6.0,2412453.0,0.0,332453.0,0.0,10856038.5,0.0,0.0,0,2412453.0,0.0,10856038.5,1,0,0,-1,Unclassified / General,0,unique,1989100,0
BENRALIZUMAB,2019,2020,2508951.0,345751.0,11290280.04,4.5,32.65,6.0,2412453.0,0.04,332453.0,0.04,10856038.5,0.04,0.0,1,2460702.0,68234.39,11073159.27,0,0,0,-1,Unclassified / General,0,unique,1989100,0
BENRALIZUMAB,2020,2021,2605449.0,359049.0,11724521.58,4.5,32.65,6.0,2508951.0,0.0385,345751.0,0.0385,11290280.04,0.0385,0.0,2,2557200.0,68234.39,11507400.81,0,0,0,-1,Unclassified / General,0,unique,1989100,0
BENRALIZUMAB,2021,2022,2701947.0,372347.0,12158763.12,4.5,32.65,6.0,2605449.0,0.037,359049.0,0.037,11724521.58,0.037,0.0,3,2653698.0,68234.39,11941642.35,0,0,0,-1,Unclassified / General,0,unique,1989100,0
BENRALIZUMAB,2022,2023,2798445.0,385645.0,12593004.66,4.5,32.65,6.0,2701947.0,0.0357,372347.0,0.0357,12158763.12,0.0357,0.0,4,2750196.0,68234.39,12375883.89,0,0,0,-1,Unclassified / General,0,unique,1989100,0
BENRALIZUMAB,2023,2024,2894943.0,398943.0,13027246.2,4.5,32.65,6.0,2798445.0,0.0345,385645.0,0.0345,12593004.66,0.0345,0.0,5,2846694.0,68234.39,12810125.43,0,0,0,-1,Unclassified / General,0,unique,1989100,0
DUPILUMAB,2018,2019,2928362.0,848362.0,39532887.0,13.5,46.6,3.0,2928362.0,0.0,848362.0,0.0,39532887.0,0.0,0.0,0,2928362.0,0.0,39532887.0,1,0,0,-1,Unclassified / General,0,unique,1876376,0
DUPILUMAB,2019,2020,3045496.0,882296.0,41114202.48,13.5,46.6,3.0,2928362.0,0.04,848362.0,0.04,39532887.0,0.04,0.0,1,2986929.0,82826.25,40323544.74,0,0,0,-1,Unclassified / General,0,unique,1876376,0
DUPILUMAB,2020,2021,3162630.0,916230.0,42695517.96,13.5,46.6,3.0,3045496.0,0.0385,882296.0,0.0385,41114202.48,0.0385,0.0,2,3104063.0,82826.25,41904860.22,0,0,0,-1,Unclassified / General,0,unique,1876376,0
DUPILUMAB,2021,2022,3279765.0,950165.0,44276833.44,13.5,46.6,3.0,3162630.0,0.037,916230.0,0.037,42695517.96,0.037,0.0,3,3221197.5,82826.95,43486175.7,0,0,0,-1,Unclassified / General,0,unique,1876376,0
DUPILUMAB,2022,2023,3396899.0,984099.0,45858148.92,13.5,46.6,3.0,3279765.0,0.0357,950165.0,0.0357,44276833.44,0.0357,0.0,4,3338332.0,82826.25,45067491.18,0,0,0,-1,Unclassified / General,0,unique,1876376,0
DUPILUMAB,2023,2024,3514034.0,1018034.0,47439464.4,13.5,46.6,3.0,3396899.0,0.0345,984099.0,0.0345,45858148.92,0.0345,0.0,5,3455466.5,82826.95,46648806.66,0,0,0,-1,Unclassified / General,0,unique,1876376,0
MOMETASONE,2018,2019,3605814.0,525814.0,55890117.0,15.5,106.29,7.0,3605814.0,0.0,525814.0,0.0,55890117.0,0.0,0.0,0,3605814.0,0.0,55890117.0,1,0,0,-1,Unclassified / General,0,unique,108118,0
MOMETASONE,2019,2020,3750046.0,546846.0,58125721.68,15.5,106.29,7.0,3605814.0,0.04,525814.0,0.04,55890117.0,0.04,0.0,1,3677930.0,101987.43,57007919.34,0,0,0,-1,Unclassified / General,0,unique,108118,0
MOMETASONE,2020,2021,3894279.0,567879.0,60361326.36,15.5,106.29,7.0,3750046.0,0.0385,546846.0,0.0385,58125721.68,0.0385,0.0,2,3822162.5,101988.13,59243524.02,0,0,0,-1,Unclassified / General,0,unique,108118,0
MOMETASONE,2021,2022,4038511.0,588911.0,62596931.04,15.5,106.29,7.0,3894279.0,0.037,567879.0,0.037,60361326.36,0.037,0.0,3,3966395.0,101987.43,61479128.7,0,0,0,-1,Unclassified / General,0,unique,108118,0
MOMETASONE,2022,2023,4182744.0,609944.0,64832535.72,15.5,106.29,7.0,4038511.0,0.0357,588911.0,0.0357,62596931.04,0.0357,0.0,4,4110627.5,101988.13,63714733.38,0,0,0,-1,Unclassified / General,0,unique,108118,0
MOMETASONE,2023,2024,4326976.0,630976.0,67068140.4,15.5,106.29,7.0,4182744.0,0.0345,609944.0,0.0345,64832535.72,0.0345,0.0,5,4254860.0,101987.43,65950338.06,0,0,0,-1,Unclassified / General,0,unique,108118,0
BECLOMETHASONE,2018,2019,3099658.0,1019658.0,29446751.0,9.5,28.88,3.0,3099658.0,0.0,1019658.0,0.0,29446751.0,0.0,0.0,0,3099658.0,0.0,29446751.0,1,0,0,-1,Unclassified / General,0,unique,1347,0
BECLOMETHASONE,2019,2020,3223644.0,1060444.0,30624621.04,9.5,28.88,3.0,3099658.0,0.04,1019658.0,0.04,29446751.0,0.04,0.0,1,3161651.0,87671.34,30035686.02,0,0,0,-1,Unclassified / General,0,unique,1347,0
BECLOMETHASONE,2020,2021,3347630.0,1101230.0,31802491.08,9.5,28.88,3.0,3223644.0,0.0385,1060444.0,0.0385,30624621.04,0.0385,0.0,2,3285637.0,87671.34,31213556.06,0,0,0,-1,Unclassified / General,0,unique,1347,0
BECLOMETHASONE,2021,2022,3471616.0,1142016.0,32980361.12,9.5,28.88,3.0,3347630.0,0.037,1101230.0,0.037,31802491.08,0.037,0.0,3,3409623.0,87671.34,32391426.1,0,0,0,-1,Unclassified / General,0,unique,1347,0
BECLOMETHASONE,2022,2023,3595603.0,1182803.0,34158231.16,9.5,28.88,3.0,3471616.0,0.0357,1142016.0,0.0357,32980361.12,0.0357,0.0,4,3533609.5,87672.05,33569296.14,0,0,0,-1,Unclassified / General,0,unique,1347,0
BECLOMETHASONE,2023,2024,3719589.0,1223589.0,35336101.2,9.5,28.88,3.0,3595603.0,0.0345,1182803.0,0.0345,34158231.16,0.0345,0.0,5,3657596.0,87671.34,34747166.18,0,0,0,-1,Unclassified / General,0,unique,1347,0
CICLESONIDE,2018,2019,1881362.0,801362.0,25398387.0,13.5,31.69,3.0,1881362.0,0.0,801362.0,0.0,25398387.0,0.0,0.0,0,1881362.0,0.0,25398387.0,1,0,0,-1,Unclassified / General,0,unique,274964,0
CICLESONIDE,2019,2020,1956616.0,833416.0,26414322.48,13.5,31.69,3.0,1881362.0,0.04,801362.0,0.04,25398387.0,0.04,0.0,1,1918989.0,53212.61,25906354.74,0,0,0,-1,Unclassified / General,0,unique,274964,0
CICLESONIDE,2020,2021,2031870.0,865470.0,27430257.96,13.5,31.69,3.0,1956616.0,0.0385,833416.0,0.0385,26414322.48,0.0385,0.0,2,1994243.0,53212.61,26922290.22,0,0,0,-1,Unclassified / General,0,unique,274964,0
CICLESONIDE,2021,2022,2107125.0,897525.0,28446193.44,13.5,31.69,3.0,2031870.0,0.037,865470.0,0.037,27430257.96,0.037,0.0,3,2069497.5,53213.32,27938225.7,0,0,0,-1,Unclassified / General,0,unique,274964,0
CICLESONIDE,2022,2023,2182379.0,929579.0,29462128.92,13.5,31.69,3.0,2107125.0,0.0357,897525.0,0.0357,28446193.44,0.0357,0.0,4,2144752.0,53212.61,28954161.18,0,0,0,-1,Unclassified / General,0,unique,274964,0
CICLESONIDE,2023,2024,2257634.0,961634.0,30478064.4,13.5,31.69,3.0,2182379.0,0.0345,929579.0,0.0345,29462128.92,0.0345,0.0,5,2220006.5,53213.32,29970096.66,0,0,0,-1,Unclassified / General,0,unique,274964,0
CODEINE,2018,2019,2405297.0,325297.0,116656904.5,48.5,358.62,2.0,2405297.0,0.0,325297.0,0.0,116656904.5,0.0,0.0,0,2405297.0,0.0,116656904.5,1,0,0,-1,Unclassified / General,0,unique,2670,0
CODEINE,2019,2020,2501508.0,338308.0,121323180.68,48.5,358.62,2.0,2405297.0,0.04,325297.0,0.04,116656904.5,0.04,0.0,1,2453402.5,68031.45,118990042.59,0,0,0,-1,Unclassified / General,0,unique,2670,0
CODEINE,2020,2021,2597720.0,351320.0,125989456.86,48.5,358.62,2.0,2501508.0,0.0385,338308.0,0.0385,121323180.68,0.0385,0.0,2,2549614.0,68032.16,123656318.77,0,0,0,-1,Unclassified / General,0,unique,2670,0
CODEINE,2021,2022,2693932.0,364332.0,130655733.04,48.5,358.62,2.0,2597720.0,0.037,351320.0,0.037,125989456.86,0.037,0.0,3,2645826.0,68032.16,128322594.95,0,0,0,-1,Unclassified / General,0,unique,2670,0
CODEINE,2022,2023,2790144.0,377344.0,135322009.22,48.5,358.62,2.0,2693932.0,0.0357,364332.0,0.0357,130655733.04,0.0357,0.0,4,2742038.0,68032.16,132988871.13,0,0,0,-1,Unclassified / General,0,unique,2670,0
CODEINE,2023,2024,2886356.0,390356.0,139988285.4,48.5,358.62,2.0,2790144.0,0.0345,377344.0,0.0345,135322009.22,0.0345,0.0,5,2838250.0,68032.16,137655147.31,0,0,0,-1,Unclassified / General,0,unique,2670,0
GUAIFENESIN,2018,2019,1736614.0,656614.0,26917517.0,15.5,40.99,7.0,1736614.0,0.0,656614.0,0.0,26917517.0,0.0,0.0,0,1736614.0,0.0,26917517.0,1,0,0,-1,Unclassified / General,0,unique,5032,0
GUAIFENESIN,2019,2020,1806078.0,682878.0,27994217.68,15.5,40.99,7.0,1736614.0,0.04,656614.0,0.04,26917517.0,0.04,0.0,1,1771346.0,49118.47,27455867.34,0,0,0,-1,Unclassified / General,0,unique,5032,0
GUAIFENESIN,2020,2021,1875543.0,709143.0,29070918.36,15.5,40.99,7.0,1806078.0,0.0385,682878.0,0.0385,27994217.68,0.0385,0.0,2,1840810.5,49119.17,28532568.02,0,0,0,-1,Unclassified / General,0,unique,5032,0
GUAIFENESIN,2021,2022,1945007.0,735407.0,30147619.04,15.5,40.99,7.0,1875543.0,0.037,709143.0,0.037,29070918.36,0.037,0.0,3,1910275.0,49118.47,29609268.7,0,0,0,-1,Unclassified / General,0,unique,5032,0
GUAIFENESIN,2022,2023,2014472.0,761672.0,31224319.72,15.5,40.99,7.0,1945007.0,0.0357,735407.0,0.0357,30147619.04,0.0357,0.0,4,1979739.5,49119.17,30685969.38,0,0,0,-1,Unclassified / General,0,unique,5032,0
GUAIFENESIN,2023,2024,2083936.0,787936.0,32301020.4,15.5,40.99,7.0,2014472.0,0.0345,761672.0,0.0345,31224319.72,0.0345,0.0,5,2049204.0,49118.47,31762670.06,0,0,0,-1,Unclassified / General,0,unique,5032,0
DEXTROMETHORPHAN,2018,2019,4351328.0,271328.0,128364176.0,29.5,473.1,1.0,4351328.0,0.0,271328.0,0.0,128364176.0,0.0,0.0,0,4351328.0,0.0,128364176.0,1,0,0,-1,Unclassified / General,1,unique,3289,0
DEXTROMETHORPHAN,2019,2020,4525381.0,282181.0,133498743.04,29.5,473.1,1.0,4351328.0,0.04,271328.0,0.04,128364176.0,0.04,0.0,1,4438354.5,123074.06,130931459.52,0,0,0,-1,Unclassified / General,1,unique,3289,0
DEXTROMETHORPHAN,2020,2021,4699434.0,293034.0,138633310.08,29.5,473.1,1.0,4525381.0,0.0385,282181.0,0.0385,133498743.04,0.0385,0.0,2,4612407.5,123074.06,136066026.56,0,0,0,-1,Unclassified / General,1,unique,3289,0
DEXTROMETHORPHAN,2021,2022,4873487.0,303887.0,143767877.12,29.5,473.1,1.0,4699434.0,0.037,293034.0,0.037,138633310.08,0.037,0.0,3,4786460.5,123074.06,141200593.6,0,0,0,-1,Unclassified / General,1,unique,3289,0
DEXTROMETHORPHAN,2022,2023,5047540.0,314740.0,148902444.16,29.5,473.1,1.0,4873487.0,0.0357,303887.0,0.0357,143767877.12,0.0357,0.0,4,4960513.5,123074.06,146335160.64,0,0,0,-1,Unclassified / General,1,unique,3289,0
DEXTROMETHORPHAN,2023,2024,5221593.0,325593.0,154037011.2,29.5,473.1,1.0,5047540.0,0.0345,314740.0,0.0345,148902444.16,0.0345,0.0,5,5134566.5,123074.06,151469727.68,0,0,0,-1,Unclassified / General,1,unique,3289,0
PSEUDOEPHEDRINE,2018,2019,3126953.0,46953.0,14071288.5,4.5,299.69,2.0,3126953.0,0.0,46953.0,0.0,14071288.5,0.0,0.0,0,3126953.0,0.0,14071288.5,1,0,0,-1,Unclassified / General,0,unique,8896,0
PSEUDOEPHEDRINE,2019,2020,3252031.0,48831.0,14634140.04,4.5,299.69,2.0,3126953.0,0.04,46953.0,0.04,14071288.5,0.04,0.0,1,3189492.0,88443.5,14352714.27,0,0,0,-1,Unclassified / General,0,unique,8896,0
PSEUDOEPHEDRINE,2020,2021,3377109.0,50709.0,15196991.58,4.5,299.69,2.0,3252031.0,0.0385,48831.0,0.0385,14634140.04,0.0385,0.0,2,3314570.0,88443.5,14915565.81,0,0,0,-1,Unclassified / General,0,unique,8896,0
PSEUDOEPHEDRINE,2021,2022,3502187.0,52587.0,15759843.12,4.5,299.69,2.0,3377109.0,0.037,50709.0,0.037,15196991.58,0.037,0.0,3,3439648.0,88443.5,15478417.35,0,0,0,-1,Unclassified / General,0,unique,8896,0
PSEUDOEPHEDRINE,2022,2023,3627265.0,54465.0,16322694.66,4.5,299.69,2.0,3502187.0,0.0357,52587.0,0.0357,15759843.12,0.0357,0.0,4,3564726.0,88443.5,16041268.89,0,0,0,-1,Unclassified / General,0,unique,8896,0
PSEUDOEPHEDRINE,2023,2024,3752343.0,56343.0,16885546.2,4.5,299.69,2.0,3627265.0,0.0345,54465.0,0.0345,16322694.66,0.0345,0.0,5,3689804.0,88443.5,16604120.43,0,0,0,-1,Unclassified / General,0,unique,8896,0
PHENYLEPHRINE,2018,2019,596217.0,516217.0,11030014.5,18.5,21.37,2.0,596217.0,0.0,516217.0,0.0,11030014.5,0.0,0.0,0,596217.0,0.0,11030014.5,1,0,0,-1,Unclassified / General,0,unique,8163,0
PHENYLEPHRINE,2019,2020,620065.0,536865.0,11471215.08,18.5,21.37,2.0,596217.0,0.04,516217.0,0.04,11030014.5,0.04,0.0,1,608141.0,16863.08,11250614.79,0,0,0,-1,Unclassified / General,0,unique,8163,0
PHENYLEPHRINE,2020,2021,643914.0,557514.0,11912415.66,18.5,21.37,2.0,620065.0,0.0385,536865.0,0.0385,11471215.08,0.0385,0.0,2,631989.5,16863.79,11691815.37,0,0,0,-1,Unclassified / General,0,unique,8163,0
PHENYLEPHRINE,2021,2022,667763.0,578163.0,12353616.24,18.5,21.37,2.0,643914.0,0.037,557514.0,0.037,11912415.66,0.037,0.0,3,655838.5,16863.79,12133015.95,0,0,0,-1,Unclassified / General,0,unique,8163,0
PHENYLEPHRINE,2022,2023,691611.0,598811.0,12794816.82,18.5,21.37,2.0,667763.0,0.0357,578163.0,0.0357,12353616.24,0.0357,0.0,4,679687.0,16863.08,12574216.53,0,0,0,-1,Unclassified / General,0,unique,8163,0
PHENYLEPHRINE,2023,2024,715460.0,619460.0,13236017.4,18.5,21.37,2.0,691611.0,0.0345,598811.0,0.0345,12794816.82,0.0345,0.0,5,703535.5,16863.79,13015417.11,0,0,0,-1,Unclassified / General,0,unique,8163,0
ACETYLCYSTEINE,2018,2019,4840577.0,760577.0,137956444.5,28.5,181.38,2.0,4840577.0,0.0,760577.0,0.0,137956444.5,0.0,0.0,0,4840577.0,0.0,137956444.5,1,0,0,-1,Unclassified / General,0,unique,197,0
ACETYLCYSTEINE,2019,2020,5034200.0,791000.0,143474702.28,28.5,181.38,2.0,4840577.0,0.04,760577.0,0.04,137956444.5,0.04,0.0,1,4937388.5,136912.14,140715573.39,0,0,0,-1,Unclassified / General,0,unique,197,0
ACETYLCYSTEINE,2020,2021,5227823.0,821423.0,148992960.06,28.5,181.38,2.0,5034200.0,0.0385,791000.0,0.0385,143474702.28,0.0385,0.0,2,5131011.5,136912.14,146233831.17,0,0,0,-1,Unclassified / General,0,unique,197,0
ACETYLCYSTEINE,2021,2022,5421446.0,851846.0,154511217.84,28.5,181.38,2.0,5227823.0,0.037,821423.0,0.037,148992960.06,0.037,0.0,3,5324634.5,136912.14,151752088.95,0,0,0,-1,Unclassified / General,0,unique,197,0
ACETYLCYSTEINE,2022,2023,5615069.0,882269.0,160029475.62,28.5,181.38,2.0,5421446.0,0.0357,851846.0,0.0357,154511217.84,0.0357,0.0,4,5518257.5,136912.14,157270346.73,0,0,0,-1,Unclassified / General,0,unique,197,0
ACETYLCYSTEINE,2023,2024,5808692.0,912692.0,165547733.4,28.5,181.38,2.0,5615069.0,0.0345,882269.0,0.0345,160029475.62,0.0345,0.0,5,5711880.5,136912.14,162788604.51,0,0,0,-1,Unclassified / General,0,unique,197,0
DORNASE,2018,2019,1639582.0,559582.0,54925997.0,33.5,98.16,7.0,1639582.0,0.0,559582.0,0.0,54925997.0,0.0,0.0,0,1639582.0,0.0,54925997.0,1,0,0,-1,Unclassified / General,0,unmapped,,0
DORNASE,2019,2020,1705165.0,581965.0,57123036.88,33.5,98.16,7.0,1639582.0,0.04,559582.0,0.04,54925997.0,0.04,0.0,1,1672373.5,46374.18,56024516.94,0,0,0,-1,Unclassified / General,0,unmapped,,0
DORNASE,2020,2021,1770748.0,604348.0,59320076.76,33.5,98.16,7.0,1705165.0,0.0385,581965.0,0.0385,57123036.88,0.0385,0.0,2,1737956.5,46374.18,58221556.82,0,0,0,-1,Unclassified / General,0,unmapped,,0
DORNASE,2021,2022,1836331.0,626731.0,61517116.64,33.5,98.16,7.0,1770748.0,0.037,604348.0,0.037,59320076.76,0.037,0.0,3,1803539.5,46374.18,60418596.7,0,0,0,-1,Unclassified / General,0,unmapped,,0
DORNASE,2022,2023,1901915.0,649115.0,63714156.52,33.5,98.16,7.0,1836331.0,0.0357,626731.0,0.0357,61517116.64,0.0357,0.0,4,1869123.0,46374.89,62615636.58,0,0,0,-1,Unclassified / General,0,unmapped,,0
DORNASE,2023,2024,1967498.0,671498.0,65911196.4,33.5,98.16,7.0,1901915.0,0.0345,649115.0,0.0345,63714156.52,0.0345,0.0,5,1934706.5,46374.18,64812676.46,0,0,0,-1,Unclassified / General,0,unmapped,,0
IVACAFTOR,2018,2019,3117050.0,37050.0,4675575.0,1.5,126.2,3.0,3117050.0,0.0,37050.0,0.0,4675575.0,0.0,0.0,0,3117050.0,0.0,4675575.0,1,0,0,-1,Unclassified / General,0,unique,1243041,0
IVACAFTOR,2019,2020,3241732.0,38532.0,4862598.0,1.5,126.2,3.0,3117050.0,0.04,37050.0,0.04,4675575.0,0.04,0.0,1,3179391.0,88163.49,4769086.5,0,0,0,-1,Unclassified / General,0,unique,1243041,0
IVACAFTOR,2020,2021,3366414.0,40014.0,5049621.0,1.5,126.2,3.0,3241732.0,0.0385,38532.0,0.0385,4862598.0,0.0385,0.0,2,3304073.0,88163.49,4956109.5,0,0,0,-1,Unclassified / General,0,unique,1243041,0
IVACAFTOR,2021,2022,3491096.0,41496.0,5236644.0,1.5,126.2,3.0,3366414.0,0.037,40014.0,0.037,5049621.0,0.037,0.0,3,3428755.0,88163.49,5143132.5,0,0,0,-1,Unclassified / General,0,unique,1243041,0
IVACAFTOR,2022,2023,3615777.0,42978.0,5423667.0,1.5,126.2,3.0,3491096.0,0.0357,41496.0,0.0357,5236644.0,0.0357,0.0,4,3553436.5,88162.78,5330155.5,0,0,0,-1,Unclassified / General,0,unique,1243041,0
IVACAFTOR,2023,2024,3740460.0,44460.0,5610690.0,1.5,126.2,3.0,3615777.0,0.0345,42978.0,0.0345,5423667.0,0.0345,0.0,5,3678118.5,88164.19,5517178.5,0,0,0,-1,Unclassified / General,0,unique,1243041,0
IBUPROFEN,2018,2019,2683491.0,603491.0,114048367.5,42.5,188.98,4.0,2683491.0,0.0,603491.0,0.0,114048367.5,0.0,0.0,0,2683491.0,0.0,114048367.5,1,0,0,-1,Unclassified / General,0,unique,5640,0
IBUPROFEN,2019,2020,2790830.0,627630.0,118610302.2,42.5,188.98,4.0,2683491.0,0.04,603491.0,0.04,114048367.5,0.04,0.0,1,2737160.5,75900.13,116329334.85,0,0,0,-1,Unclassified / General,0,unique,5640,0
IBUPROFEN,2020,2021,2898170.0,651770.0,123172236.9,42.5,188.98,4.0,2790830.0,0.0385,627630.0,0.0385,118610302.2,0.0385,0.0,2,2844500.0,75900.84,120891269.55,0,0,0,-1,Unclassified / General,0,unique,5640,0
IBUPROFEN,2021,2022,3005509.0,675909.0,127734171.6,42.5,188.98,4.0,2898170.0,0.037,651770.0,0.037,123172236.9,0.037,0.0,3,2951839.5,75900.13,125453204.25,0,0,0,-1,Unclassified / General,0,unique,5640,0
IBUPROFEN,2022,2023,3112849.0,700049.0,132296106.3,42.5,188.98,4.0,3005509.0,0.0357,675909.0,0.0357,127734171.6,0.0357,0.0,4,3059179.0,75900.84,130015138.95,0,0,0,-1,Unclassified / General,0,unique,5640,0
IBUPROFEN,2023,2024,3220189.0,724189.0,136858041.0,42.5,188.98,4.0,3112849.0,0.0345,700049.0,0.0345,132296106.3,0.0345,0.0,5,3166519.0,75900.84,134577073.65,0,0,0,-1,Unclassified / General,0,unique,5640,0
ACETAMINOPHEN,2018,2019,1012301.0,932301.0,2530752.5,2.5,2.71,6.0,1012301.0,0.0,932301.0,0.0,2530752.5,0.0,0.0,0,1012301.0,0.0,2530752.5,1,0,0,-1,Unclassified / General,0,unique,161,0
ACETAMINOPHEN,2019,2020,1052793.0,969593.0,2631982.6,2.5,2.71,6.0,1012301.0,0.04,932301.0,0.04,2530752.5,0.04,0.0,1,1032547.0,28632.17,2581367.55,0,0,0,-1,Unclassified / General,0,unique,161,0
ACETAMINOPHEN,2020,2021,1093285.0,1006885.0,2733212.7,2.5,2.71,6.0,1052793.0,0.0385,969593.0,0.0385,2631982.6,0.0385,0.0,2,1073039.0,28632.17,2682597.65,0,0,0,-1,Unclassified / General,0,unique,161,0
ACETAMINOPHEN,2021,2022,1133777.0,1044177.0,2834442.8,2.5,2.71,6.0,1093285.0,0.037,1006885.0,0.037,2733212.7,0.037,0.0,3,1113531.0,28632.17,2783827.75,0,0,0,-1,Unclassified / General,0,unique,161,0
ACETAMINOPHEN,2022,2023,1174269.0,1081469.0,2935672.9,2.5,2.71,6.0,1133777.0,0.0357,1044177.0,0.0357,2834442.8,0.0357,0.0,4,1154023.0,28632.17,2885057.85,0,0,0,-1,Unclassified / General,0,unique,161,0
ACETAMINOPHEN,2023,2024,1214761.0,1118761.0,3036903.0,2.5,2.71,6.0,1174269.0,0.0345,1081469.0,0.0345,2935672.9,0.0345,0.0,5,1194515.0,28632.17,2986287.95,0,0,0,-1,Unclassified / General,0,unique,161,0
MELOXICAM,2018,2019,4442061.0,362061.0,55525762.5,12.5,153.36,6.0,4442061.0,0.0,362061.0,0.0,55525762.5,0.0,0.0,0,4442061.0,0.0,55525762.5,1,0,0,-1,Unclassified / General,0,unique,41493,0
MELOXICAM,2019,2020,4619743.0,376543.0,57746793.0,12.5,153.36,6.0,4442061.0,0.04,362061.0,0.04,55525762.5,0.04,0.0,1,4530902.0,125640.15,56636277.75,0,0,0,-1,Unclassified / General,0,unique,41493,0
MELOXICAM,2020,2021,4797425.0,391025.0,59967823.5,12.5,153.36,6.0,4619743.0,0.0385,376543.0,0.0385,57746793.0,0.0385,0.0,2,4708584.0,125640.15,58857308.25,0,0,0,-1,Unclassified / General,0,unique,41493,0
MELOXICAM,2021,2022,4975108.0,405508.0,62188854.0,12.5,153.36,6.0,4797425.0,0.037,391025.0,0.037,59967823.5,0.037,0.0,3,4886266.5,125640.85,61078338.75,0,0,0,-1,Unclassified / General,0,unique,41493,0
MELOXICAM,2022,2023,5152790.0,419990.0,64409884.5,12.5,153.36,6.0,4975108.0,0.0357,405508.0,0.0357,62188854.0,0.0357,0.0,4,5063949.0,125640.15,63299369.25,0,0,0,-1,Unclassified / General,0,unique,41493,0
MELOXICAM,2023,2024,5330473.0,434473.0,66630915.0,12.5,153.36,6.0,5152790.0,0.0345,419990.0,0.0345,64409884.5,0.0345,0.0,5,5241631.5,125640.85,65520399.75,0,0,0,-1,Unclassified / General,0,unique,41493,0
CELECOXIB,2018,2019,1557689.0,477689.0,63086404.5,40.5,132.07,2.0,1557689.0,0.0,477689.0,0.0,63086404.5,0.0,0.0,0,1557689.0,0.0,63086404.5,1,0,0,-1,Unclassified / General,0,unique,140587,0
CELECOXIB,2019,2020,1619996.0,496796.0,65609860.68,40.5,132.07,2.0,1557689.0,0.04,477689.0,0.04,63086404.5,0.04,0.0,1,1588842.5,44057.7,64348132.59,0,0,0,-1,Unclassified / General,0,unique,140587,0
CELECOXIB,2020,2021,1682304.0,515904.0,68133316.86,40.5,132.07,2.0,1619996.0,0.0385,496796.0,0.0385,65609860.68,0.0385,0.0,2,1651150.0,44058.41,66871588.77,0,0,0,-1,Unclassified / General,0,unique,140587,0
CELECOXIB,2021,2022,1744611.0,535011.0,70656773.04,40.5,132.07,2.0,1682304.0,0.037,515904.0,0.037,68133316.86,0.037,0.0,3,1713457.5,44057.7,69395044.95,0,0,0,-1,Unclassified / General,0,unique,140587,0
CELECOXIB,2022,2023,1806919.0,554119.0,73180229.22,40.5,132.07,2.0,1744611.0,0.0357,535011.0,0.0357,70656773.04,0.0357,0.0,4,1775765.0,44058.41,71918501.13,0,0,0,-1,Unclassified / General,0,unique,140587,0
CELECOXIB,2023,2024,1869226.0,573226.0,75703685.4,40.5,132.07,2.0,1806919.0,0.0345,554119.0,0.0345,73180229.22,0.0345,0.0,5,1838072.5,44057.7,74441957.31,0,0,0,-1,Unclassified / General,0,unique,140587,0
NAPROXEN,2018,2019,2225872.0,145872.0,52307992.0,23.5,358.59,1.0,2225872.0,0.0,145872.0,0.0,52307992.0,0.0,0.0,0,2225872.0,0.0,52307992.0,1,0,0,-1,Unclassified / General,1,unique,7258,0
NAPROXEN,2019,2020,2314906.0,151706.0,54400311.68,23.5,358.59,1.0,2225872.0,0.04,145872.0,0.04,52307992.0,0.04,0.0,1,2270389.0,62956.55,53354151.84,0,0,0,-1,Unclassified / General,1,unique,7258,0
NAPROXEN,2020,2021,2403941.0,157541.0,56492631.36,23.5,358.59,1.0,2314906.0,0.0385,151706.0,0.0385,54400311.68,0.0385,0.0,2,2359423.5,62957.25,55446471.52,0,0,0,-1,Unclassified / General,1,unique,7258,0
NAPROXEN,2021,2022,2492976.0,163376.0,58584951.04,23.5,358.59,1.0,2403941.0,0.037,157541.0,0.037,56492631.36,0.037,0.0,3,2448458.5,62957.25,57538791.2,0,0,0,-1,Unclassified / General,1,unique,7258,0
NAPROXEN,2022,2023,2582011.0,169211.0,60677270.72,23.5,358.59,1.0,2492976.0,0.0357,163376.0,0.0357,58584951.04,0.0357,0.0,4,2537493.5,62957.25,59631110.88,0,0,0,-1,Unclassified / General,1,unique,7258,0
NAPROXEN,2023,2024,2671046.0,175046.0,62769590.4,23.5,358.59,1.0,2582011.0,0.0345,169211.0,0.0345,60677270.72,0.0345,0.0,5,2626528.5,62957.25,61723430.56,0,0,0,-1,Unclassified / General,1,unique,7258,0
DICLOFENAC,2018,2019,3596701.0,516701.0,8991752.5,2.5,17.4,6.0,3596701.0,0.0,516701.0,0.0,8991752.5,0.0,0.0,0,3596701.0,0.0,8991752.5,1,0,0,-1,Musculoskeletal,0,unique,3355,0
DICLOFENAC,2019,2020,3740569.0,537369.0,9351422.6,2.5,17.4,6.0,3596701.0,0.04,516701.0,0.04,8991752.5,0.04,0.0,1,3668635.0,101730.04,9171587.55,0,0,0,-1,Musculoskeletal,0,unique,3355,0
DICLOFENAC,2020,2021,3884437.0,558037.0,9711092.7,2.5,17.4,6.0,3740569.0,0.0385,537369.0,0.0385,9351422.6,0.0385,0.0,2,3812503.0,101730.04,9531257.65,0,0,0,-1,Musculoskeletal,0,unique,3355,0
DICLOFENAC,2021,2022,4028305.0,578705.0,10070762.8,2.5,17.4,6.0,3884437.0,0.037,558037.0,0.037,9711092.7,0.037,0.0,3,3956371.0,101730.04,9890927.75,0,0,0,-1,Musculoskeletal,0,unique,3355,0
DICLOFENAC,2022,2023,4172173.0,599373.0,10430432.9,2.5,17.4,6.0,4028305.0,0.0357,578705.0,0.0357,10070762.8,0.0357,0.0,4,4100239.0,101730.04,10250597.85,0,0,0,-1,Musculoskeletal,0,unique,3355,0
DICLOFENAC,2023,2024,4316041.0,620041.0,10790103.0,2.5,17.4,6.0,4172173.0,0.0345,599373.0,0.0345,10430432.9,0.0345,0.0,5,4244107.0,101730.04,10610267.95,0,0,0,-1,Musculoskeletal,0,unique,3355,0
CYCLOBENZAPRINE,2018,2019,373805.0,293805.0,2429732.5,6.5,8.27,6.0,373805.0,0.0,293805.0,0.0,2429732.5,0.0,0.0,0,373805.0,0.0,2429732.5,1,0,0,-1,Unclassified / General,0,unique,21949,0
CYCLOBENZAPRINE,2019,2020,388757.0,305557.0,2526921.8,6.5,8.27,6.0,373805.0,0.04,293805.0,0.04,2429732.5,0.04,0.0,1,381281.0,10572.66,2478327.15,0,0,0,-1,Unclassified / General,0,unique,21949,0
CYCLOBENZAPRINE,2020,2021,403709.0,317309.0,2624111.1,6.5,8.27,6.0,388757.0,0.0385,305557.0,0.0385,2526921.8,0.0385,0.0,2,396233.0,10572.66,2575516.45,0,0,0,-1,Unclassified / General,0,unique,21949,0
CYCLOBENZAPRINE,2021,2022,418661.0,329061.0,2721300.4,6.5,8.27,6.0,403709.0,0.037,317309.0,0.037,2624111.1,0.037,0.0,3,411185.0,10572.66,2672705.75,0,0,0,-1,Unclassified / General,0,unique,21949,0
CYCLOBENZAPRINE,2022,2023,433613.0,340813.0,2818489.7,6.5,8.27,6.0,418661.0,0.0357,329061.0,0.0357,2721300.4,0.0357,0.0,4,426137.0,10572.66,2769895.05,0,0,0,-1,Unclassified / General,0,unique,21949,0
CYCLOBENZAPRINE,2023,2024,448566.0,352566.0,2915679.0,6.5,8.27,6.0,433613.0,0.0345,340813.0,0.0345,2818489.7,0.0345,0.0,5,441089.5,10573.37,2867084.35,0,0,0,-1,Unclassified / General,0,unique,21949,0
METHOCARBAMOL,2018,2019,5061732.0,981732.0,169568022.0,33.5,172.72,5.0,5061732.0,0.0,981732.0,0.0,169568022.0,0.0,0.0,0,5061732.0,0.0,169568022.0,1,0,0,-1,Unclassified / General,0,unique,6845,0
METHOCARBAMOL,2019,2020,5264201.0,1021001.0,176350742.88,33.5,172.72,5.0,5061732.0,0.04,981732.0,0.04,169568022.0,0.04,0.0,1,5162966.5,143167.2,172959382.44,0,0,0,-1,Unclassified / General,0,unique,6845,0
METHOCARBAMOL,2020,2021,5466670.0,1060270.0,183133463.76,33.5,172.72,5.0,5264201.0,0.0385,1021001.0,0.0385,176350742.88,0.0385,0.0,2,5365435.5,143167.2,179742103.32,0,0,0,-1,Unclassified / General,0,unique,6845,0
METHOCARBAMOL,2021,2022,5669139.0,1099539.0,189916184.64,33.5,172.72,5.0,5466670.0,0.037,1060270.0,0.037,183133463.76,0.037,0.0,3,5567904.5,143167.2,186524824.2,0,0,0,-1,Unclassified / General,0,unique,6845,0
METHOCARBAMOL,2022,2023,5871609.0,1138809.0,196698905.52,33.5,172.72,5.0,5669139.0,0.0357,1099539.0,0.0357,189916184.64,0.0357,0.0,4,5770374.0,143167.91,193307545.08,0,0,0,-1,Unclassified / General,0,unique,6845,0
METHOCARBAMOL,2023,2024,6074078.0,1178078.0,203481626.4,33.5,172.72,5.0,5871609.0,0.0345,1138809.0,0.0345,196698905.52,0.0345,0.0,5,5972843.5,143167.2,200090265.96,0,0,0,-1,Unclassified / General,0,unique,6845,0
BACLOFEN,2018,2019,4081197.0,1001197.0,197938054.5,48.5,197.7,6.0,4081197.0,0.0,1001197.0,0.0,197938054.5,0.0,0.0,0,4081197.0,0.0,197938054.5,1,0,0,-1,Unclassified / General,0,unique,1292,0
BACLOFEN,2019,2020,4244444.0,1041244.0,205855576.68,48.5,197.7,6.0,4081197.0,0.04,1001197.0,0.04,197938054.5,0.04,0.0,1,4162820.5,115433.06,201896815.59,0,0,0,-1,Unclassified / General,0,unique,1292,0
BACLOFEN,2020,2021,4407692.0,1081292.0,213773098.86,48.5,197.7,6.0,4244444.0,0.0385,1041244.0,0.0385,205855576.68,0.0385,0.0,2,4326068.0,115433.77,209814337.77,0,0,0,-1,Unclassified / General,0,unique,1292,0
BACLOFEN,2021,2022,4570940.0,1121340.0,221690621.04,48.5,197.7,6.0,4407692.0,0.037,1081292.0,0.037,213773098.86,0.037,0.0,3,4489316.0,115433.77,217731859.95,0,0,0,-1,Unclassified / General,0,unique,1292,0
BACLOFEN,2022,2023,4734188.0,1161388.0,229608143.22,48.5,197.7,6.0,4570940.0,0.0357,1121340.0,0.0357,221690621.04,0.0357,0.0,4,4652564.0,115433.77,225649382.13,0,0,0,-1,Unclassified / General,0,unique,1292,0
BACLOFEN,2023,2024,4897436.0,1201436.0,237525665.4,48.5,197.7,6.0,4734188.0,0.0345,1161388.0,0.0345,229608143.22,0.0345,0.0,5,4815812.0,115433.77,233566904.31,0,0,0,-1,Unclassified / General,0,unique,1292,0
TIZANIDINE,2018,2019,217628.0,137628.0,6420026.0,29.5,46.65,5.0,217628.0,0.0,137628.0,0.0,6420026.0,0.0,0.0,0,217628.0,0.0,6420026.0,1,0,0,-1,Unclassified / General,0,unique,57258,0
TIZANIDINE,2019,2020,226333.0,143133.0,6676827.04,29.5,46.65,5.0,217628.0,0.04,137628.0,0.04,6420026.0,0.04,0.0,1,221980.5,6155.36,6548426.52,0,0,0,-1,Unclassified / General,0,unique,57258,0
TIZANIDINE,2020,2021,235038.0,148638.0,6933628.08,29.5,46.65,5.0,226333.0,0.0385,143133.0,0.0385,6676827.04,0.0385,0.0,2,230685.5,6155.36,6805227.56,0,0,0,-1,Unclassified / General,0,unique,57258,0
TIZANIDINE,2021,2022,243743.0,154143.0,7190429.12,29.5,46.65,5.0,235038.0,0.037,148638.0,0.037,6933628.08,0.037,0.0,3,239390.5,6155.36,7062028.6,0,0,0,-1,Unclassified / General,0,unique,57258,0
TIZANIDINE,2022,2023,252448.0,159648.0,7447230.16,29.5,46.65,5.0,243743.0,0.0357,154143.0,0.0357,7190429.12,0.0357,0.0,4,248095.5,6155.36,7318829.64,0,0,0,-1,Unclassified / General,0,unique,57258,0
TIZANIDINE,2023,2024,261153.0,165153.0,7704031.2,29.5,46.65,5.0,252448.0,0.0345,159648.0,0.0345,7447230.16,0.0345,0.0,5,256800.5,6155.36,7575630.68,0,0,0,-1,Unclassified / General,0,unique,57258,0
ALLOPURINOL,2018,2019,3618220.0,538220.0,77791730.0,21.5,144.54,5.0,3618220.0,0.0,538220.0,0.0,77791730.0,0.0,0.0,0,3618220.0,0.0,77791730.0,1,0,0,-1,Oncology,0,unique,519,0
ALLOPURINOL,2019,2020,3762948.0,559748.0,80903399.2,21.5,144.54,5.0,3618220.0,0.04,538220.0,0.04,77791730.0,0.04,0.0,1,3690584.0,102338.15,79347564.6,0,0,0,-1,Oncology,0,unique,519,0
ALLOPURINOL,2020,2021,3907677.0,581277.0,84015068.4,21.5,144.54,5.0,3762948.0,0.0385,559748.0,0.0385,80903399.2,0.0385,0.0,2,3835312.5,102338.86,82459233.8,0,0,0,-1,Oncology,0,unique,519,0
ALLOPURINOL,2021,2022,4052406.0,602806.0,87126737.6,21.5,144.54,5.0,3907677.0,0.037,581277.0,0.037,84015068.4,0.037,0.0,3,3980041.5,102338.86,85570903.0,0,0,0,-1,Oncology,0,unique,519,0
ALLOPURINOL,2022,2023,4197135.0,624335.0,90238406.8,21.5,144.54,5.0,4052406.0,0.0357,602806.0,0.0357,87126737.6,0.0357,0.0,4,4124770.5,102338.86,88682572.2,0,0,0,-1,Oncology,0,unique,519,0
ALLOPURINOL,2023,2024,4341864.0,645864.0,93350076.0,21.5,144.54,5.0,4197135.0,0.0345,624335.0,0.0345,90238406.8,0.0345,0.0,5,4269499.5,102338.86,91794241.4,0,0,0,-1,Oncology,0,unique,519,0
COLCHICINE,2018,2019,682607.0,602607.0,5802159.5,8.5,9.63,8.0,682607.0,0.0,602607.0,0.0,5802159.5,0.0,0.0,0,682607.0,0.0,5802159.5,1,0,0,-1,Unclassified / General,0,unique,2683,0
COLCHICINE,2019,2020,709911.0,626711.0,6034245.88,8.5,9.63,8.0,682607.0,0.04,602607.0,0.04,5802159.5,0.04,0.0,1,696259.0,19306.84,5918202.69,0,0,0,-1,Unclassified / General,0,unique,2683,0
COLCHICINE,2020,2021,737215.0,650815.0,6266332.26,8.5,9.63,8.0,709911.0,0.0385,626711.0,0.0385,6034245.88,0.0385,0.0,2,723563.0,19306.84,6150289.07,0,0,0,-1,Unclassified / General,0,unique,2683,0
COLCHICINE,2021,2022,764519.0,674919.0,6498418.64,8.5,9.63,8.0,737215.0,0.037,650815.0,0.037,6266332.26,0.037,0.0,3,750867.0,19306.84,6382375.45,0,0,0,-1,Unclassified / General,0,unique,2683,0
COLCHICINE,2022,2023,791824.0,699024.0,6730505.02,8.5,9.63,8.0,764519.0,0.0357,674919.0,0.0357,6498418.64,0.0357,0.0,4,778171.5,19307.55,6614461.83,0,0,0,-1,Unclassified / General,0,unique,2683,0
COLCHICINE,2023,2024,819128.0,723128.0,6962591.4,8.5,9.63,8.0,791824.0,0.0345,699024.0,0.0345,6730505.02,0.0345,0.0,5,805476.0,19306.84,6846548.21,0,0,0,-1,Unclassified / General,0,unique,2683,0
OXYCODONE,2018,2019,1267677.0,187677.0,36128794.5,28.5,192.51,6.0,1267677.0,0.0,187677.0,0.0,36128794.5,0.0,0.0,0,1267677.0,0.0,36128794.5,1,0,0,-1,Unclassified / General,0,unique,7804,0
OXYCODONE,2019,2020,1318384.0,195184.0,37573946.28,28.5,192.51,6.0,1267677.0,0.04,187677.0,0.04,36128794.5,0.04,0.0,1,1293030.5,35855.26,36851370.39,0,0,0,-1,Unclassified / General,0,unique,7804,0
OXYCODONE,2020,2021,1369091.0,202691.0,39019098.06,28.5,192.51,6.0,1318384.0,0.0385,195184.0,0.0385,37573946.28,0.0385,0.0,2,1343737.5,35855.26,38296522.17,0,0,0,-1,Unclassified / General,0,unique,7804,0
OXYCODONE,2021,2022,1419798.0,210198.0,40464249.84,28.5,192.51,6.0,1369091.0,0.037,202691.0,0.037,39019098.06,0.037,0.0,3,1394444.5,35855.26,39741673.95,0,0,0,-1,Unclassified / General,0,unique,7804,0
OXYCODONE,2022,2023,1470505.0,217705.0,41909401.62,28.5,192.51,6.0,1419798.0,0.0357,210198.0,0.0357,40464249.84,0.0357,0.0,4,1445151.5,35855.26,41186825.73,0,0,0,-1,Unclassified / General,0,unique,7804,0
OXYCODONE,2023,2024,1521212.0,225212.0,43354553.4,28.5,192.51,6.0,1470505.0,0.0345,217705.0,0.0345,41909401.62,0.0345,0.0,5,1495858.5,35855.26,42631977.51,0,0,0,-1,Unclassified / General,0,unique,7804,0
HYDROCODONE,2018,2019,1556414.0,476414.0,24124417.0,15.5,50.64,7.0,1556414.0,0.0,476414.0,0.0,24124417.0,0.0,0.0,0,1556414.0,0.0,24124417.0,1,0,0,-1,Unclassified / General,0,unique,5489,0
HYDROCODONE,2019,2020,1618670.0,495470.0,25089393.68,15.5,50.64,7.0,1556414.0,0.04,476414.0,0.04,24124417.0,0.04,0.0,1,1587542.0,44021.64,24606905.34,0,0,0,-1,Unclassified / General,0,unique,5489,0
HYDROCODONE,2020,2021,1680927.0,514527.0,26054370.36,15.5,50.64,7.0,1618670.0,0.0385,495470.0,0.0385,25089393.68,0.0385,0.0,2,1649798.5,44022.35,25571882.02,0,0,0,-1,Unclassified / General,0,unique,5489,0
HYDROCODONE,2021,2022,1743183.0,533583.0,27019347.04,15.5,50.64,7.0,1680927.0,0.037,514527.0,0.037,26054370.36,0.037,0.0,3,1712055.0,44021.64,26536858.7,0,0,0,-1,Unclassified / General,0,unique,5489,0
HYDROCODONE,2022,2023,1805440.0,552640.0,27984323.72,15.5,50.64,7.0,1743183.0,0.0357,533583.0,0.0357,27019347.04,0.0357,0.0,4,1774311.5,44022.35,27501835.38,0,0,0,-1,Unclassified / General,0,unique,5489,0
HYDROCODONE,2023,2024,1867696.0,571696.0,28949300.4,15.5,50.64,7.0,1805440.0,0.0345,552640.0,0.0345,27984323.72,0.0345,0.0,5,1836568.0,44021.64,28466812.06,0,0,0,-1,Unclassified / General,0,unique,5489,0
MORPHINE,2018,2019,2429770.0,349770.0,52240055.0,21.5,149.36,3.0,2429770.0,0.0,349770.0,0.0,52240055.0,0.0,0.0,0,2429770.0,0.0,52240055.0,1,24,1,0,Analgesia/Addiction,0,unique,7052,0
MORPHINE,2019,2020,2526960.0,363760.0,54329657.2,21.5,149.36,3.0,2429770.0,0.04,349770.0,0.04,52240055.0,0.04,0.0,1,2478365.0,68723.71,53284856.1,0,24,1,1,Analgesia/Addiction,0,unique,7052,0
MORPHINE,2020,2021,2624151.0,377751.0,56419259.4,21.5,149.36,3.0,2526960.0,0.0385,363760.0,0.0385,54329657.2,0.0385,0.0,2,2575555.5,68724.42,55374458.3,0,24,1,2,Analgesia/Addiction,0,unique,7052,0
MORPHINE,2021,2022,2721342.0,391742.0,58508861.6,21.5,149.36,3.0,2624151.0,0.037,377751.0,0.037,56419259.4,0.037,0.0,3,2672746.5,68724.42,57464060.5,0,24,1,3,Analgesia/Addiction,0,unique,7052,0
MORPHINE,2022,2023,2818533.0,405733.0,60598463.8,21.5,149.36,3.0,2721342.0,0.0357,391742.0,0.0357,58508861.6,0.0357,0.0,4,2769937.5,68724.42,59553662.7,0,24,1,4,Analgesia/Addiction,0,unique,7052,0
MORPHINE,2023,2024,2915724.0,419724.0,62688066.0,21.5,149.36,3.0,2818533.0,0.0345,405733.0,0.0345,60598463.8,0.0345,0.0,5,2867128.5,68724.42,61643264.9,0,24,1,5,Analgesia/Addiction,0,unique,7052,0
FENTANYL,2018,2019,2955319.0,875319.0,60584039.5,20.5,69.21,8.0,2955319.0,0.0,875319.0,0.0,60584039.5,0.0,0.0,0,2955319.0,0.0,60584039.5,1,11,1,6,Analgesia/Addiction,0,unique,4337,0
FENTANYL,2019,2020,3073531.0,910331.0,63007401.08,20.5,69.21,8.0,2955319.0,0.04,875319.0,0.04,60584039.5,0.04,0.0,1,3014425.0,83588.51,61795720.29,0,11,1,7,Analgesia/Addiction,0,unique,4337,0
FENTANYL,2020,2021,3191744.0,945344.0,65430762.66,20.5,69.21,8.0,3073531.0,0.0385,910331.0,0.0385,63007401.08,0.0385,0.0,2,3132637.5,83589.21,64219081.87,0,11,1,8,Analgesia/Addiction,0,unique,4337,0
FENTANYL,2021,2022,3309957.0,980357.0,67854124.24,20.5,69.21,8.0,3191744.0,0.037,945344.0,0.037,65430762.66,0.037,0.0,3,3250850.5,83589.21,66642443.45,0,11,1,9,Analgesia/Addiction,0,unique,4337,0
FENTANYL,2022,2023,3428170.0,1015370.0,70277485.82,20.5,69.21,8.0,3309957.0,0.0357,980357.0,0.0357,67854124.24,0.0357,0.0,4,3369063.5,83589.21,69065805.03,0,11,1,10,Analgesia/Addiction,0,unique,4337,1
FENTANYL,2023,2024,3546382.0,1050382.0,72700847.4,20.5,69.21,8.0,3428170.0,0.0345,1015370.0,0.0345,70277485.82,0.0345,0.0,5,3487276.0,83588.51,71489166.61,0,19,1,0,Analgesia/Addiction,0,unique,4337,0
BUPRENORPHINE,2018,2019,1586663.0,506663.0,23006613.5,14.5,45.41,8.0,1586663.0,0.0,506663.0,0.0,23006613.5,0.0,0.0,0,1586663.0,0.0,23006613.5,1,0,0,-1,Unclassified / General,0,unique,1819,0
BUPRENORPHINE,2019,2020,1650129.0,526929.0,23926878.04,14.5,45.41,8.0,1586663.0,0.04,506663.0,0.04,23006613.5,0.04,0.0,1,1618396.0,44877.24,23466745.77,0,0,0,-1,Unclassified / General,0,unique,1819,0
BUPRENORPHINE,2020,2021,1713596.0,547196.0,24847142.58,14.5,45.41,8.0,1650129.0,0.0385,526929.0,0.0385,23926878.04,0.0385,0.0,2,1681862.5,44877.95,24387010.31,0,0,0,-1,Unclassified / General,0,unique,1819,0
BUPRENORPHINE,2021,2022,1777062.0,567462.0,25767407.12,14.5,45.41,8.0,1713596.0,0.037,547196.0,0.037,24847142.58,0.037,0.0,3,1745329.0,44877.24,25307274.85,0,0,0,-1,Unclassified / General,0,unique,1819,0
BUPRENORPHINE,2022,2023,1840529.0,587729.0,26687671.66,14.5,45.41,8.0,1777062.0,0.0357,567462.0,0.0357,25767407.12,0.0357,0.0,4,1808795.5,44877.95,26227539.39,0,0,0,-1,Unclassified / General,0,unique,1819,0
BUPRENORPHINE,2023,2024,1903995.0,607995.0,27607936.2,14.5,45.41,8.0,1840529.0,0.0345,587729.0,0.0345,26687671.66,0.0345,0.0,5,1872262.0,44877.24,27147803.93,0,0,0,-1,Unclassified / General,0,unique,1819,0
NALOXONE,2018,2019,1535677.0,455677.0,43766794.5,28.5,96.05,6.0,1535677.0,0.0,455677.0,0.0,43766794.5,0.0,0.0,0,1535677.0,0.0,43766794.5,1,0,0,-1,Unclassified / General,0,unique,7242,0
NALOXONE,2019,2020,1597104.0,473904.0,45517466.28,28.5,96.05,6.0,1535677.0,0.04,455677.0,0.04,43766794.5,0.04,0.0,1,1566390.5,43435.45,44642130.39,0,0,0,-1,Unclassified / General,0,unique,7242,0
NALOXONE,2020,2021,1658531.0,492131.0,47268138.06,28.5,96.05,6.0,1597104.0,0.0385,473904.0,0.0385,45517466.28,0.0385,0.0,2,1627817.5,43435.45,46392802.17,0,0,0,-1,Unclassified / General,0,unique,7242,0
NALOXONE,2021,2022,1719958.0,510358.0,49018809.84,28.5,96.05,6.0,1658531.0,0.037,492131.0,0.037,47268138.06,0.037,0.0,3,1689244.5,43435.45,48143473.95,0,0,0,-1,Unclassified / General,0,unique,7242,0
NALOXONE,2022,2023,1781385.0,528585.0,50769481.62,28.5,96.05,6.0,1719958.0,0.0357,510358.0,0.0357,49018809.84,0.0357,0.0,4,1750671.5,43435.45,49894145.73,0,0,0,-1,Unclassified / General,0,unique,7242,0
NALOXONE,2023,2024,1842812.0,546812.0,52520153.4,28.5,96.05,6.0,1781385.0,0.0345,528585.0,0.0345,50769481.62,0.0345,0.0,5,1812098.5,43435.45,51644817.51,0,0,0,-1,Unclassified / General,0,unique,7242,0
SUMATRIPTAN,2018,2019,4647435.0,567435.0,169631377.5,36.5,298.94,4.0,4647435.0,0.0,567435.0,0.0,169631377.5,0.0,0.0,0,4647435.0,0.0,169631377.5,1,0,0,-1,Unclassified / General,0,unique,37418,0
SUMATRIPTAN,2019,2020,4833332.0,590132.0,176416632.6,36.5,298.94,4.0,4647435.0,0.04,567435.0,0.04,169631377.5,0.04,0.0,1,4740383.5,131449.03,173024005.05,0,0,0,-1,Unclassified / General,0,unique,37418,0
SUMATRIPTAN,2020,2021,5019229.0,612829.0,183201887.7,36.5,298.94,4.0,4833332.0,0.0385,590132.0,0.0385,176416632.6,0.0385,0.0,2,4926280.5,131449.03,179809260.15,0,0,0,-1,Unclassified / General,0,unique,37418,0
SUMATRIPTAN,2021,2022,5205127.0,635527.0,189987142.8,36.5,298.94,4.0,5019229.0,0.037,612829.0,0.037,183201887.7,0.037,0.0,3,5112178.0,131449.74,186594515.25,0,0,0,-1,Unclassified / General,0,unique,37418,0
SUMATRIPTAN,2022,2023,5391024.0,658224.0,196772397.9,36.5,298.94,4.0,5205127.0,0.0357,635527.0,0.0357,189987142.8,0.0357,0.0,4,5298075.5,131449.03,193379770.35,0,0,0,-1,Unclassified / General,0,unique,37418,0
SUMATRIPTAN,2023,2024,5576922.0,680922.0,203557653.0,36.5,298.94,4.0,5391024.0,0.0345,658224.0,0.0345,196772397.9,0.0345,0.0,5,5483973.0,131449.74,200165025.45,0,0,0,-1,Unclassified / General,0,unique,37418,0
RIZATRIPTAN,2018,2019,558634.0,478634.0,19831507.0,35.5,41.43,3.0,558634.0,0.0,478634.0,0.0,19831507.0,0.0,0.0,0,558634.0,0.0,19831507.0,1,0,0,-1,Unclassified / General,0,unique,88014,0
RIZATRIPTAN,2019,2020,580979.0,497779.0,20624767.28,35.5,41.43,3.0,558634.0,0.04,478634.0,0.04,19831507.0,0.04,0.0,1,569806.5,15800.3,20228137.14,0,0,0,-1,Unclassified / General,0,unique,88014,0
RIZATRIPTAN,2020,2021,603324.0,516924.0,21418027.56,35.5,41.43,3.0,580979.0,0.0385,497779.0,0.0385,20624767.28,0.0385,0.0,2,592151.5,15800.3,21021397.42,0,0,0,-1,Unclassified / General,0,unique,88014,0
RIZATRIPTAN,2021,2022,625670.0,536070.0,22211287.84,35.5,41.43,3.0,603324.0,0.037,516924.0,0.037,21418027.56,0.037,0.0,3,614497.0,15801.01,21814657.7,0,0,0,-1,Unclassified / General,0,unique,88014,0
RIZATRIPTAN,2022,2023,648015.0,555215.0,23004548.12,35.5,41.43,3.0,625670.0,0.0357,536070.0,0.0357,22211287.84,0.0357,0.0,4,636842.5,15800.3,22607917.98,0,0,0,-1,Unclassified / General,0,unique,88014,0
RIZATRIPTAN,2023,2024,670360.0,574360.0,23797808.4,35.5,41.43,3.0,648015.0,0.0345,555215.0,0.0345,23004548.12,0.0345,0.0,5,659187.5,15800.3,23401178.26,0,0,0,-1,Unclassified / General,0,unique,88014,0
INDOMETHACIN,2018,2019,652206.0,572206.0,4891545.0,7.5,8.55,7.0,652206.0,0.0,572206.0,0.0,4891545.0,0.0,0.0,0,652206.0,0.0,4891545.0,1,0,0,-1,Unclassified / General,0,unique,5781,0
INDOMETHACIN,2019,2020,678294.0,595094.0,5087206.8,7.5,8.55,7.0,652206.0,0.04,572206.0,0.04,4891545.0,0.04,0.0,1,665250.0,18447.0,4989375.9,0,0,0,-1,Unclassified / General,0,unique,5781,0
INDOMETHACIN,2020,2021,704382.0,617982.0,5282868.6,7.5,8.55,7.0,678294.0,0.0385,595094.0,0.0385,5087206.8,0.0385,0.0,2,691338.0,18447.0,5185037.7,0,0,0,-1,Unclassified / General,0,unique,5781,0
INDOMETHACIN,2021,2022,730470.0,640870.0,5478530.4,7.5,8.55,7.0,704382.0,0.037,617982.0,0.037,5282868.6,0.037,0.0,3,717426.0,18447.0,5380699.5,0,0,0,-1,Unclassified / General,0,unique,5781,0
INDOMETHACIN,2022,2023,756558.0,663758.0,5674192.2,7.5,8.55,7.0,730470.0,0.0357,640870.0,0.0357,5478530.4,0.0357,0.0,4,743514.0,18447.0,5576361.3,0,0,0,-1,Unclassified / General,0,unique,5781,0
INDOMETHACIN,2023,2024,782647.0,686647.0,5869854.0,7.5,8.55,7.0,756558.0,0.0345,663758.0,0.0345,5674192.2,0.0345,0.0,5,769602.5,18447.71,5772023.1,0,0,0,-1,Unclassified / General,0,unique,5781,0
ETODOLAC,2018,2019,4134939.0,54939.0,167465029.5,40.5,3048.2,4.0,4134939.0,0.0,54939.0,0.0,167465029.5,0.0,0.0,0,4134939.0,0.0,167465029.5,1,0,0,-1,Unclassified / General,0,unique,24605,0
ETODOLAC,2019,2020,4300336.0,57136.0,174163630.68,40.5,3048.23,4.0,4134939.0,0.04,54939.0,0.04,167465029.5,0.04,0.0,1,4217637.5,116953.34,170814330.09,0,0,0,-1,Unclassified / General,0,unique,24605,0
ETODOLAC,2020,2021,4465734.0,59334.0,180862231.86,40.5,3048.21,4.0,4300336.0,0.0385,57136.0,0.0385,174163630.68,0.0385,0.0,2,4383035.0,116954.05,177512931.27,0,0,0,-1,Unclassified / General,0,unique,24605,0
ETODOLAC,2021,2022,4631131.0,61531.0,187560833.04,40.5,3048.23,4.0,4465734.0,0.037,59334.0,0.037,180862231.86,0.037,0.0,3,4548432.5,116953.34,184211532.45,0,0,0,-1,Unclassified / General,0,unique,24605,0
ETODOLAC,2022,2023,4796529.0,63729.0,194259434.22,40.5,3048.21,4.0,4631131.0,0.0357,61531.0,0.0357,187560833.04,0.0357,0.0,4,4713830.0,116954.05,190910133.63,0,0,0,-1,Unclassified / General,0,unique,24605,0
ETODOLAC,2023,2024,4961926.0,65926.0,200958035.4,40.5,3048.24,4.0,4796529.0,0.0345,63729.0,0.0345,194259434.22,0.0345,0.0,5,4879227.5,116953.34,197608734.81,0,0,0,-1,Unclassified / General,0,unique,24605,0
NABUMETONE,2018,2019,4188799.0,108799.0,211534349.5,50.5,1944.27,8.0,4188799.0,0.0,108799.0,0.0,211534349.5,0.0,0.0,0,4188799.0,0.0,211534349.5,1,0,0,-1,Unclassified / General,0,unique,31448,0
NABUMETONE,2019,2020,4356350.0,113150.0,219995723.48,50.5,1944.28,8.0,4188799.0,0.04,108799.0,0.04,211534349.5,0.04,0.0,1,4272574.5,118476.45,215765036.49,0,0,0,-1,Unclassified / General,0,unique,31448,0
NABUMETONE,2020,2021,4523902.0,117502.0,228457097.46,50.5,1944.28,8.0,4356350.0,0.0385,113150.0,0.0385,219995723.48,0.0385,0.0,2,4440126.0,118477.16,224226410.47,0,0,0,-1,Unclassified / General,0,unique,31448,0
NABUMETONE,2021,2022,4691454.0,121854.0,236918471.44,50.5,1944.28,8.0,4523902.0,0.037,117502.0,0.037,228457097.46,0.037,0.0,3,4607678.0,118477.16,232687784.45,0,0,0,-1,Unclassified / General,0,unique,31448,0
NABUMETONE,2022,2023,4859006.0,126206.0,245379845.42,50.5,1944.28,8.0,4691454.0,0.0357,121854.0,0.0357,236918471.44,0.0357,0.0,4,4775230.0,118477.16,241149158.43,0,0,0,-1,Unclassified / General,0,unique,31448,0
NABUMETONE,2023,2024,5026558.0,130558.0,253841219.4,50.5,1944.28,8.0,4859006.0,0.0345,126206.0,0.0345,245379845.42,0.0345,0.0,5,4942782.0,118477.16,249610532.41,0,0,0,-1,Unclassified / General,0,unique,31448,0
OXAPROZIN,2018,2019,470967.0,390967.0,8712889.5,18.5,22.29,8.0,470967.0,0.0,390967.0,0.0,8712889.5,0.0,0.0,0,470967.0,0.0,8712889.5,1,0,0,-1,Unclassified / General,0,unique,32613,0
OXAPROZIN,2019,2020,489805.0,406605.0,9061405.08,18.5,22.29,8.0,470967.0,0.04,390967.0,0.04,8712889.5,0.04,0.0,1,480386.0,13320.48,8887147.29,0,0,0,-1,Unclassified / General,0,unique,32613,0
OXAPROZIN,2020,2021,508644.0,422244.0,9409920.66,18.5,22.29,8.0,489805.0,0.0385,406605.0,0.0385,9061405.08,0.0385,0.0,2,499224.5,13321.18,9235662.87,0,0,0,-1,Unclassified / General,0,unique,32613,0
OXAPROZIN,2021,2022,527483.0,437883.0,9758436.24,18.5,22.29,8.0,508644.0,0.037,422244.0,0.037,9409920.66,0.037,0.0,3,518063.5,13321.18,9584178.45,0,0,0,-1,Unclassified / General,0,unique,32613,0
OXAPROZIN,2022,2023,546321.0,453521.0,10106951.82,18.5,22.29,8.0,527483.0,0.0357,437883.0,0.0357,9758436.24,0.0357,0.0,4,536902.0,13320.48,9932694.03,0,0,0,-1,Unclassified / General,0,unique,32613,0
OXAPROZIN,2023,2024,565160.0,469160.0,10455467.4,18.5,22.29,8.0,546321.0,0.0345,453521.0,0.0345,10106951.82,0.0345,0.0,5,555740.5,13321.18,10281209.61,0,0,0,-1,Unclassified / General,0,unique,32613,0
PIROXICAM,2018,2019,1958032.0,878032.0,65594072.0,33.5,74.71,1.0,1958032.0,0.0,878032.0,0.0,65594072.0,0.0,0.0,0,1958032.0,0.0,65594072.0,1,0,0,-1,Unclassified / General,1,unique,8356,0
PIROXICAM,2019,2020,2036353.0,913153.0,68217834.88,33.5,74.71,1.0,1958032.0,0.04,878032.0,0.04,65594072.0,0.04,0.0,1,1997192.5,55381.31,66905953.44,0,0,0,-1,Unclassified / General,1,unique,8356,0
PIROXICAM,2020,2021,2114674.0,948274.0,70841597.76,33.5,74.71,1.0,2036353.0,0.0385,913153.0,0.0385,68217834.88,0.0385,0.0,2,2075513.5,55381.31,69529716.32,0,0,0,-1,Unclassified / General,1,unique,8356,0
PIROXICAM,2021,2022,2192995.0,983395.0,73465360.64,33.5,74.71,1.0,2114674.0,0.037,948274.0,0.037,70841597.76,0.037,0.0,3,2153834.5,55381.31,72153479.2,0,0,0,-1,Unclassified / General,1,unique,8356,0
PIROXICAM,2022,2023,2271317.0,1018517.0,76089123.52,33.5,74.71,1.0,2192995.0,0.0357,983395.0,0.0357,73465360.64,0.0357,0.0,4,2232156.0,55382.02,74777242.08,0,0,0,-1,Unclassified / General,1,unique,8356,0
PIROXICAM,2023,2024,2349638.0,1053638.0,78712886.4,33.5,74.71,1.0,2271317.0,0.0345,1018517.0,0.0345,76089123.52,0.0345,0.0,5,2310477.5,55381.31,77401004.96,0,0,0,-1,Unclassified / General,1,unique,8356,0
SULINDAC,2018,2019,4151168.0,71168.0,80947776.0,19.5,1137.42,1.0,4151168.0,0.0,71168.0,0.0,80947776.0,0.0,0.0,0,4151168.0,0.0,80947776.0,1,0,0,-1,Unclassified / General,1,unique,10237,0
SULINDAC,2019,2020,4317214.0,74014.0,84185687.04,19.5,1137.43,1.0,4151168.0,0.04,71168.0,0.04,80947776.0,0.04,0.0,1,4234191.0,117412.25,82566731.52,0,0,0,-1,Unclassified / General,1,unique,10237,0
SULINDAC,2020,2021,4483261.0,76861.0,87423598.08,19.5,1137.42,1.0,4317214.0,0.0385,74014.0,0.0385,84185687.04,0.0385,0.0,2,4400237.5,117412.96,85804642.56,0,0,0,-1,Unclassified / General,1,unique,10237,0
SULINDAC,2021,2022,4649308.0,79708.0,90661509.12,19.5,1137.42,1.0,4483261.0,0.037,76861.0,0.037,87423598.08,0.037,0.0,3,4566284.5,117412.96,89042553.6,0,0,0,-1,Unclassified / General,1,unique,10237,0
SULINDAC,2022,2023,4815354.0,82554.0,93899420.16,19.5,1137.43,1.0,4649308.0,0.0357,79708.0,0.0357,90661509.12,0.0357,0.0,4,4732331.0,117412.25,92280464.64,0,0,0,-1,Unclassified / General,1,unique,10237,0
SULINDAC,2023,2024,4981401.0,85401.0,97137331.2,19.5,1137.43,1.0,4815354.0,0.0345,82554.0,0.0345,93899420.16,0.0345,0.0,5,4898377.5,117412.96,95518375.68,0,0,0,-1,Unclassified / General,1,unique,10237,0
KETOROLAC,2018,2019,1319614.0,239614.0,20454017.0,15.5,85.36,7.0,1319614.0,0.0,239614.0,0.0,20454017.0,0.0,0.0,0,1319614.0,0.0,20454017.0,1,25,1,0,Analgesia/Addiction,0,unique,35827,0
KETOROLAC,2019,2020,1372398.0,249198.0,21272177.68,15.5,85.36,7.0,1319614.0,0.04,239614.0,0.04,20454017.0,0.04,0.0,1,1346006.0,37323.92,20863097.34,0,25,1,1,Analgesia/Addiction,0,unique,35827,0
KETOROLAC,2020,2021,1425183.0,258783.0,22090338.36,15.5,85.36,7.0,1372398.0,0.0385,249198.0,0.0385,21272177.68,0.0385,0.0,2,1398790.5,37324.63,21681258.02,0,25,1,2,Analgesia/Addiction,0,unique,35827,0
KETOROLAC,2021,2022,1477967.0,268367.0,22908499.04,15.5,85.36,7.0,1425183.0,0.037,258783.0,0.037,22090338.36,0.037,0.0,3,1451575.0,37323.92,22499418.7,0,25,1,3,Analgesia/Addiction,0,unique,35827,0
KETOROLAC,2022,2023,1530752.0,277952.0,23726659.72,15.5,85.36,7.0,1477967.0,0.0357,268367.0,0.0357,22908499.04,0.0357,0.0,4,1504359.5,37324.63,23317579.38,0,25,1,4,Analgesia/Addiction,0,unique,35827,0
KETOROLAC,2023,2024,1583536.0,287536.0,24544820.4,15.5,85.36,7.0,1530752.0,0.0345,277952.0,0.0345,23726659.72,0.0345,0.0,5,1557144.0,37323.92,24135740.06,0,25,1,5,Analgesia/Addiction,0,unique,35827,0
CARISOPRODOL,2018,2019,1710130.0,630130.0,53869095.0,31.5,85.49,3.0,1710130.0,0.0,630130.0,0.0,53869095.0,0.0,0.0,0,1710130.0,0.0,53869095.0,1,0,0,-1,Unclassified / General,0,unique,2101,0
CARISOPRODOL,2019,2020,1778535.0,655335.0,56023858.8,31.5,85.49,3.0,1710130.0,0.04,630130.0,0.04,53869095.0,0.04,0.0,1,1744332.5,48369.64,54946476.9,0,0,0,-1,Unclassified / General,0,unique,2101,0
CARISOPRODOL,2020,2021,1846940.0,680540.0,58178622.6,31.5,85.49,3.0,1778535.0,0.0385,655335.0,0.0385,56023858.8,0.0385,0.0,2,1812737.5,48369.64,57101240.7,0,0,0,-1,Unclassified / General,0,unique,2101,0
CARISOPRODOL,2021,2022,1915345.0,705745.0,60333386.4,31.5,85.49,3.0,1846940.0,0.037,680540.0,0.037,58178622.6,0.037,0.0,3,1881142.5,48369.64,59256004.5,0,0,0,-1,Unclassified / General,0,unique,2101,0
CARISOPRODOL,2022,2023,1983750.0,730950.0,62488150.2,31.5,85.49,3.0,1915345.0,0.0357,705745.0,0.0357,60333386.4,0.0357,0.0,4,1949547.5,48369.64,61410768.3,0,0,0,-1,Unclassified / General,0,unique,2101,0
CARISOPRODOL,2023,2024,2052156.0,756156.0,64642914.0,31.5,85.49,3.0,1983750.0,0.0345,730950.0,0.0345,62488150.2,0.0345,0.0,5,2017953.0,48370.35,63565532.1,0,0,0,-1,Unclassified / General,0,unique,2101,0
ORPHENADRINE,2018,2019,4090958.0,1010958.0,38864101.0,9.5,38.44,7.0,4090958.0,0.0,1010958.0,0.0,38864101.0,0.0,0.0,0,4090958.0,0.0,38864101.0,1,0,0,-1,Unclassified / General,0,unique,7715,0
ORPHENADRINE,2019,2020,4254596.0,1051396.0,40418665.04,9.5,38.44,7.0,4090958.0,0.04,1010958.0,0.04,38864101.0,0.04,0.0,1,4172777.0,115709.54,39641383.02,0,0,0,-1,Unclassified / General,0,unique,7715,0
ORPHENADRINE,2020,2021,4418234.0,1091834.0,41973229.08,9.5,38.44,7.0,4254596.0,0.0385,1051396.0,0.0385,40418665.04,0.0385,0.0,2,4336415.0,115709.54,41195947.06,0,0,0,-1,Unclassified / General,0,unique,7715,0
ORPHENADRINE,2021,2022,4581872.0,1132272.0,43527793.12,9.5,38.44,7.0,4418234.0,0.037,1091834.0,0.037,41973229.08,0.037,0.0,3,4500053.0,115709.54,42750511.1,0,0,0,-1,Unclassified / General,0,unique,7715,0
ORPHENADRINE,2022,2023,4745511.0,1172711.0,45082357.16,9.5,38.44,7.0,4581872.0,0.0357,1132272.0,0.0357,43527793.12,0.0357,0.0,4,4663691.5,115710.25,44305075.14,0,0,0,-1,Unclassified / General,0,unique,7715,0
ORPHENADRINE,2023,2024,4909149.0,1213149.0,46636921.2,9.5,38.44,7.0,4745511.0,0.0345,1172711.0,0.0345,45082357.16,0.0345,0.0,5,4827330.0,115709.54,45859639.18,0,0,0,-1,Unclassified / General,0,unique,7715,0
CHLORZOXAZONE,2018,2019,2582190.0,502190.0,107160885.0,41.5,213.39,7.0,2582190.0,0.0,502190.0,0.0,107160885.0,0.0,0.0,0,2582190.0,0.0,107160885.0,1,0,0,-1,Unclassified / General,0,unique,2410,0
CHLORZOXAZONE,2019,2020,2685477.0,522277.0,111447320.4,41.5,213.39,7.0,2582190.0,0.04,502190.0,0.04,107160885.0,0.04,0.0,1,2633833.5,73034.94,109304102.7,0,0,0,-1,Unclassified / General,0,unique,2410,0
CHLORZOXAZONE,2020,2021,2788765.0,542365.0,115733755.8,41.5,213.39,7.0,2685477.0,0.0385,522277.0,0.0385,111447320.4,0.0385,0.0,2,2737121.0,73035.65,113590538.1,0,0,0,-1,Unclassified / General,0,unique,2410,0
CHLORZOXAZONE,2021,2022,2892052.0,562452.0,120020191.2,41.5,213.39,7.0,2788765.0,0.037,542365.0,0.037,115733755.8,0.037,0.0,3,2840408.5,73034.94,117876973.5,0,0,0,-1,Unclassified / General,0,unique,2410,0
CHLORZOXAZONE,2022,2023,2995340.0,582540.0,124306626.6,41.5,213.39,7.0,2892052.0,0.0357,562452.0,0.0357,120020191.2,0.0357,0.0,4,2943696.0,73035.65,122163408.9,0,0,0,-1,Unclassified / General,0,unique,2410,0
CHLORZOXAZONE,2023,2024,3098628.0,602628.0,128593062.0,41.5,213.39,7.0,2995340.0,0.0345,582540.0,0.0345,124306626.6,0.0345,0.0,5,3046984.0,73035.65,126449844.3,0,0,0,-1,Unclassified / General,0,unique,2410,0
DANTROLENE,2018,2019,2346991.0,266991.0,99747117.5,42.5,373.6,8.0,2346991.0,0.0,266991.0,0.0,99747117.5,0.0,0.0,0,2346991.0,0.0,99747117.5,1,0,0,-1,Unclassified / General,0,unique,3105,0
DANTROLENE,2019,2020,2440870.0,277670.0,103737002.2,42.5,373.6,8.0,2346991.0,0.04,266991.0,0.04,99747117.5,0.04,0.0,1,2393930.5,66382.48,101742059.85,0,0,0,-1,Unclassified / General,0,unique,3105,0
DANTROLENE,2020,2021,2534750.0,288350.0,107726886.9,42.5,373.6,8.0,2440870.0,0.0385,277670.0,0.0385,103737002.2,0.0385,0.0,2,2487810.0,66383.18,105731944.55,0,0,0,-1,Unclassified / General,0,unique,3105,0
DANTROLENE,2021,2022,2628629.0,299029.0,111716771.6,42.5,373.6,8.0,2534750.0,0.037,288350.0,0.037,107726886.9,0.037,0.0,3,2581689.5,66382.48,109721829.25,0,0,0,-1,Unclassified / General,0,unique,3105,0
DANTROLENE,2022,2023,2722509.0,309709.0,115706656.3,42.5,373.6,8.0,2628629.0,0.0357,299029.0,0.0357,111716771.6,0.0357,0.0,4,2675569.0,66383.18,113711713.95,0,0,0,-1,Unclassified / General,0,unique,3105,0
DANTROLENE,2023,2024,2816389.0,320389.0,119696541.0,42.5,373.6,8.0,2722509.0,0.0345,309709.0,0.0345,115706656.3,0.0345,0.0,5,2769449.0,66383.18,117701598.65,0,0,0,-1,Unclassified / General,0,unique,3105,0
METAXALONE,2018,2019,2285596.0,205596.0,108565810.0,47.5,528.05,5.0,2285596.0,0.0,205596.0,0.0,108565810.0,0.0,0.0,0,2285596.0,0.0,108565810.0,1,0,0,-1,Unclassified / General,0,unique,59078,0
METAXALONE,2019,2020,2377019.0,213819.0,112908442.4,47.5,528.06,5.0,2285596.0,0.04,205596.0,0.04,108565810.0,0.04,0.0,1,2331307.5,64645.82,110737126.2,0,0,0,-1,Unclassified / General,0,unique,59078,0
METAXALONE,2020,2021,2468443.0,222043.0,117251074.8,47.5,528.06,5.0,2377019.0,0.0385,213819.0,0.0385,112908442.4,0.0385,0.0,2,2422731.0,64646.53,115079758.6,0,0,0,-1,Unclassified / General,0,unique,59078,0
METAXALONE,2021,2022,2559867.0,230267.0,121593707.2,47.5,528.06,5.0,2468443.0,0.037,222043.0,0.037,117251074.8,0.037,0.0,3,2514155.0,64646.53,119422391.0,0,0,0,-1,Unclassified / General,0,unique,59078,0
METAXALONE,2022,2023,2651291.0,238491.0,125936339.6,47.5,528.05,5.0,2559867.0,0.0357,230267.0,0.0357,121593707.2,0.0357,0.0,4,2605579.0,64646.53,123765023.4,0,0,0,-1,Unclassified / General,0,unique,59078,0
METAXALONE,2023,2024,2742715.0,246715.0,130278972.0,47.5,528.05,5.0,2651291.0,0.0345,238491.0,0.0345,125936339.6,0.0345,0.0,5,2697003.0,64646.53,128107655.8,0,0,0,-1,Unclassified / General,0,unique,59078,0
HYDROMORPHONE,2018,2019,2778621.0,698621.0,62518972.5,22.5,89.49,6.0,2778621.0,0.0,698621.0,0.0,62518972.5,0.0,0.0,0,2778621.0,0.0,62518972.5,1,26,1,1,Analgesia/Addiction,0,unique,3423,0
HYDROMORPHONE,2019,2020,2889765.0,726565.0,65019731.4,22.5,89.49,6.0,2778621.0,0.04,698621.0,0.04,62518972.5,0.04,0.0,1,2834193.0,78590.68,63769351.95,0,26,1,2,Analgesia/Addiction,0,unique,3423,0
HYDROMORPHONE,2020,2021,3000910.0,754510.0,67520490.3,22.5,89.49,6.0,2889765.0,0.0385,726565.0,0.0385,65019731.4,0.0385,0.0,2,2945337.5,78591.38,66270110.85,0,26,1,3,Analgesia/Addiction,0,unique,3423,0
HYDROMORPHONE,2021,2022,3112055.0,782455.0,70021249.2,22.5,89.49,6.0,3000910.0,0.037,754510.0,0.037,67520490.3,0.037,0.0,3,3056482.5,78591.38,68770869.75,0,26,1,4,Analgesia/Addiction,0,unique,3423,0
HYDROMORPHONE,2022,2023,3223200.0,810400.0,72522008.1,22.5,89.49,6.0,3112055.0,0.0357,782455.0,0.0357,70021249.2,0.0357,0.0,4,3167627.5,78591.38,71271628.65,0,26,1,5,Analgesia/Addiction,0,unique,3423,0
HYDROMORPHONE,2023,2024,3334345.0,838345.0,75022767.0,22.5,89.49,6.0,3223200.0,0.0345,810400.0,0.0345,72522008.1,0.0345,0.0,5,3278772.5,78591.38,73772387.55,0,26,1,6,Analgesia/Addiction,0,unique,3423,0
OXYMORPHONE,2018,2019,847997.0,767997.0,41127854.5,48.5,53.55,6.0,847997.0,0.0,767997.0,0.0,41127854.5,0.0,0.0,0,847997.0,0.0,41127854.5,1,0,0,-1,Unclassified / General,0,unique,7814,0
OXYMORPHONE,2019,2020,881916.0,798716.0,42772968.68,48.5,53.55,6.0,847997.0,0.04,767997.0,0.04,41127854.5,0.04,0.0,1,864956.5,23984.35,41950411.59,0,0,0,-1,Unclassified / General,0,unique,7814,0
OXYMORPHONE,2020,2021,915836.0,829436.0,44418082.86,48.5,53.55,6.0,881916.0,0.0385,798716.0,0.0385,42772968.68,0.0385,0.0,2,898876.0,23985.06,43595525.77,0,0,0,-1,Unclassified / General,0,unique,7814,0
OXYMORPHONE,2021,2022,949756.0,860156.0,46063197.04,48.5,53.55,6.0,915836.0,0.037,829436.0,0.037,44418082.86,0.037,0.0,3,932796.0,23985.06,45240639.95,0,0,0,-1,Unclassified / General,0,unique,7814,0
OXYMORPHONE,2022,2023,983676.0,890876.0,47708311.22,48.5,53.55,6.0,949756.0,0.0357,860156.0,0.0357,46063197.04,0.0357,0.0,4,966716.0,23985.06,46885754.13,0,0,0,-1,Unclassified / General,0,unique,7814,0
OXYMORPHONE,2023,2024,1017596.0,921596.0,49353425.4,48.5,53.55,6.0,983676.0,0.0345,890876.0,0.0345,47708311.22,0.0345,0.0,5,1000636.0,23985.06,48530868.31,0,0,0,-1,Unclassified / General,0,unique,7814,0
TAPENTADOL,2018,2019,1735832.0,655832.0,58150372.0,33.5,88.67,1.0,1735832.0,0.0,655832.0,0.0,58150372.0,0.0,0.0,0,1735832.0,0.0,58150372.0,1,0,0,-1,Unclassified / General,1,unique,787390,0
TAPENTADOL,2019,2020,1805265.0,682065.0,60476386.88,33.5,88.67,1.0,1735832.0,0.04,655832.0,0.04,58150372.0,0.04,0.0,1,1770548.5,49096.55,59313379.44,0,0,0,-1,Unclassified / General,1,unique,787390,0
TAPENTADOL,2020,2021,1874698.0,708298.0,62802401.76,33.5,88.67,1.0,1805265.0,0.0385,682065.0,0.0385,60476386.88,0.0385,0.0,2,1839981.5,49096.55,61639394.32,0,0,0,-1,Unclassified / General,1,unique,787390,0
TAPENTADOL,2021,2022,1944131.0,734531.0,65128416.64,33.5,88.67,1.0,1874698.0,0.037,708298.0,0.037,62802401.76,0.037,0.0,3,1909414.5,49096.55,63965409.2,0,0,0,-1,Unclassified / General,1,unique,787390,0
TAPENTADOL,2022,2023,2013565.0,760765.0,67454431.52,33.5,88.67,1.0,1944131.0,0.0357,734531.0,0.0357,65128416.64,0.0357,0.0,4,1978848.0,49097.25,66291424.08,0,0,0,-1,Unclassified / General,1,unique,787390,0
TAPENTADOL,2023,2024,2082998.0,786998.0,69780446.4,33.5,88.67,1.0,2013565.0,0.0345,760765.0,0.0345,67454431.52,0.0345,0.0,5,2048281.5,49096.55,68617438.96,0,0,0,-1,Unclassified / General,1,unique,787390,0
MEPERIDINE,2018,2019,3525971.0,445971.0,79334347.5,22.5,177.89,4.0,3525971.0,0.0,445971.0,0.0,79334347.5,0.0,0.0,0,3525971.0,0.0,79334347.5,1,0,0,-1,Analgesia/Addiction,0,unique,6754,0
MEPERIDINE,2019,2020,3667009.0,463809.0,82507721.4,22.5,177.89,4.0,3525971.0,0.04,445971.0,0.04,79334347.5,0.04,0.0,1,3596490.0,99728.93,80921034.45,0,0,0,-1,Analgesia/Addiction,0,unique,6754,0
MEPERIDINE,2020,2021,3808048.0,481648.0,85681095.3,22.5,177.89,4.0,3667009.0,0.0385,463809.0,0.0385,82507721.4,0.0385,0.0,2,3737528.5,99729.63,84094408.35,0,0,0,-1,Analgesia/Addiction,0,unique,6754,0
MEPERIDINE,2021,2022,3949087.0,499487.0,88854469.2,22.5,177.89,4.0,3808048.0,0.037,481648.0,0.037,85681095.3,0.037,0.0,3,3878567.5,99729.63,87267782.25,0,0,0,-1,Analgesia/Addiction,0,unique,6754,0
MEPERIDINE,2022,2023,4090126.0,517326.0,92027843.1,22.5,177.89,4.0,3949087.0,0.0357,499487.0,0.0357,88854469.2,0.0357,0.0,4,4019606.5,99729.63,90441156.15,0,0,0,-1,Analgesia/Addiction,0,unique,6754,0
MEPERIDINE,2023,2024,4231165.0,535165.0,95201217.0,22.5,177.89,4.0,4090126.0,0.0345,517326.0,0.0345,92027843.1,0.0345,0.0,5,4160645.5,99729.63,93614530.05,0,0,0,-1,Analgesia/Addiction,0,unique,6754,0
METHADONE,2018,2019,3585869.0,505869.0,73510314.5,20.5,145.31,6.0,3585869.0,0.0,505869.0,0.0,73510314.5,0.0,0.0,0,3585869.0,0.0,73510314.5,1,0,0,-1,Unclassified / General,0,unique,6813,0
METHADONE,2019,2020,3729303.0,526103.0,76450727.08,20.5,145.32,6.0,3585869.0,0.04,505869.0,0.04,73510314.5,0.04,0.0,1,3657586.0,101423.15,74980520.79,0,0,0,-1,Unclassified / General,0,unique,6813,0
METHADONE,2020,2021,3872738.0,546338.0,79391139.66,20.5,145.32,6.0,3729303.0,0.0385,526103.0,0.0385,76450727.08,0.0385,0.0,2,3801020.5,101423.86,77920933.37,0,0,0,-1,Unclassified / General,0,unique,6813,0
METHADONE,2021,2022,4016173.0,566573.0,82331552.24,20.5,145.31,6.0,3872738.0,0.037,546338.0,0.037,79391139.66,0.037,0.0,3,3944455.5,101423.86,80861345.95,0,0,0,-1,Unclassified / General,0,unique,6813,0
METHADONE,2022,2023,4159608.0,586808.0,85271964.82,20.5,145.31,6.0,4016173.0,0.0357,566573.0,0.0357,82331552.24,0.0357,0.0,4,4087890.5,101423.86,83801758.53,0,0,0,-1,Unclassified / General,0,unique,6813,0
METHADONE,2023,2024,4303042.0,607042.0,88212377.4,20.5,145.32,6.0,4159608.0,0.0345,586808.0,0.0345,85271964.82,0.0345,0.0,5,4231325.0,101423.15,86742171.11,0,0,0,-1,Unclassified / General,0,unique,6813,0
NALTREXONE,2018,2019,2616656.0,536656.0,19624920.0,7.5,36.57,1.0,2616656.0,0.0,536656.0,0.0,19624920.0,0.0,0.0,0,2616656.0,0.0,19624920.0,1,0,0,-1,Unclassified / General,1,unique,7243,0
NALTREXONE,2019,2020,2721322.0,558122.0,20409916.8,7.5,36.57,1.0,2616656.0,0.04,536656.0,0.04,19624920.0,0.04,0.0,1,2668989.0,74010.04,20017418.4,0,0,0,-1,Unclassified / General,1,unique,7243,0
NALTREXONE,2020,2021,2825988.0,579588.0,21194913.6,7.5,36.57,1.0,2721322.0,0.0385,558122.0,0.0385,20409916.8,0.0385,0.0,2,2773655.0,74010.04,20802415.2,0,0,0,-1,Unclassified / General,1,unique,7243,0
NALTREXONE,2021,2022,2930654.0,601054.0,21979910.4,7.5,36.57,1.0,2825988.0,0.037,579588.0,0.037,21194913.6,0.037,0.0,3,2878321.0,74010.04,21587412.0,0,0,0,-1,Unclassified / General,1,unique,7243,0
NALTREXONE,2022,2023,3035320.0,622520.0,22764907.2,7.5,36.57,1.0,2930654.0,0.0357,601054.0,0.0357,21979910.4,0.0357,0.0,4,2982987.0,74010.04,22372408.8,0,0,0,-1,Unclassified / General,1,unique,7243,0
NALTREXONE,2023,2024,3139987.0,643987.0,23549904.0,7.5,36.57,1.0,3035320.0,0.0345,622520.0,0.0345,22764907.2,0.0345,0.0,5,3087653.5,74010.75,23157405.6,0,0,0,-1,Unclassified / General,1,unique,7243,0
NARATRIPTAN,2018,2019,4193564.0,113564.0,65000242.0,15.5,572.37,5.0,4193564.0,0.0,113564.0,0.0,65000242.0,0.0,0.0,0,4193564.0,0.0,65000242.0,1,0,0,-1,Unclassified / General,0,unique,141366,0
NARATRIPTAN,2019,2020,4361306.0,118106.0,67600251.68,15.5,572.37,5.0,4193564.0,0.04,113564.0,0.04,65000242.0,0.04,0.0,1,4277435.0,118611.51,66300246.84,0,0,0,-1,Unclassified / General,0,unique,141366,0
NARATRIPTAN,2020,2021,4529049.0,122649.0,70200261.36,15.5,572.37,5.0,4361306.0,0.0385,118106.0,0.0385,67600251.68,0.0385,0.0,2,4445177.5,118612.21,68900256.52,0,0,0,-1,Unclassified / General,0,unique,141366,0
NARATRIPTAN,2021,2022,4696791.0,127191.0,72800271.04,15.5,572.37,5.0,4529049.0,0.037,122649.0,0.037,70200261.36,0.037,0.0,3,4612920.0,118611.51,71500266.2,0,0,0,-1,Unclassified / General,0,unique,141366,0
NARATRIPTAN,2022,2023,4864534.0,131734.0,75400280.72,15.5,572.37,5.0,4696791.0,0.0357,127191.0,0.0357,72800271.04,0.0357,0.0,4,4780662.5,118612.21,74100275.88,0,0,0,-1,Unclassified / General,0,unique,141366,0
NARATRIPTAN,2023,2024,5032276.0,136276.0,78000290.4,15.5,572.37,5.0,4864534.0,0.0345,131734.0,0.0345,75400280.72,0.0345,0.0,5,4948405.0,118611.51,76700285.56,0,0,0,-1,Unclassified / General,0,unique,141366,0
ZOLMITRIPTAN,2018,2019,1804884.0,724884.0,64073382.0,35.5,88.39,5.0,1804884.0,0.0,724884.0,0.0,64073382.0,0.0,0.0,0,1804884.0,0.0,64073382.0,1,0,0,-1,Unclassified / General,0,unique,135775,0
ZOLMITRIPTAN,2019,2020,1877079.0,753879.0,66636317.28,35.5,88.39,5.0,1804884.0,0.04,724884.0,0.04,64073382.0,0.04,0.0,1,1840981.5,51049.57,65354849.64,0,0,0,-1,Unclassified / General,0,unique,135775,0
ZOLMITRIPTAN,2020,2021,1949274.0,782874.0,69199252.56,35.5,88.39,5.0,1877079.0,0.0385,753879.0,0.0385,66636317.28,0.0385,0.0,2,1913176.5,51049.57,67917784.92,0,0,0,-1,Unclassified / General,0,unique,135775,0
ZOLMITRIPTAN,2021,2022,2021470.0,811870.0,71762187.84,35.5,88.39,5.0,1949274.0,0.037,782874.0,0.037,69199252.56,0.037,0.0,3,1985372.0,51050.28,70480720.2,0,0,0,-1,Unclassified / General,0,unique,135775,0
ZOLMITRIPTAN,2022,2023,2093665.0,840865.0,74325123.12,35.5,88.39,5.0,2021470.0,0.0357,811870.0,0.0357,71762187.84,0.0357,0.0,4,2057567.5,51049.57,73043655.48,0,0,0,-1,Unclassified / General,0,unique,135775,0
ZOLMITRIPTAN,2023,2024,2165860.0,869860.0,76888058.4,35.5,88.39,5.0,2093665.0,0.0345,840865.0,0.0345,74325123.12,0.0345,0.0,5,2129762.5,51049.57,75606590.76,0,0,0,-1,Unclassified / General,0,unique,135775,0
ELETRIPTAN,2018,2019,4012578.0,932578.0,118371051.0,29.5,126.93,3.0,4012578.0,0.0,932578.0,0.0,118371051.0,0.0,0.0,0,4012578.0,0.0,118371051.0,1,0,0,-1,Unclassified / General,0,unique,231049,0
ELETRIPTAN,2019,2020,4173081.0,969881.0,123105893.04,29.5,126.93,3.0,4012578.0,0.04,932578.0,0.04,118371051.0,0.04,0.0,1,4092829.5,113492.76,120738472.02,0,0,0,-1,Unclassified / General,0,unique,231049,0
ELETRIPTAN,2020,2021,4333584.0,1007184.0,127840735.08,29.5,126.93,3.0,4173081.0,0.0385,969881.0,0.0385,123105893.04,0.0385,0.0,2,4253332.5,113492.76,125473314.06,0,0,0,-1,Unclassified / General,0,unique,231049,0
ELETRIPTAN,2021,2022,4494087.0,1044487.0,132575577.12,29.5,126.93,3.0,4333584.0,0.037,1007184.0,0.037,127840735.08,0.037,0.0,3,4413835.5,113492.76,130208156.1,0,0,0,-1,Unclassified / General,0,unique,231049,0
ELETRIPTAN,2022,2023,4654590.0,1081790.0,137310419.16,29.5,126.93,3.0,4494087.0,0.0357,1044487.0,0.0357,132575577.12,0.0357,0.0,4,4574338.5,113492.76,134942998.14,0,0,0,-1,Unclassified / General,0,unique,231049,0
ELETRIPTAN,2023,2024,4815093.0,1119093.0,142045261.2,29.5,126.93,3.0,4654590.0,0.0345,1081790.0,0.0345,137310419.16,0.0345,0.0,5,4734841.5,113492.76,139677840.18,0,0,0,-1,Unclassified / General,0,unique,231049,0
FROVATRIPTAN,2018,2019,723414.0,643414.0,11212917.0,15.5,17.43,7.0,723414.0,0.0,643414.0,0.0,11212917.0,0.0,0.0,0,723414.0,0.0,11212917.0,1,0,0,-1,Neurology,0,unique,228783,0
FROVATRIPTAN,2019,2020,752350.0,669150.0,11661433.68,15.5,17.43,7.0,723414.0,0.04,643414.0,0.04,11212917.0,0.04,0.0,1,737882.0,20460.84,11437175.34,0,0,0,-1,Neurology,0,unique,228783,0
FROVATRIPTAN,2020,2021,781287.0,694887.0,12109950.36,15.5,17.43,7.0,752350.0,0.0385,669150.0,0.0385,11661433.68,0.0385,0.0,2,766818.5,20461.55,11885692.02,0,0,0,-1,Neurology,0,unique,228783,0
FROVATRIPTAN,2021,2022,810223.0,720623.0,12558467.04,15.5,17.43,7.0,781287.0,0.037,694887.0,0.037,12109950.36,0.037,0.0,3,795755.0,20460.84,12334208.7,0,0,0,-1,Neurology,0,unique,228783,0
FROVATRIPTAN,2022,2023,839160.0,746360.0,13006983.72,15.5,17.43,7.0,810223.0,0.0357,720623.0,0.0357,12558467.04,0.0357,0.0,4,824691.5,20461.55,12782725.38,0,0,0,-1,Neurology,0,unique,228783,0
FROVATRIPTAN,2023,2024,868096.0,772096.0,13455500.4,15.5,17.43,7.0,839160.0,0.0345,746360.0,0.0345,13006983.72,0.0345,0.0,5,853628.0,20460.84,13231242.06,0,0,0,-1,Neurology,0,unique,228783,0
ALMOTRIPTAN,2018,2019,3532592.0,452592.0,153667752.0,43.5,339.53,1.0,3532592.0,0.0,452592.0,0.0,153667752.0,0.0,0.0,0,3532592.0,0.0,153667752.0,1,0,0,-1,Unclassified / General,1,unique,279645,0
ALMOTRIPTAN,2019,2020,3673895.0,470695.0,159814462.08,43.5,339.53,1.0,3532592.0,0.04,452592.0,0.04,153667752.0,0.04,0.0,1,3603243.5,99916.31,156741107.04,0,0,0,-1,Unclassified / General,1,unique,279645,0
ALMOTRIPTAN,2020,2021,3815199.0,488799.0,165961172.16,43.5,339.53,1.0,3673895.0,0.0385,470695.0,0.0385,159814462.08,0.0385,0.0,2,3744547.0,99917.02,162887817.12,0,0,0,-1,Unclassified / General,1,unique,279645,0
ALMOTRIPTAN,2021,2022,3956503.0,506903.0,172107882.24,43.5,339.53,1.0,3815199.0,0.037,488799.0,0.037,165961172.16,0.037,0.0,3,3885851.0,99917.02,169034527.2,0,0,0,-1,Unclassified / General,1,unique,279645,0
ALMOTRIPTAN,2022,2023,4097806.0,525006.0,178254592.32,43.5,339.53,1.0,3956503.0,0.0357,506903.0,0.0357,172107882.24,0.0357,0.0,4,4027154.5,99916.31,175181237.28,0,0,0,-1,Unclassified / General,1,unique,279645,0
ALMOTRIPTAN,2023,2024,4239110.0,543110.0,184401302.4,43.5,339.53,1.0,4097806.0,0.0345,525006.0,0.0345,178254592.32,0.0345,0.0,5,4168458.0,99917.02,181327947.36,0,0,0,-1,Unclassified / General,1,unique,279645,0
UBROGEPANT,2018,2019,2694991.0,614991.0,114537117.5,42.5,186.24,8.0,2694991.0,0.0,614991.0,0.0,114537117.5,0.0,0.0,0,2694991.0,0.0,114537117.5,1,0,0,-1,Unclassified / General,0,unique,2268216,0
UBROGEPANT,2019,2020,2802790.0,639590.0,119118602.2,42.5,186.24,8.0,2694991.0,0.04,614991.0,0.04,114537117.5,0.04,0.0,1,2748890.5,76225.4,116827859.85,0,0,0,-1,Unclassified / General,0,unique,2268216,0
UBROGEPANT,2020,2021,2910590.0,664190.0,123700086.9,42.5,186.24,8.0,2802790.0,0.0385,639590.0,0.0385,119118602.2,0.0385,0.0,2,2856690.0,76226.11,121409344.55,0,0,0,-1,Unclassified / General,0,unique,2268216,0
UBROGEPANT,2021,2022,3018389.0,688789.0,128281571.6,42.5,186.24,8.0,2910590.0,0.037,664190.0,0.037,123700086.9,0.037,0.0,3,2964489.5,76225.4,125990829.25,0,0,0,-1,Unclassified / General,0,unique,2268216,0
UBROGEPANT,2022,2023,3126189.0,713389.0,132863056.3,42.5,186.24,8.0,3018389.0,0.0357,688789.0,0.0357,128281571.6,0.0357,0.0,4,3072289.0,76226.11,130572313.95,0,0,0,-1,Unclassified / General,0,unique,2268216,0
UBROGEPANT,2023,2024,3233989.0,737989.0,137444541.0,42.5,186.24,8.0,3126189.0,0.0345,713389.0,0.0345,132863056.3,0.0345,0.0,5,3180089.0,76226.11,135153798.65,0,0,0,-1,Unclassified / General,0,unique,2268216,0
RIMEGEPANT,2018,2019,3806113.0,726113.0,55188638.5,14.5,76.01,2.0,3806113.0,0.0,726113.0,0.0,55188638.5,0.0,0.0,0,3806113.0,0.0,55188638.5,1,0,0,-1,Unclassified / General,0,unique,2282307,0
RIMEGEPANT,2019,2020,3958357.0,755157.0,57396184.04,14.5,76.01,2.0,3806113.0,0.04,726113.0,0.04,55188638.5,0.04,0.0,1,3882235.0,107652.76,56292411.27,0,0,0,-1,Unclassified / General,0,unique,2282307,0
RIMEGEPANT,2020,2021,4110602.0,784202.0,59603729.58,14.5,76.01,2.0,3958357.0,0.0385,755157.0,0.0385,57396184.04,0.0385,0.0,2,4034479.5,107653.47,58499956.81,0,0,0,-1,Unclassified / General,0,unique,2282307,0
RIMEGEPANT,2021,2022,4262846.0,813246.0,61811275.12,14.5,76.01,2.0,4110602.0,0.037,784202.0,0.037,59603729.58,0.037,0.0,3,4186724.0,107652.76,60707502.35,0,0,0,-1,Unclassified / General,0,unique,2282307,0
RIMEGEPANT,2022,2023,4415091.0,842291.0,64018820.66,14.5,76.01,2.0,4262846.0,0.0357,813246.0,0.0357,61811275.12,0.0357,0.0,4,4338968.5,107653.47,62915047.89,0,0,0,-1,Unclassified / General,0,unique,2282307,0
RIMEGEPANT,2023,2024,4567335.0,871335.0,66226366.2,14.5,76.01,2.0,4415091.0,0.0345,842291.0,0.0345,64018820.66,0.0345,0.0,5,4491213.0,107652.76,65122593.43,0,0,0,-1,Unclassified / General,0,unique,2282307,0
FEBUXOSTAT,2018,2019,3835732.0,755732.0,128497022.0,33.5,170.03,5.0,3835732.0,0.0,755732.0,0.0,128497022.0,0.0,0.0,0,3835732.0,0.0,128497022.0,1,0,0,-1,Unclassified / General,0,unique,73689,0
FEBUXOSTAT,2019,2020,3989161.0,785961.0,133636902.88,33.5,170.03,5.0,3835732.0,0.04,755732.0,0.04,128497022.0,0.04,0.0,1,3912446.5,108490.69,131066962.44,0,0,0,-1,Unclassified / General,0,unique,73689,0
FEBUXOSTAT,2020,2021,4142590.0,816190.0,138776783.76,33.5,170.03,5.0,3989161.0,0.0385,785961.0,0.0385,133636902.88,0.0385,0.0,2,4065875.5,108490.69,136206843.32,0,0,0,-1,Unclassified / General,0,unique,73689,0
FEBUXOSTAT,2021,2022,4296019.0,846419.0,143916664.64,33.5,170.03,5.0,4142590.0,0.037,816190.0,0.037,138776783.76,0.037,0.0,3,4219304.5,108490.69,141346724.2,0,0,0,-1,Unclassified / General,0,unique,73689,0
FEBUXOSTAT,2022,2023,4449449.0,876649.0,149056545.52,33.5,170.03,5.0,4296019.0,0.0357,846419.0,0.0357,143916664.64,0.0357,0.0,4,4372734.0,108491.39,146486605.08,0,0,0,-1,Unclassified / General,0,unique,73689,0
FEBUXOSTAT,2023,2024,4602878.0,906878.0,154196426.4,33.5,170.03,5.0,4449449.0,0.0345,876649.0,0.0345,149056545.52,0.0345,0.0,5,4526163.5,108490.69,151626485.96,0,0,0,-1,Unclassified / General,0,unique,73689,0
PROBENECID,2018,2019,5060466.0,980466.0,88558155.0,17.5,90.32,3.0,5060466.0,0.0,980466.0,0.0,88558155.0,0.0,0.0,0,5060466.0,0.0,88558155.0,1,0,0,-1,Unclassified / General,0,unique,8698,0
PROBENECID,2019,2020,5262884.0,1019684.0,92100481.2,17.5,90.32,3.0,5060466.0,0.04,980466.0,0.04,88558155.0,0.04,0.0,1,5161675.0,143131.14,90329318.1,0,0,0,-1,Unclassified / General,0,unique,8698,0
PROBENECID,2020,2021,5465303.0,1058903.0,95642807.4,17.5,90.32,3.0,5262884.0,0.0385,1019684.0,0.0385,92100481.2,0.0385,0.0,2,5364093.5,143131.85,93871644.3,0,0,0,-1,Unclassified / General,0,unique,8698,0
PROBENECID,2021,2022,5667721.0,1098121.0,99185133.6,17.5,90.32,3.0,5465303.0,0.037,1058903.0,0.037,95642807.4,0.037,0.0,3,5566512.0,143131.14,97413970.5,0,0,0,-1,Unclassified / General,0,unique,8698,0
PROBENECID,2022,2023,5870140.0,1137340.0,102727459.8,17.5,90.32,3.0,5667721.0,0.0357,1098121.0,0.0357,99185133.6,0.0357,0.0,4,5768930.5,143131.85,100956296.7,0,0,0,-1,Unclassified / General,0,unique,8698,0
PROBENECID,2023,2024,6072559.0,1176559.0,106269786.0,17.5,90.32,3.0,5870140.0,0.0345,1137340.0,0.0345,102727459.8,0.0345,0.0,5,5971349.5,143131.85,104498622.9,0,0,0,-1,Unclassified / General,0,unique,8698,0
PEGLOTICASE,2018,2019,1136019.0,56019.0,23288389.5,20.5,415.72,4.0,1136019.0,0.0,56019.0,0.0,23288389.5,0.0,0.0,0,1136019.0,0.0,23288389.5,1,0,0,-1,Unclassified / General,0,unique,1011650,0
PEGLOTICASE,2019,2020,1181459.0,58259.0,24219925.08,20.5,415.73,4.0,1136019.0,0.04,56019.0,0.04,23288389.5,0.04,0.0,1,1158739.0,32130.93,23754157.29,0,0,0,-1,Unclassified / General,0,unique,1011650,0
PEGLOTICASE,2020,2021,1226900.0,60500.0,25151460.66,20.5,415.73,4.0,1181459.0,0.0385,58259.0,0.0385,24219925.08,0.0385,0.0,2,1204179.5,32131.64,24685692.87,0,0,0,-1,Unclassified / General,0,unique,1011650,0
PEGLOTICASE,2021,2022,1272341.0,62741.0,26082996.24,20.5,415.72,4.0,1226900.0,0.037,60500.0,0.037,25151460.66,0.037,0.0,3,1249620.5,32131.64,25617228.45,0,0,0,-1,Unclassified / General,0,unique,1011650,0
PEGLOTICASE,2022,2023,1317782.0,64982.0,27014531.82,20.5,415.72,4.0,1272341.0,0.0357,62741.0,0.0357,26082996.24,0.0357,0.0,4,1295061.5,32131.64,26548764.03,0,0,0,-1,Unclassified / General,0,unique,1011650,0
PEGLOTICASE,2023,2024,1363222.0,67222.0,27946067.4,20.5,415.73,4.0,1317782.0,0.0345,64982.0,0.0345,27014531.82,0.0345,0.0,5,1340502.0,32130.93,27480299.61,0,0,0,-1,Unclassified / General,0,unique,1011650,0
RASBURICASE,2018,2019,1197420.0,117420.0,25744530.0,21.5,219.25,5.0,1197420.0,0.0,117420.0,0.0,25744530.0,0.0,0.0,0,1197420.0,0.0,25744530.0,1,0,0,-1,Unclassified / General,0,unique,283821,0
RASBURICASE,2019,2020,1245316.0,122116.0,26774311.2,21.5,219.25,5.0,1197420.0,0.04,117420.0,0.04,25744530.0,0.04,0.0,1,1221368.0,33867.59,26259420.6,0,0,0,-1,Unclassified / General,0,unique,283821,0
RASBURICASE,2020,2021,1293213.0,126813.0,27804092.4,21.5,219.25,5.0,1245316.0,0.0385,122116.0,0.0385,26774311.2,0.0385,0.0,2,1269264.5,33868.29,27289201.8,0,0,0,-1,Unclassified / General,0,unique,283821,0
RASBURICASE,2021,2022,1341110.0,131510.0,28833873.6,21.5,219.25,5.0,1293213.0,0.037,126813.0,0.037,27804092.4,0.037,0.0,3,1317161.5,33868.29,28318983.0,0,0,0,-1,Unclassified / General,0,unique,283821,0
RASBURICASE,2022,2023,1389007.0,136207.0,29863654.8,21.5,219.25,5.0,1341110.0,0.0357,131510.0,0.0357,28833873.6,0.0357,0.0,4,1365058.5,33868.29,29348764.2,0,0,0,-1,Unclassified / General,0,unique,283821,0
RASBURICASE,2023,2024,1436904.0,140904.0,30893436.0,21.5,219.25,5.0,1389007.0,0.0345,136207.0,0.0345,29863654.8,0.0345,0.0,5,1412955.5,33868.29,30378545.4,0,0,0,-1,Unclassified / General,0,unique,283821,0
LEFLUNOMIDE,2018,2019,4457542.0,377542.0,193903077.0,43.5,513.59,7.0,4457542.0,0.0,377542.0,0.0,193903077.0,0.0,0.0,0,4457542.0,0.0,193903077.0,1,0,0,-1,Rheumatology,0,unique,27169,0
LEFLUNOMIDE,2019,2020,4635843.0,392643.0,201659200.08,43.5,513.59,7.0,4457542.0,0.04,377542.0,0.04,193903077.0,0.04,0.0,1,4546692.5,126077.85,197781138.54,0,0,0,-1,Rheumatology,0,unique,27169,0
LEFLUNOMIDE,2020,2021,4814145.0,407745.0,209415323.16,43.5,513.59,7.0,4635843.0,0.0385,392643.0,0.0385,201659200.08,0.0385,0.0,2,4724994.0,126078.55,205537261.62,0,0,0,-1,Rheumatology,0,unique,27169,0
LEFLUNOMIDE,2021,2022,4992447.0,422847.0,217171446.24,43.5,513.59,7.0,4814145.0,0.037,407745.0,0.037,209415323.16,0.037,0.0,3,4903296.0,126078.55,213293384.7,0,0,0,-1,Rheumatology,0,unique,27169,0
LEFLUNOMIDE,2022,2023,5170748.0,437948.0,224927569.32,43.5,513.59,7.0,4992447.0,0.0357,422847.0,0.0357,217171446.24,0.0357,0.0,4,5081597.5,126077.85,221049507.78,0,0,0,-1,Rheumatology,0,unique,27169,0
LEFLUNOMIDE,2023,2024,5349050.0,453050.0,232683692.4,43.5,513.59,7.0,5170748.0,0.0345,437948.0,0.0345,224927569.32,0.0345,0.0,5,5259899.0,126078.55,228805630.86,0,0,0,-1,Rheumatology,0,unique,27169,0
HEPARIN,2018,2019,4364248.0,284248.0,216030276.0,49.5,760.01,1.0,4364248.0,0.0,284248.0,0.0,216030276.0,0.0,0.0,0,4364248.0,0.0,216030276.0,1,8,1,1,Hematology,1,ambiguous,235473,0
HEPARIN,2019,2020,4538817.0,295617.0,224671487.04,49.5,760.01,1.0,4364248.0,0.04,284248.0,0.04,216030276.0,0.04,0.0,1,4451532.5,123438.92,220350881.52,0,8,1,2,Hematology,1,ambiguous,235473,0
HEPARIN,2020,2021,4713387.0,306987.0,233312698.08,49.5,760.01,1.0,4538817.0,0.0385,295617.0,0.0385,224671487.04,0.0385,0.0,2,4626102.0,123439.63,228992092.56,0,8,1,3,Hematology,1,ambiguous,235473,0
HEPARIN,2021,2022,4887957.0,318357.0,241953909.12,49.5,760.01,1.0,4713387.0,0.037,306987.0,0.037,233312698.08,0.037,0.0,3,4800672.0,123439.63,237633303.6,0,8,1,4,Hematology,1,ambiguous,235473,0
HEPARIN,2022,2023,5062527.0,329727.0,250595120.16,49.5,760.01,1.0,4887957.0,0.0357,318357.0,0.0357,241953909.12,0.0357,0.0,4,4975242.0,123439.63,246274514.64,0,8,1,5,Hematology,1,ambiguous,235473,0
HEPARIN,2023,2024,5237097.0,341097.0,259236331.2,49.5,760.01,1.0,5062527.0,0.0345,329727.0,0.0345,250595120.16,0.0345,0.0,5,5149812.0,123439.63,254915725.68,0,8,1,6,Hematology,1,ambiguous,235473,0
ENOXAPARIN,2018,2019,4876429.0,796429.0,148731084.5,30.5,186.75,6.0,4876429.0,0.0,796429.0,0.0,148731084.5,0.0,0.0,0,4876429.0,0.0,148731084.5,1,0,0,-1,Unclassified / General,0,unique,67108,0
ENOXAPARIN,2019,2020,5071486.0,828286.0,154680327.88,30.5,186.75,6.0,4876429.0,0.04,796429.0,0.04,148731084.5,0.04,0.0,1,4973957.5,137926.13,151705706.19,0,0,0,-1,Unclassified / General,0,unique,67108,0
ENOXAPARIN,2020,2021,5266543.0,860143.0,160629571.26,30.5,186.75,6.0,5071486.0,0.0385,828286.0,0.0385,154680327.88,0.0385,0.0,2,5169014.5,137926.13,157654949.57,0,0,0,-1,Unclassified / General,0,unique,67108,0
ENOXAPARIN,2021,2022,5461600.0,892000.0,166578814.64,30.5,186.75,6.0,5266543.0,0.037,860143.0,0.037,160629571.26,0.037,0.0,3,5364071.5,137926.13,163604192.95,0,0,0,-1,Unclassified / General,0,unique,67108,0
ENOXAPARIN,2022,2023,5656657.0,923857.0,172528058.02,30.5,186.75,6.0,5461600.0,0.0357,892000.0,0.0357,166578814.64,0.0357,0.0,4,5559128.5,137926.13,169553436.33,0,0,0,-1,Unclassified / General,0,unique,67108,0
ENOXAPARIN,2023,2024,5851714.0,955714.0,178477301.4,30.5,186.75,6.0,5656657.0,0.0345,923857.0,0.0345,172528058.02,0.0345,0.0,5,5754185.5,137926.13,175502679.71,0,0,0,-1,Unclassified / General,0,unique,67108,0
HYDROXYUREA,2018,2019,5038893.0,958893.0,224230738.5,44.5,233.84,6.0,5038893.0,0.0,958893.0,0.0,224230738.5,0.0,0.0,0,5038893.0,0.0,224230738.5,1,0,0,-1,Unclassified / General,0,unique,5552,0
HYDROXYUREA,2019,2020,5240448.0,997248.0,233199968.04,44.5,233.84,6.0,5038893.0,0.04,958893.0,0.04,224230738.5,0.04,0.0,1,5139670.5,142520.91,228715353.27,0,0,0,-1,Unclassified / General,0,unique,5552,0
HYDROXYUREA,2020,2021,5442004.0,1035604.0,242169197.58,44.5,233.84,6.0,5240448.0,0.0385,997248.0,0.0385,233199968.04,0.0385,0.0,2,5341226.0,142521.61,237684582.81,0,0,0,-1,Unclassified / General,0,unique,5552,0
HYDROXYUREA,2021,2022,5643560.0,1073960.0,251138427.12,44.5,233.84,6.0,5442004.0,0.037,1035604.0,0.037,242169197.58,0.037,0.0,3,5542782.0,142521.61,246653812.35,0,0,0,-1,Unclassified / General,0,unique,5552,0
HYDROXYUREA,2022,2023,5845115.0,1112315.0,260107656.66,44.5,233.84,6.0,5643560.0,0.0357,1073960.0,0.0357,251138427.12,0.0357,0.0,4,5744337.5,142520.91,255623041.89,0,0,0,-1,Unclassified / General,0,unique,5552,0
HYDROXYUREA,2023,2024,6046671.0,1150671.0,269076886.2,44.5,233.84,6.0,5845115.0,0.0345,1112315.0,0.0345,260107656.66,0.0345,0.0,5,5945893.0,142521.61,264592271.43,0,0,0,-1,Unclassified / General,0,unique,5552,0
METHOTREXATE,2018,2019,161663.0,81663.0,2344113.5,14.5,28.7,8.0,161663.0,0.0,81663.0,0.0,2344113.5,0.0,0.0,0,161663.0,0.0,2344113.5,1,0,0,-1,Rheumatology,0,unique,6851,0
METHOTREXATE,2019,2020,168129.0,84929.0,2437878.04,14.5,28.7,8.0,161663.0,0.04,81663.0,0.04,2344113.5,0.04,0.0,1,164896.0,4572.15,2390995.77,0,0,0,-1,Rheumatology,0,unique,6851,0
METHOTREXATE,2020,2021,174596.0,88196.0,2531642.58,14.5,28.7,8.0,168129.0,0.0385,84929.0,0.0385,2437878.04,0.0385,0.0,2,171362.5,4572.86,2484760.31,0,0,0,-1,Rheumatology,0,unique,6851,0
METHOTREXATE,2021,2022,181062.0,91462.0,2625407.12,14.5,28.7,8.0,174596.0,0.037,88196.0,0.037,2531642.58,0.037,0.0,3,177829.0,4572.15,2578524.85,0,0,0,-1,Rheumatology,0,unique,6851,0
METHOTREXATE,2022,2023,187529.0,94729.0,2719171.66,14.5,28.7,8.0,181062.0,0.0357,91462.0,0.0357,2625407.12,0.0357,0.0,4,184295.5,4572.86,2672289.39,0,0,0,-1,Rheumatology,0,unique,6851,1
METHOTREXATE,2023,2024,193995.0,97995.0,2812936.2,14.5,28.7,8.0,187529.0,0.0345,94729.0,0.0345,2719171.66,0.0345,0.0,5,190762.0,4572.15,2766053.93,0,14,1,0,Rheumatology,0,unique,6851,0
TACROLIMUS,2018,2019,1515514.0,435514.0,23490467.0,15.5,53.94,3.0,1515514.0,0.0,435514.0,0.0,23490467.0,0.0,0.0,0,1515514.0,0.0,23490467.0,1,0,0,-1,Unclassified / General,0,unique,42316,0
TACROLIMUS,2019,2020,1576134.0,452934.0,24430085.68,15.5,53.94,3.0,1515514.0,0.04,435514.0,0.04,23490467.0,0.04,0.0,1,1545824.0,42864.81,23960276.34,0,0,0,-1,Unclassified / General,0,unique,42316,0
TACROLIMUS,2020,2021,1636755.0,470355.0,25369704.36,15.5,53.94,3.0,1576134.0,0.0385,452934.0,0.0385,24430085.68,0.0385,0.0,2,1606444.5,42865.52,24899895.02,0,0,0,-1,Unclassified / General,0,unique,42316,0
TACROLIMUS,2021,2022,1697375.0,487775.0,26309323.04,15.5,53.94,3.0,1636755.0,0.037,470355.0,0.037,25369704.36,0.037,0.0,3,1667065.0,42864.81,25839513.7,0,0,0,-1,Unclassified / General,0,unique,42316,0
TACROLIMUS,2022,2023,1757996.0,505196.0,27248941.72,15.5,53.94,3.0,1697375.0,0.0357,487775.0,0.0357,26309323.04,0.0357,0.0,4,1727685.5,42865.52,26779132.38,0,0,0,-1,Unclassified / General,0,unique,42316,0
TACROLIMUS,2023,2024,1818616.0,522616.0,28188560.4,15.5,53.94,3.0,1757996.0,0.0345,505196.0,0.0345,27248941.72,0.0345,0.0,5,1788306.0,42864.81,27718751.06,0,0,0,-1,Unclassified / General,0,unique,42316,0
CYCLOSPORINE,2018,2019,3872816.0,792816.0,67774280.0,17.5,85.49,1.0,3872816.0,0.0,792816.0,0.0,67774280.0,0.0,0.0,0,3872816.0,0.0,67774280.0,1,0,0,-1,Unclassified / General,1,unique,3008,0
CYCLOSPORINE,2019,2020,4027728.0,824528.0,70485251.2,17.5,85.49,1.0,3872816.0,0.04,792816.0,0.04,67774280.0,0.04,0.0,1,3950272.0,109539.33,69129765.6,0,0,0,-1,Unclassified / General,1,unique,3008,0
CYCLOSPORINE,2020,2021,4182641.0,856241.0,73196222.4,17.5,85.49,1.0,4027728.0,0.0385,824528.0,0.0385,70485251.2,0.0385,0.0,2,4105184.5,109540.03,71840736.8,0,0,0,-1,Unclassified / General,1,unique,3008,0
CYCLOSPORINE,2021,2022,4337553.0,887953.0,75907193.6,17.5,85.49,1.0,4182641.0,0.037,856241.0,0.037,73196222.4,0.037,0.0,3,4260097.0,109539.33,74551708.0,0,0,0,-1,Unclassified / General,1,unique,3008,0
CYCLOSPORINE,2022,2023,4492466.0,919666.0,78618164.8,17.5,85.49,1.0,4337553.0,0.0357,887953.0,0.0357,75907193.6,0.0357,0.0,4,4415009.5,109540.03,77262679.2,0,0,0,-1,Unclassified / General,1,unique,3008,0
CYCLOSPORINE,2023,2024,4647379.0,951379.0,81329136.0,17.5,85.49,1.0,4492466.0,0.0345,919666.0,0.0345,78618164.8,0.0345,0.0,5,4569922.5,109540.03,79973650.4,0,0,0,-1,Unclassified / General,1,unique,3008,0
TAMOXIFEN,2018,2019,4393812.0,313812.0,59316462.0,13.5,189.02,5.0,4393812.0,0.0,313812.0,0.0,59316462.0,0.0,0.0,0,4393812.0,0.0,59316462.0,1,0,0,-1,Unclassified / General,0,unique,10324,0
TAMOXIFEN,2019,2020,4569564.0,326364.0,61689120.48,13.5,189.02,5.0,4393812.0,0.04,313812.0,0.04,59316462.0,0.04,0.0,1,4481688.0,124275.43,60502791.24,0,0,0,-1,Unclassified / General,0,unique,10324,0
TAMOXIFEN,2020,2021,4745316.0,338916.0,64061778.96,13.5,189.02,5.0,4569564.0,0.0385,326364.0,0.0385,61689120.48,0.0385,0.0,2,4657440.0,124275.43,62875449.72,0,0,0,-1,Unclassified / General,0,unique,10324,0
TAMOXIFEN,2021,2022,4921069.0,351469.0,66434437.44,13.5,189.02,5.0,4745316.0,0.037,338916.0,0.037,64061778.96,0.037,0.0,3,4833192.5,124276.14,65248108.2,0,0,0,-1,Unclassified / General,0,unique,10324,0
TAMOXIFEN,2022,2023,5096821.0,364021.0,68807095.92,13.5,189.02,5.0,4921069.0,0.0357,351469.0,0.0357,66434437.44,0.0357,0.0,4,5008945.0,124275.43,67620766.68,0,0,0,-1,Unclassified / General,0,unique,10324,0
TAMOXIFEN,2023,2024,5272574.0,376574.0,71179754.4,13.5,189.02,5.0,5096821.0,0.0345,364021.0,0.0345,68807095.92,0.0345,0.0,5,5184697.5,124276.14,69993425.16,0,0,0,-1,Unclassified / General,0,unique,10324,0
ANASTROZOLE,2018,2019,506062.0,426062.0,6831837.0,13.5,16.03,7.0,506062.0,0.0,426062.0,0.0,6831837.0,0.0,0.0,0,506062.0,0.0,6831837.0,1,0,0,-1,Unclassified / General,0,unique,84857,0
ANASTROZOLE,2019,2020,526304.0,443104.0,7105110.48,13.5,16.03,7.0,506062.0,0.04,426062.0,0.04,6831837.0,0.04,0.0,1,516183.0,14313.26,6968473.74,0,0,0,-1,Unclassified / General,0,unique,84857,0
ANASTROZOLE,2020,2021,546546.0,460146.0,7378383.96,13.5,16.03,7.0,526304.0,0.0385,443104.0,0.0385,7105110.48,0.0385,0.0,2,536425.0,14313.26,7241747.22,0,0,0,-1,Unclassified / General,0,unique,84857,0
ANASTROZOLE,2021,2022,566789.0,477189.0,7651657.44,13.5,16.03,7.0,546546.0,0.037,460146.0,0.037,7378383.96,0.037,0.0,3,556667.5,14313.96,7515020.7,0,0,0,-1,Unclassified / General,0,unique,84857,0
ANASTROZOLE,2022,2023,587031.0,494231.0,7924930.92,13.5,16.03,7.0,566789.0,0.0357,477189.0,0.0357,7651657.44,0.0357,0.0,4,576910.0,14313.26,7788294.18,0,0,0,-1,Unclassified / General,0,unique,84857,0
ANASTROZOLE,2023,2024,607274.0,511274.0,8198204.4,13.5,16.03,7.0,587031.0,0.0345,494231.0,0.0345,7924930.92,0.0345,0.0,5,597152.5,14313.96,8061567.66,0,0,0,-1,Unclassified / General,0,unique,84857,0
LETROZOLE,2018,2019,2141830.0,61830.0,67467645.0,31.5,1091.18,7.0,2141830.0,0.0,61830.0,0.0,67467645.0,0.0,0.0,0,2141830.0,0.0,67467645.0,1,0,0,-1,Unclassified / General,0,unique,72965,0
LETROZOLE,2019,2020,2227503.0,64303.0,70166350.8,31.5,1091.18,7.0,2141830.0,0.04,61830.0,0.04,67467645.0,0.04,0.0,1,2184666.5,60579.96,68816997.9,0,0,0,-1,Unclassified / General,0,unique,72965,0
LETROZOLE,2020,2021,2313176.0,66776.0,72865056.6,31.5,1091.19,7.0,2227503.0,0.0385,64303.0,0.0385,70166350.8,0.0385,0.0,2,2270339.5,60579.96,71515703.7,0,0,0,-1,Unclassified / General,0,unique,72965,0
LETROZOLE,2021,2022,2398849.0,69249.0,75563762.4,31.5,1091.19,7.0,2313176.0,0.037,66776.0,0.037,72865056.6,0.037,0.0,3,2356012.5,60579.96,74214409.5,0,0,0,-1,Unclassified / General,0,unique,72965,0
LETROZOLE,2022,2023,2484522.0,71722.0,78262468.2,31.5,1091.19,7.0,2398849.0,0.0357,69249.0,0.0357,75563762.4,0.0357,0.0,4,2441685.5,60579.96,76913115.3,0,0,0,-1,Unclassified / General,0,unique,72965,0
LETROZOLE,2023,2024,2570196.0,74196.0,80961174.0,31.5,1091.18,7.0,2484522.0,0.0345,71722.0,0.0345,78262468.2,0.0345,0.0,5,2527359.0,60580.67,79611821.1,0,0,0,-1,Unclassified / General,0,unique,72965,0
BICALUTAMIDE,2018,2019,652979.0,572979.0,19915859.5,30.5,34.76,4.0,652979.0,0.0,572979.0,0.0,19915859.5,0.0,0.0,0,652979.0,0.0,19915859.5,1,0,0,-1,Unclassified / General,0,unique,83008,0
BICALUTAMIDE,2019,2020,679098.0,595898.0,20712493.88,30.5,34.76,4.0,652979.0,0.04,572979.0,0.04,19915859.5,0.04,0.0,1,666038.5,18468.92,20314176.69,0,0,0,-1,Unclassified / General,0,unique,83008,0
BICALUTAMIDE,2020,2021,705217.0,618817.0,21509128.26,30.5,34.76,4.0,679098.0,0.0385,595898.0,0.0385,20712493.88,0.0385,0.0,2,692157.5,18468.92,21110811.07,0,0,0,-1,Unclassified / General,0,unique,83008,0
BICALUTAMIDE,2021,2022,731336.0,641736.0,22305762.64,30.5,34.76,4.0,705217.0,0.037,618817.0,0.037,21509128.26,0.037,0.0,3,718276.5,18468.92,21907445.45,0,0,0,-1,Unclassified / General,0,unique,83008,0
BICALUTAMIDE,2022,2023,757455.0,664655.0,23102397.02,30.5,34.76,4.0,731336.0,0.0357,641736.0,0.0357,22305762.64,0.0357,0.0,4,744395.5,18468.92,22704079.83,0,0,0,-1,Unclassified / General,0,unique,83008,0
BICALUTAMIDE,2023,2024,783574.0,687574.0,23899031.4,30.5,34.76,4.0,757455.0,0.0345,664655.0,0.0345,23102397.02,0.0345,0.0,5,770514.5,18468.92,23500714.21,0,0,0,-1,Unclassified / General,0,unique,83008,0
CYCLOPHOSPHAMIDE,2018,2019,3337749.0,257749.0,168556324.5,50.5,653.96,6.0,3337749.0,0.0,257749.0,0.0,168556324.5,0.0,0.0,0,3337749.0,0.0,168556324.5,1,0,0,-1,Unclassified / General,0,unique,3002,0
CYCLOPHOSPHAMIDE,2019,2020,3471258.0,268058.0,175298577.48,50.5,653.96,6.0,3337749.0,0.04,257749.0,0.04,168556324.5,0.04,0.0,1,3404503.5,94405.12,171927450.99,0,0,0,-1,Unclassified / General,0,unique,3002,0
CYCLOPHOSPHAMIDE,2020,2021,3604768.0,278368.0,182040830.46,50.5,653.96,6.0,3471258.0,0.0385,268058.0,0.0385,175298577.48,0.0385,0.0,2,3538013.0,94405.83,178669703.97,0,0,0,-1,Unclassified / General,0,unique,3002,0
CYCLOPHOSPHAMIDE,2021,2022,3738278.0,288678.0,188783083.44,50.5,653.96,6.0,3604768.0,0.037,278368.0,0.037,182040830.46,0.037,0.0,3,3671523.0,94405.83,185411956.95,0,0,0,-1,Unclassified / General,0,unique,3002,0
CYCLOPHOSPHAMIDE,2022,2023,3871788.0,298988.0,195525336.42,50.5,653.96,6.0,3738278.0,0.0357,288678.0,0.0357,188783083.44,0.0357,0.0,4,3805033.0,94405.83,192154209.93,0,0,0,-1,Unclassified / General,0,unique,3002,0
CYCLOPHOSPHAMIDE,2023,2024,4005298.0,309298.0,202267589.4,50.5,653.96,6.0,3871788.0,0.0345,298988.0,0.0345,195525336.42,0.0345,0.0,5,3938543.0,94405.83,198896462.91,0,0,0,-1,Unclassified / General,0,unique,3002,0
FLUOROURACIL,2018,2019,1943914.0,863914.0,30130667.0,15.5,34.88,3.0,1943914.0,0.0,863914.0,0.0,30130667.0,0.0,0.0,0,1943914.0,0.0,30130667.0,1,0,0,-1,Unclassified / General,0,unique,4492,0
FLUOROURACIL,2019,2020,2021670.0,898470.0,31335893.68,15.5,34.88,3.0,1943914.0,0.04,863914.0,0.04,30130667.0,0.04,0.0,1,1982792.0,54981.79,30733280.34,0,0,0,-1,Unclassified / General,0,unique,4492,0
FLUOROURACIL,2020,2021,2099427.0,933027.0,32541120.36,15.5,34.88,3.0,2021670.0,0.0385,898470.0,0.0385,31335893.68,0.0385,0.0,2,2060548.5,54982.5,31938507.02,0,0,0,-1,Unclassified / General,0,unique,4492,0
FLUOROURACIL,2021,2022,2177183.0,967583.0,33746347.04,15.5,34.88,3.0,2099427.0,0.037,933027.0,0.037,32541120.36,0.037,0.0,3,2138305.0,54981.79,33143733.7,0,0,0,-1,Unclassified / General,0,unique,4492,0
FLUOROURACIL,2022,2023,2254940.0,1002140.0,34951573.72,15.5,34.88,3.0,2177183.0,0.0357,967583.0,0.0357,33746347.04,0.0357,0.0,4,2216061.5,54982.5,34348960.38,0,0,0,-1,Unclassified / General,0,unique,4492,0
FLUOROURACIL,2023,2024,2332696.0,1036696.0,36156800.4,15.5,34.88,3.0,2254940.0,0.0345,1002140.0,0.0345,34951573.72,0.0345,0.0,5,2293818.0,54981.79,35554187.06,0,0,0,-1,Unclassified / General,0,unique,4492,0
DOXORUBICIN,2018,2019,1049118.0,969118.0,20457801.0,19.5,21.11,7.0,1049118.0,0.0,969118.0,0.0,20457801.0,0.0,0.0,0,1049118.0,0.0,20457801.0,1,0,0,-1,Unclassified / General,0,unique,3639,0
DOXORUBICIN,2019,2020,1091082.0,1007882.0,21276113.04,19.5,21.11,7.0,1049118.0,0.04,969118.0,0.04,20457801.0,0.04,0.0,1,1070100.0,29673.03,20866957.02,0,0,0,-1,Unclassified / General,0,unique,3639,0
DOXORUBICIN,2020,2021,1133047.0,1046647.0,22094425.08,19.5,21.11,7.0,1091082.0,0.0385,1007882.0,0.0385,21276113.04,0.0385,0.0,2,1112064.5,29673.74,21685269.06,0,0,0,-1,Unclassified / General,0,unique,3639,0
DOXORUBICIN,2021,2022,1175012.0,1085412.0,22912737.12,19.5,21.11,7.0,1133047.0,0.037,1046647.0,0.037,22094425.08,0.037,0.0,3,1154029.5,29673.74,22503581.1,0,0,0,-1,Unclassified / General,0,unique,3639,0
DOXORUBICIN,2022,2023,1216976.0,1124176.0,23731049.16,19.5,21.11,7.0,1175012.0,0.0357,1085412.0,0.0357,22912737.12,0.0357,0.0,4,1195994.0,29673.03,23321893.14,0,0,0,-1,Unclassified / General,0,unique,3639,0
DOXORUBICIN,2023,2024,1258941.0,1162941.0,24549361.2,19.5,21.11,7.0,1216976.0,0.0345,1124176.0,0.0345,23731049.16,0.0345,0.0,5,1237958.5,29673.74,24140205.18,0,0,0,-1,Unclassified / General,0,unique,3639,0
CISPLATIN,2018,2019,4495469.0,415469.0,92157114.5,20.5,221.81,6.0,4495469.0,0.0,415469.0,0.0,92157114.5,0.0,0.0,0,4495469.0,0.0,92157114.5,1,0,0,-1,Unclassified / General,0,unique,2555,0
CISPLATIN,2019,2020,4675287.0,432087.0,95843399.08,20.5,221.82,6.0,4495469.0,0.04,415469.0,0.04,92157114.5,0.04,0.0,1,4585378.0,127150.53,94000256.79,0,0,0,-1,Unclassified / General,0,unique,2555,0
CISPLATIN,2020,2021,4855106.0,448706.0,99529683.66,20.5,221.81,6.0,4675287.0,0.0385,432087.0,0.0385,95843399.08,0.0385,0.0,2,4765196.5,127151.23,97686541.37,0,0,0,-1,Unclassified / General,0,unique,2555,0
CISPLATIN,2021,2022,5034925.0,465325.0,103215968.24,20.5,221.81,6.0,4855106.0,0.037,448706.0,0.037,99529683.66,0.037,0.0,3,4945015.5,127151.23,101372825.95,0,0,0,-1,Unclassified / General,0,unique,2555,0
CISPLATIN,2022,2023,5214744.0,481944.0,106902252.82,20.5,221.81,6.0,5034925.0,0.0357,465325.0,0.0357,103215968.24,0.0357,0.0,4,5124834.5,127151.23,105059110.53,0,0,0,-1,Unclassified / General,0,unique,2555,0
CISPLATIN,2023,2024,5394562.0,498562.0,110588537.4,20.5,221.82,6.0,5214744.0,0.0345,481944.0,0.0345,106902252.82,0.0345,0.0,5,5304653.0,127150.53,108745395.11,0,0,0,-1,Unclassified / General,0,unique,2555,0
CARBOPLATIN,2018,2019,2235058.0,155058.0,21233051.0,9.5,136.94,3.0,2235058.0,0.0,155058.0,0.0,21233051.0,0.0,0.0,0,2235058.0,0.0,21233051.0,1,0,0,-1,Oncology,0,unique,40048,0
CARBOPLATIN,2019,2020,2324460.0,161260.0,22082373.04,9.5,136.94,3.0,2235058.0,0.04,155058.0,0.04,21233051.0,0.04,0.0,1,2279759.0,63216.76,21657712.02,0,0,0,-1,Oncology,0,unique,40048,0
CARBOPLATIN,2020,2021,2413862.0,167462.0,22931695.08,9.5,136.94,3.0,2324460.0,0.0385,161260.0,0.0385,22082373.04,0.0385,0.0,2,2369161.0,63216.76,22507034.06,0,0,0,-1,Oncology,0,unique,40048,0
CARBOPLATIN,2021,2022,2503264.0,173664.0,23781017.12,9.5,136.94,3.0,2413862.0,0.037,167462.0,0.037,22931695.08,0.037,0.0,3,2458563.0,63216.76,23356356.1,0,0,0,-1,Oncology,0,unique,40048,0
CARBOPLATIN,2022,2023,2592667.0,179867.0,24630339.16,9.5,136.94,3.0,2503264.0,0.0357,173664.0,0.0357,23781017.12,0.0357,0.0,4,2547965.5,63217.47,24205678.14,0,0,0,-1,Oncology,0,unique,40048,1
CARBOPLATIN,2023,2024,2682069.0,186069.0,25479661.2,9.5,136.94,3.0,2592667.0,0.0345,179867.0,0.0345,24630339.16,0.0345,0.0,5,2637368.0,63216.76,25055000.18,0,29,1,0,Oncology,0,unique,40048,0
PACLITAXEL,2018,2019,3532703.0,452703.0,15897163.5,4.5,35.12,8.0,3532703.0,0.0,452703.0,0.0,15897163.5,0.0,0.0,0,3532703.0,0.0,15897163.5,1,0,0,-1,Unclassified / General,0,unmapped,,0
PACLITAXEL,2019,2020,3674011.0,470811.0,16533050.04,4.5,35.12,8.0,3532703.0,0.04,452703.0,0.04,15897163.5,0.04,0.0,1,3603357.0,99919.85,16215106.77,0,0,0,-1,Unclassified / General,0,unmapped,,0
PACLITAXEL,2020,2021,3815319.0,488919.0,17168936.58,4.5,35.12,8.0,3674011.0,0.0385,470811.0,0.0385,16533050.04,0.0385,0.0,2,3744665.0,99919.85,16850993.31,0,0,0,-1,Unclassified / General,0,unmapped,,0
PACLITAXEL,2021,2022,3956627.0,507027.0,17804823.12,4.5,35.12,8.0,3815319.0,0.037,488919.0,0.037,17168936.58,0.037,0.0,3,3885973.0,99919.85,17486879.85,0,0,0,-1,Unclassified / General,0,unmapped,,0
PACLITAXEL,2022,2023,4097935.0,525135.0,18440709.66,4.5,35.12,8.0,3956627.0,0.0357,507027.0,0.0357,17804823.12,0.0357,0.0,4,4027281.0,99919.85,18122766.39,0,0,0,-1,Unclassified / General,0,unmapped,,0
PACLITAXEL,2023,2024,4239243.0,543243.0,19076596.2,4.5,35.12,8.0,4097935.0,0.0345,525135.0,0.0345,18440709.66,0.0345,0.0,5,4168589.0,99919.85,18758652.93,0,0,0,-1,Unclassified / General,0,unmapped,,0
DOCETAXEL,2018,2019,241905.0,161905.0,1572382.5,6.5,9.71,2.0,241905.0,0.0,161905.0,0.0,1572382.5,0.0,0.0,0,241905.0,0.0,1572382.5,1,0,0,-1,Oncology,0,unique,72962,0
DOCETAXEL,2019,2020,251581.0,168381.0,1635277.8,6.5,9.71,2.0,241905.0,0.04,161905.0,0.04,1572382.5,0.04,0.0,1,246743.0,6841.97,1603830.15,0,0,0,-1,Oncology,0,unique,72962,0
DOCETAXEL,2020,2021,261257.0,174857.0,1698173.1,6.5,9.71,2.0,251581.0,0.0385,168381.0,0.0385,1635277.8,0.0385,0.0,2,256419.0,6841.97,1666725.45,0,0,0,-1,Oncology,0,unique,72962,0
DOCETAXEL,2021,2022,270933.0,181333.0,1761068.4,6.5,9.71,2.0,261257.0,0.037,174857.0,0.037,1698173.1,0.037,0.0,3,266095.0,6841.97,1729620.75,0,0,0,-1,Oncology,0,unique,72962,0
DOCETAXEL,2022,2023,280609.0,187809.0,1823963.7,6.5,9.71,2.0,270933.0,0.0357,181333.0,0.0357,1761068.4,0.0357,0.0,4,275771.0,6841.97,1792516.05,0,0,0,-1,Oncology,0,unique,72962,0
DOCETAXEL,2023,2024,290286.0,194286.0,1886859.0,6.5,9.71,2.0,280609.0,0.0345,187809.0,0.0345,1823963.7,0.0345,0.0,5,285447.5,6842.67,1855411.35,0,0,0,-1,Oncology,0,unique,72962,0
GEMCITABINE,2018,2019,3397850.0,317850.0,5096775.0,1.5,16.04,3.0,3397850.0,0.0,317850.0,0.0,5096775.0,0.0,0.0,0,3397850.0,0.0,5096775.0,1,0,0,-1,Unclassified / General,0,unmapped,,0
GEMCITABINE,2019,2020,3533764.0,330564.0,5300646.0,1.5,16.04,3.0,3397850.0,0.04,317850.0,0.04,5096775.0,0.04,0.0,1,3465807.0,96105.71,5198710.5,0,0,0,-1,Unclassified / General,0,unmapped,,0
GEMCITABINE,2020,2021,3669678.0,343278.0,5504517.0,1.5,16.04,3.0,3533764.0,0.0385,330564.0,0.0385,5300646.0,0.0385,0.0,2,3601721.0,96105.71,5402581.5,0,0,0,-1,Unclassified / General,0,unmapped,,0
GEMCITABINE,2021,2022,3805592.0,355992.0,5708388.0,1.5,16.04,3.0,3669678.0,0.037,343278.0,0.037,5504517.0,0.037,0.0,3,3737635.0,96105.71,5606452.5,0,0,0,-1,Unclassified / General,0,unmapped,,0
GEMCITABINE,2022,2023,3941505.0,368706.0,5912259.0,1.5,16.04,3.0,3805592.0,0.0357,355992.0,0.0357,5708388.0,0.0357,0.0,4,3873548.5,96105.0,5810323.5,0,0,0,-1,Unclassified / General,0,unmapped,,0
GEMCITABINE,2023,2024,4077420.0,381420.0,6116130.0,1.5,16.04,3.0,3941505.0,0.0345,368706.0,0.0345,5912259.0,0.0345,0.0,5,4009462.5,96106.42,6014194.5,0,0,0,-1,Unclassified / General,0,unmapped,,0
IMATINIB,2018,2019,228438.0,148438.0,9023301.0,39.5,60.79,7.0,228438.0,0.0,148438.0,0.0,9023301.0,0.0,0.0,0,228438.0,0.0,9023301.0,1,0,0,-1,Unclassified / General,0,unique,282388,0
IMATINIB,2019,2020,237575.0,154375.0,9384233.04,39.5,60.79,7.0,228438.0,0.04,148438.0,0.04,9023301.0,0.04,0.0,1,233006.5,6460.83,9203767.02,0,0,0,-1,Unclassified / General,0,unique,282388,0
IMATINIB,2020,2021,246713.0,160313.0,9745165.08,39.5,60.79,7.0,237575.0,0.0385,154375.0,0.0385,9384233.04,0.0385,0.0,2,242144.0,6461.54,9564699.06,0,0,0,-1,Unclassified / General,0,unique,282388,0
IMATINIB,2021,2022,255850.0,166250.0,10106097.12,39.5,60.79,7.0,246713.0,0.037,160313.0,0.037,9745165.08,0.037,0.0,3,251281.5,6460.83,9925631.1,0,0,0,-1,Unclassified / General,0,unique,282388,0
IMATINIB,2022,2023,264988.0,172188.0,10467029.16,39.5,60.79,7.0,255850.0,0.0357,166250.0,0.0357,10106097.12,0.0357,0.0,4,260419.0,6461.54,10286563.14,0,0,0,-1,Unclassified / General,0,unique,282388,0
IMATINIB,2023,2024,274125.0,178125.0,10827961.2,39.5,60.79,7.0,264988.0,0.0345,172188.0,0.0345,10467029.16,0.0345,0.0,5,269556.5,6460.83,10647495.18,0,0,0,-1,Unclassified / General,0,unique,282388,0
LENALIDOMIDE,2018,2019,4919921.0,839921.0,110698222.5,22.5,131.8,2.0,4919921.0,0.0,839921.0,0.0,110698222.5,0.0,0.0,0,4919921.0,0.0,110698222.5,1,0,0,-1,Unclassified / General,0,unique,342369,0
LENALIDOMIDE,2019,2020,5116717.0,873517.0,115126151.4,22.5,131.8,2.0,4919921.0,0.04,839921.0,0.04,110698222.5,0.04,0.0,1,5018319.0,139155.79,112912186.95,0,0,0,-1,Unclassified / General,0,unique,342369,0
LENALIDOMIDE,2020,2021,5313514.0,907114.0,119554080.3,22.5,131.8,2.0,5116717.0,0.0385,873517.0,0.0385,115126151.4,0.0385,0.0,2,5215115.5,139156.49,117340115.85,0,0,0,-1,Unclassified / General,0,unique,342369,0
LENALIDOMIDE,2021,2022,5510311.0,940711.0,123982009.2,22.5,131.8,2.0,5313514.0,0.037,907114.0,0.037,119554080.3,0.037,0.0,3,5411912.5,139156.49,121768044.75,0,0,0,-1,Unclassified / General,0,unique,342369,0
LENALIDOMIDE,2022,2023,5707108.0,974308.0,128409938.1,22.5,131.8,2.0,5510311.0,0.0357,940711.0,0.0357,123982009.2,0.0357,0.0,4,5608709.5,139156.49,126195973.65,0,0,0,-1,Unclassified / General,0,unique,342369,0
LENALIDOMIDE,2023,2024,5903905.0,1007905.0,132837867.0,22.5,131.8,2.0,5707108.0,0.0345,974308.0,0.0345,128409938.1,0.0345,0.0,5,5805506.5,139156.49,130623902.55,0,0,0,-1,Unclassified / General,0,unique,342369,0
RITUXIMAB,2018,2019,3649645.0,569645.0,169708492.5,46.5,297.92,6.0,3649645.0,0.0,569645.0,0.0,169708492.5,0.0,0.0,0,3649645.0,0.0,169708492.5,1,0,0,-1,Unclassified / General,0,unique,121191,0
RITUXIMAB,2019,2020,3795630.0,592430.0,176496832.2,46.5,297.92,6.0,3649645.0,0.04,569645.0,0.04,169708492.5,0.04,0.0,1,3722637.5,103226.98,173102662.35,0,0,0,-1,Unclassified / General,0,unique,121191,0
RITUXIMAB,2020,2021,3941616.0,615216.0,183285171.9,46.5,297.92,6.0,3795630.0,0.0385,592430.0,0.0385,176496832.2,0.0385,0.0,2,3868623.0,103227.69,179891002.05,0,0,0,-1,Unclassified / General,0,unique,121191,0
RITUXIMAB,2021,2022,4087602.0,638002.0,190073511.6,46.5,297.92,6.0,3941616.0,0.037,615216.0,0.037,183285171.9,0.037,0.0,3,4014609.0,103227.69,186679341.75,0,0,0,-1,Unclassified / General,0,unique,121191,0
RITUXIMAB,2022,2023,4233588.0,660788.0,196861851.3,46.5,297.92,6.0,4087602.0,0.0357,638002.0,0.0357,190073511.6,0.0357,0.0,4,4160595.0,103227.69,193467681.45,0,0,0,-1,Unclassified / General,0,unique,121191,0
RITUXIMAB,2023,2024,4379574.0,683574.0,203650191.0,46.5,297.92,6.0,4233588.0,0.0345,660788.0,0.0345,196861851.3,0.0345,0.0,5,4306581.0,103227.69,200256021.15,0,0,0,-1,Unclassified / General,0,unique,121191,0
FILGRASTIM,2018,2019,1365959.0,285959.0,14342569.5,10.5,50.16,8.0,1365959.0,0.0,285959.0,0.0,14342569.5,0.0,0.0,0,1365959.0,0.0,14342569.5,1,0,0,-1,Unclassified / General,0,unique,68442,0
FILGRASTIM,2019,2020,1420597.0,297397.0,14916272.28,10.5,50.16,8.0,1365959.0,0.04,285959.0,0.04,14342569.5,0.04,0.0,1,1393278.0,38634.9,14629420.89,0,0,0,-1,Unclassified / General,0,unique,68442,0
FILGRASTIM,2020,2021,1475235.0,308835.0,15489975.06,10.5,50.16,8.0,1420597.0,0.0385,297397.0,0.0385,14916272.28,0.0385,0.0,2,1447916.0,38634.9,15203123.67,0,0,0,-1,Unclassified / General,0,unique,68442,0
FILGRASTIM,2021,2022,1529874.0,320274.0,16063677.84,10.5,50.16,8.0,1475235.0,0.037,308835.0,0.037,15489975.06,0.037,0.0,3,1502554.5,38635.61,15776826.45,0,0,0,-1,Unclassified / General,0,unique,68442,0
FILGRASTIM,2022,2023,1584512.0,331712.0,16637380.62,10.5,50.16,8.0,1529874.0,0.0357,320274.0,0.0357,16063677.84,0.0357,0.0,4,1557193.0,38634.9,16350529.23,0,0,0,-1,Unclassified / General,0,unique,68442,0
FILGRASTIM,2023,2024,1639150.0,343150.0,17211083.4,10.5,50.16,8.0,1584512.0,0.0345,331712.0,0.0345,16637380.62,0.0345,0.0,5,1611831.0,38634.9,16924232.01,0,0,0,-1,Unclassified / General,0,unique,68442,0
DALTEPARIN,2018,2019,224173.0,144173.0,5492238.5,24.5,38.09,6.0,224173.0,0.0,144173.0,0.0,5492238.5,0.0,0.0,0,224173.0,0.0,5492238.5,1,0,0,-1,Unclassified / General,0,unique,67109,0
DALTEPARIN,2019,2020,233139.0,149939.0,5711928.04,24.5,38.1,6.0,224173.0,0.04,144173.0,0.04,5492238.5,0.04,0.0,1,228656.0,6339.92,5602083.27,0,0,0,-1,Unclassified / General,0,unique,67109,0
DALTEPARIN,2020,2021,242106.0,155706.0,5931617.58,24.5,38.09,6.0,233139.0,0.0385,149939.0,0.0385,5711928.04,0.0385,0.0,2,237622.5,6340.63,5821772.81,0,0,0,-1,Unclassified / General,0,unique,67109,0
DALTEPARIN,2021,2022,251073.0,161473.0,6151307.12,24.5,38.09,6.0,242106.0,0.037,155706.0,0.037,5931617.58,0.037,0.0,3,246589.5,6340.63,6041462.35,0,0,0,-1,Unclassified / General,0,unique,67109,0
DALTEPARIN,2022,2023,260040.0,167240.0,6370996.66,24.5,38.09,6.0,251073.0,0.0357,161473.0,0.0357,6151307.12,0.0357,0.0,4,255556.5,6340.63,6261151.89,0,0,0,-1,Unclassified / General,0,unique,67109,0
DALTEPARIN,2023,2024,269007.0,173007.0,6590686.2,24.5,38.09,6.0,260040.0,0.0345,167240.0,0.0345,6370996.66,0.0345,0.0,5,264523.5,6340.63,6480841.43,0,0,0,-1,Unclassified / General,0,unique,67109,0
FONDAPARINUX,2018,2019,151464.0,71464.0,2347692.0,15.5,32.85,1.0,151464.0,0.0,71464.0,0.0,2347692.0,0.0,0.0,0,151464.0,0.0,2347692.0,1,0,0,-1,Hematology,1,unique,321208,0
FONDAPARINUX,2019,2020,157522.0,74322.0,2441599.68,15.5,32.85,1.0,151464.0,0.04,71464.0,0.04,2347692.0,0.04,0.0,1,154493.0,4283.65,2394645.84,0,0,0,-1,Hematology,1,unique,321208,0
FONDAPARINUX,2020,2021,163581.0,77181.0,2535507.36,15.5,32.85,1.0,157522.0,0.0385,74322.0,0.0385,2441599.68,0.0385,0.0,2,160551.5,4284.36,2488553.52,0,0,0,-1,Hematology,1,unique,321208,0
FONDAPARINUX,2021,2022,169639.0,80039.0,2629415.04,15.5,32.85,1.0,163581.0,0.037,77181.0,0.037,2535507.36,0.037,0.0,3,166610.0,4283.65,2582461.2,0,0,0,-1,Hematology,1,unique,321208,0
FONDAPARINUX,2022,2023,175698.0,82898.0,2723322.72,15.5,32.85,1.0,169639.0,0.0357,80039.0,0.0357,2629415.04,0.0357,0.0,4,172668.5,4284.36,2676368.88,0,0,0,-1,Hematology,1,unique,321208,0
FONDAPARINUX,2023,2024,181756.0,85756.0,2817230.4,15.5,32.85,1.0,175698.0,0.0345,82898.0,0.0345,2723322.72,0.0345,0.0,5,178727.0,4283.65,2770276.56,0,0,0,-1,Hematology,1,unique,321208,0
ARGATROBAN,2018,2019,4620289.0,540289.0,187121704.5,40.5,346.34,2.0,4620289.0,0.0,540289.0,0.0,187121704.5,0.0,0.0,0,4620289.0,0.0,187121704.5,1,0,0,-1,Unclassified / General,0,unique,15202,0
ARGATROBAN,2019,2020,4805100.0,561900.0,194606572.68,40.5,346.34,2.0,4620289.0,0.04,540289.0,0.04,187121704.5,0.04,0.0,1,4712694.5,130681.11,190864138.59,0,0,0,-1,Unclassified / General,0,unique,15202,0
ARGATROBAN,2020,2021,4989912.0,583512.0,202091440.86,40.5,346.34,2.0,4805100.0,0.0385,561900.0,0.0385,194606572.68,0.0385,0.0,2,4897506.0,130681.82,198349006.77,0,0,0,-1,Unclassified / General,0,unique,15202,0
ARGATROBAN,2021,2022,5174723.0,605123.0,209576309.04,40.5,346.34,2.0,4989912.0,0.037,583512.0,0.037,202091440.86,0.037,0.0,3,5082317.5,130681.11,205833874.95,0,0,0,-1,Unclassified / General,0,unique,15202,0
ARGATROBAN,2022,2023,5359535.0,626735.0,217061177.22,40.5,346.34,2.0,5174723.0,0.0357,605123.0,0.0357,209576309.04,0.0357,0.0,4,5267129.0,130681.82,213318743.13,0,0,0,-1,Unclassified / General,0,unique,15202,0
ARGATROBAN,2023,2024,5544346.0,648346.0,224546045.4,40.5,346.34,2.0,5359535.0,0.0345,626735.0,0.0345,217061177.22,0.0345,0.0,5,5451940.5,130681.11,220803611.31,0,0,0,-1,Unclassified / General,0,unique,15202,0
BIVALIRUDIN,2018,2019,545851.0,465851.0,1364627.5,2.5,2.93,4.0,545851.0,0.0,465851.0,0.0,1364627.5,0.0,0.0,0,545851.0,0.0,1364627.5,1,0,0,-1,Unclassified / General,0,unique,60819,0
BIVALIRUDIN,2019,2020,567685.0,484485.0,1419212.6,2.5,2.93,4.0,545851.0,0.04,465851.0,0.04,1364627.5,0.04,0.0,1,556768.0,15438.97,1391920.05,0,0,0,-1,Unclassified / General,0,unique,60819,0
BIVALIRUDIN,2020,2021,589519.0,503119.0,1473797.7,2.5,2.93,4.0,567685.0,0.0385,484485.0,0.0385,1419212.6,0.0385,0.0,2,578602.0,15438.97,1446505.15,0,0,0,-1,Unclassified / General,0,unique,60819,0
BIVALIRUDIN,2021,2022,611353.0,521753.0,1528382.8,2.5,2.93,4.0,589519.0,0.037,503119.0,0.037,1473797.7,0.037,0.0,3,600436.0,15438.97,1501090.25,0,0,0,-1,Unclassified / General,0,unique,60819,0
BIVALIRUDIN,2022,2023,633187.0,540387.0,1582967.9,2.5,2.93,4.0,611353.0,0.0357,521753.0,0.0357,1528382.8,0.0357,0.0,4,622270.0,15438.97,1555675.35,0,0,0,-1,Unclassified / General,0,unique,60819,0
BIVALIRUDIN,2023,2024,655021.0,559021.0,1637553.0,2.5,2.93,4.0,633187.0,0.0345,540387.0,0.0345,1582967.9,0.0345,0.0,5,644104.0,15438.97,1610260.45,0,0,0,-1,Unclassified / General,0,unique,60819,0
EXEMESTANE,2018,2019,939965.0,859965.0,15509422.5,16.5,18.03,6.0,939965.0,0.0,859965.0,0.0,15509422.5,0.0,0.0,0,939965.0,0.0,15509422.5,1,0,0,-1,Unclassified / General,0,unique,258494,0
EXEMESTANE,2019,2020,977563.0,894363.0,16129799.4,16.5,18.03,6.0,939965.0,0.04,859965.0,0.04,15509422.5,0.04,0.0,1,958764.0,26585.8,15819610.95,0,0,0,-1,Unclassified / General,0,unique,258494,0
EXEMESTANE,2020,2021,1015162.0,928762.0,16750176.3,16.5,18.03,6.0,977563.0,0.0385,894363.0,0.0385,16129799.4,0.0385,0.0,2,996362.5,26586.51,16439987.85,0,0,0,-1,Unclassified / General,0,unique,258494,0
EXEMESTANE,2021,2022,1052760.0,963160.0,17370553.2,16.5,18.03,6.0,1015162.0,0.037,928762.0,0.037,16750176.3,0.037,0.0,3,1033961.0,26585.8,17060364.75,0,0,0,-1,Unclassified / General,0,unique,258494,0
EXEMESTANE,2022,2023,1090359.0,997559.0,17990930.1,16.5,18.03,6.0,1052760.0,0.0357,963160.0,0.0357,17370553.2,0.0357,0.0,4,1071559.5,26586.51,17680741.65,0,0,0,-1,Unclassified / General,0,unique,258494,0
EXEMESTANE,2023,2024,1127958.0,1031958.0,18611307.0,16.5,18.03,6.0,1090359.0,0.0345,997559.0,0.0345,17990930.1,0.0345,0.0,5,1109158.5,26586.51,18301118.55,0,0,0,-1,Unclassified / General,0,unique,258494,0
FULVESTRANT,2018,2019,4658031.0,578031.0,151386007.5,32.5,261.9,8.0,4658031.0,0.0,578031.0,0.0,151386007.5,0.0,0.0,0,4658031.0,0.0,151386007.5,1,0,0,-1,Oncology,0,unique,282357,0
FULVESTRANT,2019,2020,4844352.0,601152.0,157441447.8,32.5,261.9,8.0,4658031.0,0.04,578031.0,0.04,151386007.5,0.04,0.0,1,4751191.5,131748.84,154413727.65,0,0,0,-1,Oncology,0,unique,282357,0
FULVESTRANT,2020,2021,5030673.0,624273.0,163496888.1,32.5,261.9,8.0,4844352.0,0.0385,601152.0,0.0385,157441447.8,0.0385,0.0,2,4937512.5,131748.84,160469167.95,0,0,0,-1,Oncology,0,unique,282357,0
FULVESTRANT,2021,2022,5216994.0,647394.0,169552328.4,32.5,261.9,8.0,5030673.0,0.037,624273.0,0.037,163496888.1,0.037,0.0,3,5123833.5,131748.84,166524608.25,0,0,0,-1,Oncology,0,unique,282357,0
FULVESTRANT,2022,2023,5403315.0,670515.0,175607768.7,32.5,261.9,8.0,5216994.0,0.0357,647394.0,0.0357,169552328.4,0.0357,0.0,4,5310154.5,131748.84,172580048.55,0,0,0,-1,Oncology,0,unique,282357,0
FULVESTRANT,2023,2024,5589637.0,693637.0,181663209.0,32.5,261.9,8.0,5403315.0,0.0345,670515.0,0.0345,175607768.7,0.0345,0.0,5,5496476.0,131749.55,178635488.85,0,0,0,-1,Oncology,0,unique,282357,0
DEGARELIX,2018,2019,1022254.0,942254.0,5622397.0,5.5,5.97,7.0,1022254.0,0.0,942254.0,0.0,5622397.0,0.0,0.0,0,1022254.0,0.0,5622397.0,1,0,0,-1,Unclassified / General,0,unique,475230,0
DEGARELIX,2019,2020,1063144.0,979944.0,5847292.88,5.5,5.97,7.0,1022254.0,0.04,942254.0,0.04,5622397.0,0.04,0.0,1,1042699.0,28913.6,5734844.94,0,0,0,-1,Unclassified / General,0,unique,475230,0
DEGARELIX,2020,2021,1104034.0,1017634.0,6072188.76,5.5,5.97,7.0,1063144.0,0.0385,979944.0,0.0385,5847292.88,0.0385,0.0,2,1083589.0,28913.6,5959740.82,0,0,0,-1,Unclassified / General,0,unique,475230,0
DEGARELIX,2021,2022,1144924.0,1055324.0,6297084.64,5.5,5.97,7.0,1104034.0,0.037,1017634.0,0.037,6072188.76,0.037,0.0,3,1124479.0,28913.6,6184636.7,0,0,0,-1,Unclassified / General,0,unique,475230,0
DEGARELIX,2022,2023,1185814.0,1093014.0,6521980.52,5.5,5.97,7.0,1144924.0,0.0357,1055324.0,0.0357,6297084.64,0.0357,0.0,4,1165369.0,28913.6,6409532.58,0,0,0,-1,Unclassified / General,0,unique,475230,0
DEGARELIX,2023,2024,1226704.0,1130704.0,6746876.4,5.5,5.97,7.0,1185814.0,0.0345,1093014.0,0.0345,6521980.52,0.0345,0.0,5,1206259.0,28913.6,6634428.46,0,0,0,-1,Unclassified / General,0,unique,475230,0
LEUPROLIDE,2018,2019,4264996.0,184996.0,202587310.0,47.5,1095.09,5.0,4264996.0,0.0,184996.0,0.0,202587310.0,0.0,0.0,0,4264996.0,0.0,202587310.0,1,0,0,-1,Unclassified / General,0,unique,42375,0
LEUPROLIDE,2019,2020,4435595.0,192395.0,210690802.4,47.5,1095.09,5.0,4264996.0,0.04,184996.0,0.04,202587310.0,0.04,0.0,1,4350295.5,120631.71,206639056.2,0,0,0,-1,Unclassified / General,0,unique,42375,0
LEUPROLIDE,2020,2021,4606195.0,199795.0,218794294.8,47.5,1095.09,5.0,4435595.0,0.0385,192395.0,0.0385,210690802.4,0.0385,0.0,2,4520895.0,120632.42,214742548.6,0,0,0,-1,Unclassified / General,0,unique,42375,0
LEUPROLIDE,2021,2022,4776795.0,207195.0,226897787.2,47.5,1095.09,5.0,4606195.0,0.037,199795.0,0.037,218794294.8,0.037,0.0,3,4691495.0,120632.42,222846041.0,0,0,0,-1,Unclassified / General,0,unique,42375,0
LEUPROLIDE,2022,2023,4947395.0,214595.0,235001279.6,47.5,1095.09,5.0,4776795.0,0.0357,207195.0,0.0357,226897787.2,0.0357,0.0,4,4862095.0,120632.42,230949533.4,0,0,0,-1,Unclassified / General,0,unique,42375,0
LEUPROLIDE,2023,2024,5117995.0,221995.0,243104772.0,47.5,1095.09,5.0,4947395.0,0.0345,214595.0,0.0345,235001279.6,0.0345,0.0,5,5032695.0,120632.42,239053025.8,0,0,0,-1,Unclassified / General,0,unique,42375,0
GOSERELIN,2018,2019,1524640.0,444640.0,63272560.0,41.5,142.3,1.0,1524640.0,0.0,444640.0,0.0,63272560.0,0.0,0.0,0,1524640.0,0.0,63272560.0,1,0,0,-1,Unclassified / General,1,unique,50610,0
GOSERELIN,2019,2020,1585625.0,462425.0,65803462.4,41.5,142.3,1.0,1524640.0,0.04,444640.0,0.04,63272560.0,0.04,0.0,1,1555132.5,43122.91,64538011.2,0,0,0,-1,Unclassified / General,1,unique,50610,0
GOSERELIN,2020,2021,1646611.0,480211.0,68334364.8,41.5,142.3,1.0,1585625.0,0.0385,462425.0,0.0385,65803462.4,0.0385,0.0,2,1616118.0,43123.61,67068913.6,0,0,0,-1,Unclassified / General,1,unique,50610,0
GOSERELIN,2021,2022,1707596.0,497996.0,70865267.2,41.5,142.3,1.0,1646611.0,0.037,480211.0,0.037,68334364.8,0.037,0.0,3,1677103.5,43122.91,69599816.0,0,0,0,-1,Unclassified / General,1,unique,50610,0
GOSERELIN,2022,2023,1768582.0,515782.0,73396169.6,41.5,142.3,1.0,1707596.0,0.0357,497996.0,0.0357,70865267.2,0.0357,0.0,4,1738089.0,43123.61,72130718.4,0,0,0,-1,Unclassified / General,1,unique,50610,0
GOSERELIN,2023,2024,1829568.0,533568.0,75927072.0,41.5,142.3,1.0,1768582.0,0.0345,515782.0,0.0345,73396169.6,0.0345,0.0,5,1799075.0,43123.61,74661620.8,0,0,0,-1,Unclassified / General,1,unique,50610,0
FLUTAMIDE,2018,2019,2278174.0,198174.0,58093437.0,25.5,293.14,7.0,2278174.0,0.0,198174.0,0.0,58093437.0,0.0,0.0,0,2278174.0,0.0,58093437.0,1,0,0,-1,Unclassified / General,0,unique,4508,0
FLUTAMIDE,2019,2020,2369300.0,206100.0,60417174.48,25.5,293.14,7.0,2278174.0,0.04,198174.0,0.04,58093437.0,0.04,0.0,1,2323737.0,64435.81,59255305.74,0,0,0,-1,Unclassified / General,0,unique,4508,0
FLUTAMIDE,2020,2021,2460427.0,214027.0,62740911.96,25.5,293.14,7.0,2369300.0,0.0385,206100.0,0.0385,60417174.48,0.0385,0.0,2,2414863.5,64436.52,61579043.22,0,0,0,-1,Unclassified / General,0,unique,4508,0
FLUTAMIDE,2021,2022,2551554.0,221954.0,65064649.44,25.5,293.14,7.0,2460427.0,0.037,214027.0,0.037,62740911.96,0.037,0.0,3,2505990.5,64436.52,63902780.7,0,0,0,-1,Unclassified / General,0,unique,4508,0
FLUTAMIDE,2022,2023,2642681.0,229881.0,67388386.92,25.5,293.14,7.0,2551554.0,0.0357,221954.0,0.0357,65064649.44,0.0357,0.0,4,2597117.5,64436.52,66226518.18,0,0,0,-1,Unclassified / General,0,unique,4508,0
FLUTAMIDE,2023,2024,2733808.0,237808.0,69712124.4,25.5,293.14,7.0,2642681.0,0.0345,229881.0,0.0345,67388386.92,0.0345,0.0,5,2688244.5,64436.52,68550255.66,0,0,0,-1,Unclassified / General,0,unique,4508,0
ENZALUTAMIDE,2018,2019,4360816.0,280816.0,76314280.0,17.5,271.76,1.0,4360816.0,0.0,280816.0,0.0,76314280.0,0.0,0.0,0,4360816.0,0.0,76314280.0,1,0,0,-1,Unclassified / General,1,unique,1307298,0
ENZALUTAMIDE,2019,2020,4535248.0,292048.0,79366851.2,17.5,271.76,1.0,4360816.0,0.04,280816.0,0.04,76314280.0,0.04,0.0,1,4448032.0,123342.05,77840565.6,0,0,0,-1,Unclassified / General,1,unique,1307298,0
ENZALUTAMIDE,2020,2021,4709681.0,303281.0,82419422.4,17.5,271.76,1.0,4535248.0,0.0385,292048.0,0.0385,79366851.2,0.0385,0.0,2,4622464.5,123342.76,80893136.8,0,0,0,-1,Unclassified / General,1,unique,1307298,0
ENZALUTAMIDE,2021,2022,4884113.0,314513.0,85471993.6,17.5,271.76,1.0,4709681.0,0.037,303281.0,0.037,82419422.4,0.037,0.0,3,4796897.0,123342.05,83945708.0,0,0,0,-1,Unclassified / General,1,unique,1307298,0
ENZALUTAMIDE,2022,2023,5058546.0,325746.0,88524564.8,17.5,271.76,1.0,4884113.0,0.0357,314513.0,0.0357,85471993.6,0.0357,0.0,4,4971329.5,123342.76,86998279.2,0,0,0,-1,Unclassified / General,1,unique,1307298,0
ENZALUTAMIDE,2023,2024,5232979.0,336979.0,91577136.0,17.5,271.76,1.0,5058546.0,0.0345,325746.0,0.0345,88524564.8,0.0345,0.0,5,5145762.5,123342.76,90050850.4,0,0,0,-1,Unclassified / General,1,unique,1307298,0
ABIRATERONE,2018,2019,3804007.0,724007.0,32334059.5,8.5,44.66,8.0,3804007.0,0.0,724007.0,0.0,32334059.5,0.0,0.0,0,3804007.0,0.0,32334059.5,1,0,0,-1,Unclassified / General,0,unique,1100072,0
ABIRATERONE,2019,2020,3956167.0,752967.0,33627421.88,8.5,44.66,8.0,3804007.0,0.04,724007.0,0.04,32334059.5,0.04,0.0,1,3880087.0,107593.37,32980740.69,0,0,0,-1,Unclassified / General,0,unique,1100072,0
ABIRATERONE,2020,2021,4108327.0,781927.0,34920784.26,8.5,44.66,8.0,3956167.0,0.0385,752967.0,0.0385,33627421.88,0.0385,0.0,2,4032247.0,107593.37,34274103.07,0,0,0,-1,Unclassified / General,0,unique,1100072,0
ABIRATERONE,2021,2022,4260487.0,810887.0,36214146.64,8.5,44.66,8.0,4108327.0,0.037,781927.0,0.037,34920784.26,0.037,0.0,3,4184407.0,107593.37,35567465.45,0,0,0,-1,Unclassified / General,0,unique,1100072,0
ABIRATERONE,2022,2023,4412648.0,839848.0,37507509.02,8.5,44.66,8.0,4260487.0,0.0357,810887.0,0.0357,36214146.64,0.0357,0.0,4,4336567.5,107594.07,36860827.83,0,0,0,-1,Unclassified / General,0,unique,1100072,0
ABIRATERONE,2023,2024,4564808.0,868808.0,38800871.4,8.5,44.66,8.0,4412648.0,0.0345,839848.0,0.0345,37507509.02,0.0345,0.0,5,4488728.0,107593.37,38154190.21,0,0,0,-1,Unclassified / General,0,unique,1100072,0
DASATINIB,2018,2019,3229160.0,149160.0,37135340.0,11.5,248.96,1.0,3229160.0,0.0,149160.0,0.0,37135340.0,0.0,0.0,0,3229160.0,0.0,37135340.0,1,0,0,-1,Unclassified / General,1,unique,475342,0
DASATINIB,2019,2020,3358326.0,155126.0,38620753.6,11.5,248.96,1.0,3229160.0,0.04,149160.0,0.04,37135340.0,0.04,0.0,1,3293743.0,91334.15,37878046.8,0,0,0,-1,Unclassified / General,1,unique,475342,0
DASATINIB,2020,2021,3487492.0,161092.0,40106167.2,11.5,248.96,1.0,3358326.0,0.0385,155126.0,0.0385,38620753.6,0.0385,0.0,2,3422909.0,91334.15,39363460.4,0,0,0,-1,Unclassified / General,1,unique,475342,0
DASATINIB,2021,2022,3616659.0,167059.0,41591580.8,11.5,248.96,1.0,3487492.0,0.037,161092.0,0.037,40106167.2,0.037,0.0,3,3552075.5,91334.86,40848874.0,0,0,0,-1,Unclassified / General,1,unique,475342,0
DASATINIB,2022,2023,3745825.0,173025.0,43076994.4,11.5,248.96,1.0,3616659.0,0.0357,167059.0,0.0357,41591580.8,0.0357,0.0,4,3681242.0,91334.15,42334287.6,0,0,0,-1,Unclassified / General,1,unique,475342,0
DASATINIB,2023,2024,3874992.0,178992.0,44562408.0,11.5,248.96,1.0,3745825.0,0.0345,173025.0,0.0345,43076994.4,0.0345,0.0,5,3810408.5,91334.86,43819701.2,0,0,0,-1,Unclassified / General,1,unique,475342,0
NILOTINIB,2018,2019,1924812.0,844812.0,25984962.0,13.5,30.76,5.0,1924812.0,0.0,844812.0,0.0,25984962.0,0.0,0.0,0,1924812.0,0.0,25984962.0,1,0,0,-1,Unclassified / General,0,unique,662281,0
NILOTINIB,2019,2020,2001804.0,878604.0,27024360.48,13.5,30.76,5.0,1924812.0,0.04,844812.0,0.04,25984962.0,0.04,0.0,1,1963308.0,54441.57,26504661.24,0,0,0,-1,Unclassified / General,0,unique,662281,0
NILOTINIB,2020,2021,2078796.0,912396.0,28063758.96,13.5,30.76,5.0,2001804.0,0.0385,878604.0,0.0385,27024360.48,0.0385,0.0,2,2040300.0,54441.57,27544059.72,0,0,0,-1,Unclassified / General,0,unique,662281,0
NILOTINIB,2021,2022,2155789.0,946189.0,29103157.44,13.5,30.76,5.0,2078796.0,0.037,912396.0,0.037,28063758.96,0.037,0.0,3,2117292.5,54442.27,28583458.2,0,0,0,-1,Unclassified / General,0,unique,662281,0
NILOTINIB,2022,2023,2232781.0,979981.0,30142555.92,13.5,30.76,5.0,2155789.0,0.0357,946189.0,0.0357,29103157.44,0.0357,0.0,4,2194285.0,54441.57,29622856.68,0,0,0,-1,Unclassified / General,0,unique,662281,0
NILOTINIB,2023,2024,2309774.0,1013774.0,31181954.4,13.5,30.76,5.0,2232781.0,0.0345,979981.0,0.0345,30142555.92,0.0345,0.0,5,2271277.5,54442.27,30662255.16,0,0,0,-1,Unclassified / General,0,unique,662281,0
BOSUTINIB,2018,2019,2714217.0,634217.0,50213014.5,18.5,79.17,2.0,2714217.0,0.0,634217.0,0.0,50213014.5,0.0,0.0,0,2714217.0,0.0,50213014.5,1,0,0,-1,Unclassified / General,0,unique,1307619,0
BOSUTINIB,2019,2020,2822785.0,659585.0,52221535.08,18.5,79.17,2.0,2714217.0,0.04,634217.0,0.04,50213014.5,0.04,0.0,1,2768501.0,76769.17,51217274.79,0,0,0,-1,Unclassified / General,0,unique,1307619,0
BOSUTINIB,2020,2021,2931354.0,684954.0,54230055.66,18.5,79.17,2.0,2822785.0,0.0385,659585.0,0.0385,52221535.08,0.0385,0.0,2,2877069.5,76769.88,53225795.37,0,0,0,-1,Unclassified / General,0,unique,1307619,0
BOSUTINIB,2021,2022,3039923.0,710323.0,56238576.24,18.5,79.17,2.0,2931354.0,0.037,684954.0,0.037,54230055.66,0.037,0.0,3,2985638.5,76769.88,55234315.95,0,0,0,-1,Unclassified / General,0,unique,1307619,0
BOSUTINIB,2022,2023,3148491.0,735691.0,58247096.82,18.5,79.17,2.0,3039923.0,0.0357,710323.0,0.0357,56238576.24,0.0357,0.0,4,3094207.0,76769.17,57242836.53,0,0,0,-1,Unclassified / General,0,unique,1307619,0
BOSUTINIB,2023,2024,3257060.0,761060.0,60255617.4,18.5,79.17,2.0,3148491.0,0.0345,735691.0,0.0345,58247096.82,0.0345,0.0,5,3202775.5,76769.88,59251357.11,0,0,0,-1,Unclassified / General,0,unique,1307619,0
PONATINIB,2018,2019,459916.0,379916.0,8048530.0,17.5,21.19,5.0,459916.0,0.0,379916.0,0.0,8048530.0,0.0,0.0,0,459916.0,0.0,8048530.0,1,0,0,-1,Unclassified / General,0,unique,1364347,0
PONATINIB,2019,2020,478312.0,395112.0,8370471.2,17.5,21.19,5.0,459916.0,0.04,379916.0,0.04,8048530.0,0.04,0.0,1,469114.0,13007.94,8209500.6,0,0,0,-1,Unclassified / General,0,unique,1364347,0
PONATINIB,2020,2021,496709.0,410309.0,8692412.4,17.5,21.19,5.0,478312.0,0.0385,395112.0,0.0385,8370471.2,0.0385,0.0,2,487510.5,13008.64,8531441.8,0,0,0,-1,Unclassified / General,0,unique,1364347,0
PONATINIB,2021,2022,515105.0,425505.0,9014353.6,17.5,21.19,5.0,496709.0,0.037,410309.0,0.037,8692412.4,0.037,0.0,3,505907.0,13007.94,8853383.0,0,0,0,-1,Unclassified / General,0,unique,1364347,0
PONATINIB,2022,2023,533502.0,440702.0,9336294.8,17.5,21.19,5.0,515105.0,0.0357,425505.0,0.0357,9014353.6,0.0357,0.0,4,524303.5,13008.64,9175324.2,0,0,0,-1,Unclassified / General,0,unique,1364347,0
PONATINIB,2023,2024,551899.0,455899.0,9658236.0,17.5,21.19,5.0,533502.0,0.0345,440702.0,0.0345,9336294.8,0.0345,0.0,5,542700.5,13008.64,9497265.4,0,0,0,-1,Unclassified / General,0,unique,1364347,0
CABOZANTINIB,2018,2019,4776558.0,696558.0,45377301.0,9.5,65.15,7.0,4776558.0,0.0,696558.0,0.0,45377301.0,0.0,0.0,0,4776558.0,0.0,45377301.0,1,0,0,-1,Unclassified / General,0,unique,1363268,0
CABOZANTINIB,2019,2020,4967620.0,724420.0,47192393.04,9.5,65.15,7.0,4776558.0,0.04,696558.0,0.04,45377301.0,0.04,0.0,1,4872089.0,135101.24,46284847.02,0,0,0,-1,Unclassified / General,0,unique,1363268,0
CABOZANTINIB,2020,2021,5158682.0,752282.0,49007485.08,9.5,65.15,7.0,4967620.0,0.0385,724420.0,0.0385,47192393.04,0.0385,0.0,2,5063151.0,135101.24,48099939.06,0,0,0,-1,Unclassified / General,0,unique,1363268,0
CABOZANTINIB,2021,2022,5349744.0,780144.0,50822577.12,9.5,65.15,7.0,5158682.0,0.037,752282.0,0.037,49007485.08,0.037,0.0,3,5254213.0,135101.24,49915031.1,0,0,0,-1,Unclassified / General,0,unique,1363268,0
CABOZANTINIB,2022,2023,5540807.0,808007.0,52637669.16,9.5,65.15,7.0,5349744.0,0.0357,780144.0,0.0357,50822577.12,0.0357,0.0,4,5445275.5,135101.94,51730123.14,0,0,0,-1,Unclassified / General,0,unique,1363268,0
CABOZANTINIB,2023,2024,5731869.0,835869.0,54452761.2,9.5,65.15,7.0,5540807.0,0.0345,808007.0,0.0345,52637669.16,0.0345,0.0,5,5636338.0,135101.24,53545215.18,0,0,0,-1,Unclassified / General,0,unique,1363268,0
SUNITINIB,2018,2019,942156.0,862156.0,7066170.0,7.5,8.2,5.0,942156.0,0.0,862156.0,0.0,7066170.0,0.0,0.0,0,942156.0,0.0,7066170.0,1,0,0,-1,Unclassified / General,0,unique,357977,0
SUNITINIB,2019,2020,979842.0,896642.0,7348816.8,7.5,8.2,5.0,942156.0,0.04,862156.0,0.04,7066170.0,0.04,0.0,1,960999.0,26648.03,7207493.4,0,0,0,-1,Unclassified / General,0,unique,357977,0
SUNITINIB,2020,2021,1017528.0,931128.0,7631463.6,7.5,8.2,5.0,979842.0,0.0385,896642.0,0.0385,7348816.8,0.0385,0.0,2,998685.0,26648.03,7490140.2,0,0,0,-1,Unclassified / General,0,unique,357977,0
SUNITINIB,2021,2022,1055214.0,965614.0,7914110.4,7.5,8.2,5.0,1017528.0,0.037,931128.0,0.037,7631463.6,0.037,0.0,3,1036371.0,26648.03,7772787.0,0,0,0,-1,Unclassified / General,0,unique,357977,0
SUNITINIB,2022,2023,1092900.0,1000100.0,8196757.2,7.5,8.2,5.0,1055214.0,0.0357,965614.0,0.0357,7914110.4,0.0357,0.0,4,1074057.0,26648.03,8055433.8,0,0,0,-1,Unclassified / General,0,unique,357977,0
SUNITINIB,2023,2024,1130587.0,1034587.0,8479404.0,7.5,8.2,5.0,1092900.0,0.0345,1000100.0,0.0345,8196757.2,0.0345,0.0,5,1111743.5,26648.73,8338080.6,0,0,0,-1,Unclassified / General,0,unique,357977,0
SORAFENIB,2018,2019,2188437.0,108437.0,84254824.5,38.5,776.99,6.0,2188437.0,0.0,108437.0,0.0,84254824.5,0.0,0.0,0,2188437.0,0.0,84254824.5,1,0,0,-1,Unclassified / General,0,unique,495881,0
SORAFENIB,2019,2020,2275974.0,112774.0,87625017.48,38.5,777.0,6.0,2188437.0,0.04,108437.0,0.04,84254824.5,0.04,0.0,1,2232205.5,61898.01,85939920.99,0,0,0,-1,Unclassified / General,0,unique,495881,0
SORAFENIB,2020,2021,2363511.0,117111.0,90995210.46,38.5,777.0,6.0,2275974.0,0.0385,112774.0,0.0385,87625017.48,0.0385,0.0,2,2319742.5,61898.01,89310113.97,0,0,0,-1,Unclassified / General,0,unique,495881,0
SORAFENIB,2021,2022,2451049.0,121449.0,94365403.44,38.5,777.0,6.0,2363511.0,0.037,117111.0,0.037,90995210.46,0.037,0.0,3,2407280.0,61898.71,92680306.95,0,0,0,-1,Unclassified / General,0,unique,495881,0
SORAFENIB,2022,2023,2538586.0,125786.0,97735596.42,38.5,777.0,6.0,2451049.0,0.0357,121449.0,0.0357,94365403.44,0.0357,0.0,4,2494817.5,61898.01,96050499.93,0,0,0,-1,Unclassified / General,0,unique,495881,0
SORAFENIB,2023,2024,2626124.0,130124.0,101105789.4,38.5,777.0,6.0,2538586.0,0.0345,125786.0,0.0345,97735596.42,0.0345,0.0,5,2582355.0,61898.71,99420692.91,0,0,0,-1,Unclassified / General,0,unique,495881,0
PAZOPANIB,2018,2019,4428712.0,348712.0,59787612.0,13.5,171.45,1.0,4428712.0,0.0,348712.0,0.0,59787612.0,0.0,0.0,0,4428712.0,0.0,59787612.0,1,0,0,-1,Unclassified / General,1,unique,714438,0
PAZOPANIB,2019,2020,4605860.0,362660.0,62179116.48,13.5,171.45,1.0,4428712.0,0.04,348712.0,0.04,59787612.0,0.04,0.0,1,4517286.0,125262.55,60983364.24,0,0,0,-1,Unclassified / General,1,unique,714438,0
PAZOPANIB,2020,2021,4783008.0,376608.0,64570620.96,13.5,171.45,1.0,4605860.0,0.0385,362660.0,0.0385,62179116.48,0.0385,0.0,2,4694434.0,125262.55,63374868.72,0,0,0,-1,Unclassified / General,1,unique,714438,0
PAZOPANIB,2021,2022,4960157.0,390557.0,66962125.44,13.5,171.45,1.0,4783008.0,0.037,376608.0,0.037,64570620.96,0.037,0.0,3,4871582.5,125263.26,65766373.2,0,0,0,-1,Unclassified / General,1,unique,714438,0
PAZOPANIB,2022,2023,5137305.0,404505.0,69353629.92,13.5,171.45,1.0,4960157.0,0.0357,390557.0,0.0357,66962125.44,0.0357,0.0,4,5048731.0,125262.55,68157877.68,0,0,0,-1,Unclassified / General,1,unique,714438,0
PAZOPANIB,2023,2024,5314454.0,418454.0,71745134.4,13.5,171.45,1.0,5137305.0,0.0345,404505.0,0.0345,69353629.92,0.0345,0.0,5,5225879.5,125263.26,70549382.16,0,0,0,-1,Unclassified / General,1,unique,714438,0
AXITINIB,2018,2019,1705761.0,625761.0,21322012.5,12.5,34.07,2.0,1705761.0,0.0,625761.0,0.0,21322012.5,0.0,0.0,0,1705761.0,0.0,21322012.5,1,0,0,-1,Unclassified / General,0,unique,1242999,0
AXITINIB,2019,2020,1773991.0,650791.0,22174893.0,12.5,34.07,2.0,1705761.0,0.04,625761.0,0.04,21322012.5,0.04,0.0,1,1739876.0,48245.9,21748452.75,0,0,0,-1,Unclassified / General,0,unique,1242999,0
AXITINIB,2020,2021,1842221.0,675821.0,23027773.5,12.5,34.07,2.0,1773991.0,0.0385,650791.0,0.0385,22174893.0,0.0385,0.0,2,1808106.0,48245.9,22601333.25,0,0,0,-1,Unclassified / General,0,unique,1242999,0
AXITINIB,2021,2022,1910452.0,700852.0,23880654.0,12.5,34.07,2.0,1842221.0,0.037,675821.0,0.037,23027773.5,0.037,0.0,3,1876336.5,48246.6,23454213.75,0,0,0,-1,Unclassified / General,0,unique,1242999,0
AXITINIB,2022,2023,1978682.0,725882.0,24733534.5,12.5,34.07,2.0,1910452.0,0.0357,700852.0,0.0357,23880654.0,0.0357,0.0,4,1944567.0,48245.9,24307094.25,0,0,0,-1,Unclassified / General,0,unique,1242999,0
AXITINIB,2023,2024,2046913.0,750913.0,25586415.0,12.5,34.07,2.0,1978682.0,0.0345,725882.0,0.0345,24733534.5,0.0345,0.0,5,2012797.5,48246.6,25159974.75,0,0,0,-1,Unclassified / General,0,unique,1242999,0
LENVATINIB,2018,2019,3818488.0,738488.0,150830276.0,39.5,204.24,1.0,3818488.0,0.0,738488.0,0.0,150830276.0,0.0,0.0,0,3818488.0,0.0,150830276.0,1,0,0,-1,Unclassified / General,1,unique,1603296,0
LENVATINIB,2019,2020,3971227.0,768027.0,156863487.04,39.5,204.24,1.0,3818488.0,0.04,738488.0,0.04,150830276.0,0.04,0.0,1,3894857.5,108002.78,153846881.52,0,0,0,-1,Unclassified / General,1,unique,1603296,0
LENVATINIB,2020,2021,4123967.0,797567.0,162896698.08,39.5,204.24,1.0,3971227.0,0.0385,768027.0,0.0385,156863487.04,0.0385,0.0,2,4047597.0,108003.49,159880092.56,0,0,0,-1,Unclassified / General,1,unique,1603296,0
LENVATINIB,2021,2022,4276706.0,827106.0,168929909.12,39.5,204.24,1.0,4123967.0,0.037,797567.0,0.037,162896698.08,0.037,0.0,3,4200336.5,108002.78,165913303.6,0,0,0,-1,Unclassified / General,1,unique,1603296,0
LENVATINIB,2022,2023,4429446.0,856646.0,174963120.16,39.5,204.24,1.0,4276706.0,0.0357,827106.0,0.0357,168929909.12,0.0357,0.0,4,4353076.0,108003.49,171946514.64,0,0,0,-1,Unclassified / General,1,unique,1603296,0
LENVATINIB,2023,2024,4582185.0,886185.0,180996331.2,39.5,204.24,1.0,4429446.0,0.0345,856646.0,0.0345,174963120.16,0.0345,0.0,5,4505815.5,108002.78,177979725.68,0,0,0,-1,Unclassified / General,1,unique,1603296,0
EVEROLIMUS,2018,2019,4636780.0,556780.0,146058570.0,31.5,262.33,5.0,4636780.0,0.0,556780.0,0.0,146058570.0,0.0,0.0,0,4636780.0,0.0,146058570.0,1,0,0,-1,Transplant,0,unique,141704,0
EVEROLIMUS,2019,2020,4822251.0,579051.0,151900912.8,31.5,262.33,5.0,4636780.0,0.04,556780.0,0.04,146058570.0,0.04,0.0,1,4729515.5,131147.8,148979741.4,0,0,0,-1,Transplant,0,unique,141704,0
EVEROLIMUS,2020,2021,5007722.0,601322.0,157743255.6,31.5,262.33,5.0,4822251.0,0.0385,579051.0,0.0385,151900912.8,0.0385,0.0,2,4914986.5,131147.8,154822084.2,0,0,0,-1,Transplant,0,unique,141704,0
EVEROLIMUS,2021,2022,5193193.0,623593.0,163585598.4,31.5,262.33,5.0,5007722.0,0.037,601322.0,0.037,157743255.6,0.037,0.0,3,5100457.5,131147.8,160664427.0,0,0,0,-1,Transplant,0,unique,141704,0
EVEROLIMUS,2022,2023,5378664.0,645864.0,169427941.2,31.5,262.33,5.0,5193193.0,0.0357,623593.0,0.0357,163585598.4,0.0357,0.0,4,5285928.5,131147.8,166506769.8,0,0,0,-1,Transplant,0,unique,141704,0
EVEROLIMUS,2023,2024,5564136.0,668136.0,175270284.0,31.5,262.33,5.0,5378664.0,0.0345,645864.0,0.0345,169427941.2,0.0345,0.0,5,5471400.0,131148.51,172349112.6,0,0,0,-1,Transplant,0,unique,141704,0
SIROLIMUS,2018,2019,4595966.0,515966.0,80429405.0,17.5,155.88,7.0,4595966.0,0.0,515966.0,0.0,80429405.0,0.0,0.0,0,4595966.0,0.0,80429405.0,1,0,0,-1,Unclassified / General,0,unique,35302,0
SIROLIMUS,2019,2020,4779804.0,536604.0,83646581.2,17.5,155.88,7.0,4595966.0,0.04,515966.0,0.04,80429405.0,0.04,0.0,1,4687885.0,129993.1,82037993.1,0,0,0,-1,Unclassified / General,0,unique,35302,0
SIROLIMUS,2020,2021,4963643.0,557243.0,86863757.4,17.5,155.88,7.0,4779804.0,0.0385,536604.0,0.0385,83646581.2,0.0385,0.0,2,4871723.5,129993.8,85255169.3,0,0,0,-1,Unclassified / General,0,unique,35302,0
SIROLIMUS,2021,2022,5147481.0,577881.0,90080933.6,17.5,155.88,7.0,4963643.0,0.037,557243.0,0.037,86863757.4,0.037,0.0,3,5055562.0,129993.1,88472345.5,0,0,0,-1,Unclassified / General,0,unique,35302,0
SIROLIMUS,2022,2023,5331320.0,598520.0,93298109.8,17.5,155.88,7.0,5147481.0,0.0357,577881.0,0.0357,90080933.6,0.0357,0.0,4,5239400.5,129993.8,91689521.7,0,0,0,-1,Unclassified / General,0,unique,35302,0
SIROLIMUS,2023,2024,5515159.0,619159.0,96515286.0,17.5,155.88,7.0,5331320.0,0.0345,598520.0,0.0345,93298109.8,0.0345,0.0,5,5423239.5,129993.8,94906697.9,0,0,0,-1,Unclassified / General,0,unique,35302,0
THALIDOMIDE,2018,2019,4957951.0,877951.0,12394877.5,2.5,14.12,8.0,4957951.0,0.0,877951.0,0.0,12394877.5,0.0,0.0,0,4957951.0,0.0,12394877.5,1,0,0,-1,Unclassified / General,0,unique,10432,0
THALIDOMIDE,2019,2020,5156269.0,913069.0,12890672.6,2.5,14.12,8.0,4957951.0,0.04,877951.0,0.04,12394877.5,0.04,0.0,1,5057110.0,140232.0,12642775.05,0,0,0,-1,Unclassified / General,0,unique,10432,0
THALIDOMIDE,2020,2021,5354587.0,948187.0,13386467.7,2.5,14.12,8.0,5156269.0,0.0385,913069.0,0.0385,12890672.6,0.0385,0.0,2,5255428.0,140232.0,13138570.15,0,0,0,-1,Unclassified / General,0,unique,10432,0
THALIDOMIDE,2021,2022,5552905.0,983305.0,13882262.8,2.5,14.12,8.0,5354587.0,0.037,948187.0,0.037,13386467.7,0.037,0.0,3,5453746.0,140232.0,13634365.25,0,0,0,-1,Unclassified / General,0,unique,10432,0
THALIDOMIDE,2022,2023,5751223.0,1018423.0,14378057.9,2.5,14.12,8.0,5552905.0,0.0357,983305.0,0.0357,13882262.8,0.0357,0.0,4,5652064.0,140232.0,14130160.35,0,0,0,-1,Unclassified / General,0,unique,10432,0
THALIDOMIDE,2023,2024,5949541.0,1053541.0,14873853.0,2.5,14.12,8.0,5751223.0,0.0345,1018423.0,0.0345,14378057.9,0.0345,0.0,5,5850382.0,140232.0,14625955.45,0,0,0,-1,Unclassified / General,0,unique,10432,0
POMALIDOMIDE,2018,2019,4298195.0,218195.0,199866067.5,46.5,916.0,4.0,4298195.0,0.0,218195.0,0.0,199866067.5,0.0,0.0,0,4298195.0,0.0,199866067.5,1,0,0,-1,Unclassified / General,0,unique,1369713,0
POMALIDOMIDE,2019,2020,4470122.0,226922.0,207860710.2,46.5,916.0,4.0,4298195.0,0.04,218195.0,0.04,199866067.5,0.04,0.0,1,4384158.5,121570.75,203863388.85,0,0,0,-1,Unclassified / General,0,unique,1369713,0
POMALIDOMIDE,2020,2021,4642050.0,235650.0,215855352.9,46.5,916.0,4.0,4470122.0,0.0385,226922.0,0.0385,207860710.2,0.0385,0.0,2,4556086.0,121571.45,211858031.55,0,0,0,-1,Unclassified / General,0,unique,1369713,0
POMALIDOMIDE,2021,2022,4813978.0,244378.0,223849995.6,46.5,916.0,4.0,4642050.0,0.037,235650.0,0.037,215855352.9,0.037,0.0,3,4728014.0,121571.45,219852674.25,0,0,0,-1,Unclassified / General,0,unique,1369713,0
POMALIDOMIDE,2022,2023,4985906.0,253106.0,231844638.3,46.5,916.0,4.0,4813978.0,0.0357,244378.0,0.0357,223849995.6,0.0357,0.0,4,4899942.0,121571.45,227847316.95,0,0,0,-1,Unclassified / General,0,unique,1369713,0
POMALIDOMIDE,2023,2024,5157834.0,261834.0,239839281.0,46.5,916.0,4.0,4985906.0,0.0345,253106.0,0.0345,231844638.3,0.0345,0.0,5,5071870.0,121571.45,235841959.65,0,0,0,-1,Unclassified / General,0,unique,1369713,0
APREMILAST,2018,2019,1379681.0,299681.0,44839632.5,32.5,149.62,2.0,1379681.0,0.0,299681.0,0.0,44839632.5,0.0,0.0,0,1379681.0,0.0,44839632.5,1,0,0,-1,Unclassified / General,0,unique,1492727,0
APREMILAST,2019,2020,1434868.0,311668.0,46633217.8,32.5,149.62,2.0,1379681.0,0.04,299681.0,0.04,44839632.5,0.04,0.0,1,1407274.5,39023.1,45736425.15,0,0,0,-1,Unclassified / General,0,unique,1492727,0
APREMILAST,2020,2021,1490055.0,323655.0,48426803.1,32.5,149.62,2.0,1434868.0,0.0385,311668.0,0.0385,46633217.8,0.0385,0.0,2,1462461.5,39023.1,47530010.45,0,0,0,-1,Unclassified / General,0,unique,1492727,0
APREMILAST,2021,2022,1545242.0,335642.0,50220388.4,32.5,149.62,2.0,1490055.0,0.037,323655.0,0.037,48426803.1,0.037,0.0,3,1517648.5,39023.1,49323595.75,0,0,0,-1,Unclassified / General,0,unique,1492727,0
APREMILAST,2022,2023,1600429.0,347629.0,52013973.7,32.5,149.62,2.0,1545242.0,0.0357,335642.0,0.0357,50220388.4,0.0357,0.0,4,1572835.5,39023.1,51117181.05,0,0,0,-1,Unclassified / General,0,unique,1492727,0
APREMILAST,2023,2024,1655617.0,359617.0,53807559.0,32.5,149.62,2.0,1600429.0,0.0345,347629.0,0.0345,52013973.7,0.0345,0.0,5,1628023.0,39023.81,52910766.35,0,0,0,-1,Unclassified / General,0,unique,1492727,0
TOFACITINIB,2018,2019,2929925.0,849925.0,77643012.5,26.5,91.35,6.0,2929925.0,0.0,849925.0,0.0,77643012.5,0.0,0.0,0,2929925.0,0.0,77643012.5,1,0,0,-1,Unclassified / General,0,unique,1357536,0
TOFACITINIB,2019,2020,3047122.0,883922.0,80748733.0,26.5,91.35,6.0,2929925.0,0.04,849925.0,0.04,77643012.5,0.04,0.0,1,2988523.5,82870.79,79195872.75,0,0,0,-1,Unclassified / General,0,unique,1357536,0
TOFACITINIB,2020,2021,3164319.0,917919.0,83854453.5,26.5,91.35,6.0,3047122.0,0.0385,883922.0,0.0385,80748733.0,0.0385,0.0,2,3105720.5,82870.79,82301593.25,0,0,0,-1,Unclassified / General,0,unique,1357536,0
TOFACITINIB,2021,2022,3281516.0,951916.0,86960174.0,26.5,91.35,6.0,3164319.0,0.037,917919.0,0.037,83854453.5,0.037,0.0,3,3222917.5,82870.79,85407313.75,0,0,0,-1,Unclassified / General,0,unique,1357536,0
TOFACITINIB,2022,2023,3398712.0,985912.0,90065894.5,26.5,91.35,6.0,3281516.0,0.0357,951916.0,0.0357,86960174.0,0.0357,0.0,4,3340114.0,82870.09,88513034.25,0,0,0,-1,Unclassified / General,0,unique,1357536,0
TOFACITINIB,2023,2024,3515910.0,1019910.0,93171615.0,26.5,91.35,6.0,3398712.0,0.0345,985912.0,0.0345,90065894.5,0.0345,0.0,5,3457311.0,82871.5,91618754.75,0,0,0,-1,Unclassified / General,0,unique,1357536,0
LATANOPROST,2018,2019,3807301.0,727301.0,9518252.5,2.5,13.09,6.0,3807301.0,0.0,727301.0,0.0,9518252.5,0.0,0.0,0,3807301.0,0.0,9518252.5,1,0,0,-1,Unclassified / General,0,unique,43611,0
LATANOPROST,2019,2020,3959593.0,756393.0,9898982.6,2.5,13.09,6.0,3807301.0,0.04,727301.0,0.04,9518252.5,0.04,0.0,1,3883447.0,107686.71,9708617.55,0,0,0,-1,Unclassified / General,0,unique,43611,0
LATANOPROST,2020,2021,4111885.0,785485.0,10279712.7,2.5,13.09,6.0,3959593.0,0.0385,756393.0,0.0385,9898982.6,0.0385,0.0,2,4035739.0,107686.71,10089347.65,0,0,0,-1,Unclassified / General,0,unique,43611,0
LATANOPROST,2021,2022,4264177.0,814577.0,10660442.8,2.5,13.09,6.0,4111885.0,0.037,785485.0,0.037,10279712.7,0.037,0.0,3,4188031.0,107686.71,10470077.75,0,0,0,-1,Unclassified / General,0,unique,43611,0
LATANOPROST,2022,2023,4416469.0,843669.0,11041172.9,2.5,13.09,6.0,4264177.0,0.0357,814577.0,0.0357,10660442.8,0.0357,0.0,4,4340323.0,107686.71,10850807.85,0,0,0,-1,Unclassified / General,0,unique,43611,0
LATANOPROST,2023,2024,4568761.0,872761.0,11421903.0,2.5,13.09,6.0,4416469.0,0.0345,843669.0,0.0345,11041172.9,0.0345,0.0,5,4492615.0,107686.71,11231537.95,0,0,0,-1,Unclassified / General,0,unique,43611,0
TIMOLOL,2018,2019,2562764.0,482764.0,39722842.0,15.5,82.28,5.0,2562764.0,0.0,482764.0,0.0,39722842.0,0.0,0.0,0,2562764.0,0.0,39722842.0,1,0,0,-1,Unclassified / General,0,unique,10600,0
TIMOLOL,2019,2020,2665274.0,502074.0,41311755.68,15.5,82.28,5.0,2562764.0,0.04,482764.0,0.04,39722842.0,0.04,0.0,1,2614019.0,72485.52,40517298.84,0,0,0,-1,Unclassified / General,0,unique,10600,0
TIMOLOL,2020,2021,2767785.0,521385.0,42900669.36,15.5,82.28,5.0,2665274.0,0.0385,502074.0,0.0385,41311755.68,0.0385,0.0,2,2716529.5,72486.22,42106212.52,0,0,0,-1,Unclassified / General,0,unique,10600,0
TIMOLOL,2021,2022,2870295.0,540695.0,44489583.04,15.5,82.28,5.0,2767785.0,0.037,521385.0,0.037,42900669.36,0.037,0.0,3,2819040.0,72485.52,43695126.2,0,0,0,-1,Unclassified / General,0,unique,10600,0
TIMOLOL,2022,2023,2972806.0,560006.0,46078496.72,15.5,82.28,5.0,2870295.0,0.0357,540695.0,0.0357,44489583.04,0.0357,0.0,4,2921550.5,72486.22,45284039.88,0,0,0,-1,Unclassified / General,0,unique,10600,0
TIMOLOL,2023,2024,3075316.0,579316.0,47667410.4,15.5,82.28,5.0,2972806.0,0.0345,560006.0,0.0345,46078496.72,0.0345,0.0,5,3024061.0,72485.52,46872953.56,0,0,0,-1,Unclassified / General,0,unique,10600,0
BRIMONIDINE,2018,2019,1638460.0,558460.0,18842290.0,11.5,33.74,5.0,1638460.0,0.0,558460.0,0.0,18842290.0,0.0,0.0,0,1638460.0,0.0,18842290.0,1,0,0,-1,Unclassified / General,0,unique,134615,0
BRIMONIDINE,2019,2020,1703998.0,580798.0,19595981.6,11.5,33.74,5.0,1638460.0,0.04,558460.0,0.04,18842290.0,0.04,0.0,1,1671229.0,46342.36,19219135.8,0,0,0,-1,Unclassified / General,0,unique,134615,0
BRIMONIDINE,2020,2021,1769536.0,603136.0,20349673.2,11.5,33.74,5.0,1703998.0,0.0385,580798.0,0.0385,19595981.6,0.0385,0.0,2,1736767.0,46342.36,19972827.4,0,0,0,-1,Unclassified / General,0,unique,134615,0
BRIMONIDINE,2021,2022,1835075.0,625475.0,21103364.8,11.5,33.74,5.0,1769536.0,0.037,603136.0,0.037,20349673.2,0.037,0.0,3,1802305.5,46343.07,20726519.0,0,0,0,-1,Unclassified / General,0,unique,134615,0
BRIMONIDINE,2022,2023,1900613.0,647813.0,21857056.4,11.5,33.74,5.0,1835075.0,0.0357,625475.0,0.0357,21103364.8,0.0357,0.0,4,1867844.0,46342.36,21480210.6,0,0,0,-1,Unclassified / General,0,unique,134615,0
BRIMONIDINE,2023,2024,1966152.0,670152.0,22610748.0,11.5,33.74,5.0,1900613.0,0.0345,647813.0,0.0345,21857056.4,0.0345,0.0,5,1933382.5,46343.07,22233902.2,0,0,0,-1,Unclassified / General,0,unique,134615,0
DORZOLAMIDE,2018,2019,133020.0,53020.0,2859930.0,21.5,53.94,5.0,133020.0,0.0,53020.0,0.0,2859930.0,0.0,0.0,0,133020.0,0.0,2859930.0,1,0,0,-1,Unclassified / General,0,unique,60207,0
DORZOLAMIDE,2019,2020,138340.0,55140.0,2974327.2,21.5,53.94,5.0,133020.0,0.04,53020.0,0.04,2859930.0,0.04,0.0,1,135680.0,3761.81,2917128.6,0,0,0,-1,Unclassified / General,0,unique,60207,0
DORZOLAMIDE,2020,2021,143661.0,57261.0,3088724.4,21.5,53.94,5.0,138340.0,0.0385,55140.0,0.0385,2974327.2,0.0385,0.0,2,141000.5,3762.52,3031525.8,0,0,0,-1,Unclassified / General,0,unique,60207,0
DORZOLAMIDE,2021,2022,148982.0,59382.0,3203121.6,21.5,53.94,5.0,143661.0,0.037,57261.0,0.037,3088724.4,0.037,0.0,3,146321.5,3762.52,3145923.0,0,0,0,-1,Unclassified / General,0,unique,60207,0
DORZOLAMIDE,2022,2023,154303.0,61503.0,3317518.8,21.5,53.94,5.0,148982.0,0.0357,59382.0,0.0357,3203121.6,0.0357,0.0,4,151642.5,3762.52,3260320.2,0,0,0,-1,Unclassified / General,0,unique,60207,0
DORZOLAMIDE,2023,2024,159624.0,63624.0,3431916.0,21.5,53.94,5.0,154303.0,0.0345,61503.0,0.0345,3317518.8,0.0345,0.0,5,156963.5,3762.52,3374717.4,0,0,0,-1,Unclassified / General,0,unique,60207,0
BIMATOPROST,2018,2019,4146267.0,66267.0,76705939.5,18.5,1157.53,4.0,4146267.0,0.0,66267.0,0.0,76705939.5,0.0,0.0,0,4146267.0,0.0,76705939.5,1,0,0,-1,Unclassified / General,0,unique,283810,0
BIMATOPROST,2019,2020,4312117.0,68917.0,79774177.08,18.5,1157.54,4.0,4146267.0,0.04,66267.0,0.04,76705939.5,0.04,0.0,1,4229192.0,117273.66,78240058.29,0,0,0,-1,Unclassified / General,0,unique,283810,0
BIMATOPROST,2020,2021,4477968.0,71568.0,82842414.66,18.5,1157.53,4.0,4312117.0,0.0385,68917.0,0.0385,79774177.08,0.0385,0.0,2,4395042.5,117274.37,81308295.87,0,0,0,-1,Unclassified / General,0,unique,283810,0
BIMATOPROST,2021,2022,4643819.0,74219.0,85910652.24,18.5,1157.53,4.0,4477968.0,0.037,71568.0,0.037,82842414.66,0.037,0.0,3,4560893.5,117274.37,84376533.45,0,0,0,-1,Unclassified / General,0,unique,283810,0
BIMATOPROST,2022,2023,4809669.0,76869.0,88978889.82,18.5,1157.54,4.0,4643819.0,0.0357,74219.0,0.0357,85910652.24,0.0357,0.0,4,4726744.0,117273.66,87444771.03,0,0,0,-1,Unclassified / General,0,unique,283810,0
BIMATOPROST,2023,2024,4975520.0,79520.0,92047127.4,18.5,1157.53,4.0,4809669.0,0.0345,76869.0,0.0345,88978889.82,0.0345,0.0,5,4892594.5,117274.37,90513008.61,0,0,0,-1,Unclassified / General,0,unique,283810,0
TRAVOPROST,2018,2019,2635302.0,555302.0,9223557.0,3.5,16.61,7.0,2635302.0,0.0,555302.0,0.0,9223557.0,0.0,0.0,0,2635302.0,0.0,9223557.0,1,0,0,-1,Ophthalmology,0,unique,283809,0
TRAVOPROST,2019,2020,2740714.0,577514.0,9592499.28,3.5,16.61,7.0,2635302.0,0.04,555302.0,0.04,9223557.0,0.04,0.0,1,2688008.0,74537.54,9408028.14,0,0,0,-1,Ophthalmology,0,unique,283809,0
TRAVOPROST,2020,2021,2846126.0,599726.0,9961441.56,3.5,16.61,7.0,2740714.0,0.0385,577514.0,0.0385,9592499.28,0.0385,0.0,2,2793420.0,74537.54,9776970.42,0,0,0,-1,Ophthalmology,0,unique,283809,0
TRAVOPROST,2021,2022,2951538.0,621938.0,10330383.84,3.5,16.61,7.0,2846126.0,0.037,599726.0,0.037,9961441.56,0.037,0.0,3,2898832.0,74537.54,10145912.7,0,0,0,-1,Ophthalmology,0,unique,283809,0
TRAVOPROST,2022,2023,3056950.0,644150.0,10699326.12,3.5,16.61,7.0,2951538.0,0.0357,621938.0,0.0357,10330383.84,0.0357,0.0,4,3004244.0,74537.54,10514854.98,0,0,0,-1,Ophthalmology,0,unique,283809,0
TRAVOPROST,2023,2024,3162362.0,666362.0,11068268.4,3.5,16.61,7.0,3056950.0,0.0345,644150.0,0.0345,10699326.12,0.0345,0.0,5,3109656.0,74537.54,10883797.26,0,0,0,-1,Ophthalmology,0,unique,283809,0
TAFLUPROST,2018,2019,5010128.0,930128.0,147798776.0,29.5,158.9,1.0,5010128.0,0.0,930128.0,0.0,147798776.0,0.0,0.0,0,5010128.0,0.0,147798776.0,1,0,0,-1,Unclassified / General,1,unique,1244607,0
TAFLUPROST,2019,2020,5210533.0,967333.0,153710727.04,29.5,158.9,1.0,5010128.0,0.04,930128.0,0.04,147798776.0,0.04,0.0,1,5110330.5,141707.73,150754751.52,0,0,0,-1,Unclassified / General,1,unique,1244607,0
TAFLUPROST,2020,2021,5410938.0,1004538.0,159622678.08,29.5,158.9,1.0,5210533.0,0.0385,967333.0,0.0385,153710727.04,0.0385,0.0,2,5310735.5,141707.73,156666702.56,0,0,0,-1,Unclassified / General,1,unique,1244607,0
TAFLUPROST,2021,2022,5611343.0,1041743.0,165534629.12,29.5,158.9,1.0,5410938.0,0.037,1004538.0,0.037,159622678.08,0.037,0.0,3,5511140.5,141707.73,162578653.6,0,0,0,-1,Unclassified / General,1,unique,1244607,0
TAFLUPROST,2022,2023,5811748.0,1078948.0,171446580.16,29.5,158.9,1.0,5611343.0,0.0357,1041743.0,0.0357,165534629.12,0.0357,0.0,4,5711545.5,141707.73,168490604.64,0,0,0,-1,Unclassified / General,1,unique,1244607,0
TAFLUPROST,2023,2024,6012153.0,1116153.0,177358531.2,29.5,158.9,1.0,5811748.0,0.0345,1078948.0,0.0345,171446580.16,0.0345,0.0,5,5911950.5,141707.73,174402555.68,0,0,0,-1,Unclassified / General,1,unique,1244607,0
BETAXOLOL,2018,2019,1586099.0,506099.0,80097999.5,50.5,158.27,4.0,1586099.0,0.0,506099.0,0.0,80097999.5,0.0,0.0,0,1586099.0,0.0,80097999.5,1,0,0,-1,Unclassified / General,0,unique,1520,0
BETAXOLOL,2019,2020,1649542.0,526342.0,83301919.48,50.5,158.27,4.0,1586099.0,0.04,506099.0,0.04,80097999.5,0.04,0.0,1,1617820.5,44860.98,81699959.49,0,0,0,-1,Unclassified / General,0,unique,1520,0
BETAXOLOL,2020,2021,1712986.0,546586.0,86505839.46,50.5,158.27,4.0,1649542.0,0.0385,526342.0,0.0385,83301919.48,0.0385,0.0,2,1681264.0,44861.68,84903879.47,0,0,0,-1,Unclassified / General,0,unique,1520,0
BETAXOLOL,2021,2022,1776430.0,566830.0,89709759.44,50.5,158.27,4.0,1712986.0,0.037,546586.0,0.037,86505839.46,0.037,0.0,3,1744708.0,44861.68,88107799.45,0,0,0,-1,Unclassified / General,0,unique,1520,0
BETAXOLOL,2022,2023,1839874.0,587074.0,92913679.42,50.5,158.27,4.0,1776430.0,0.0357,566830.0,0.0357,89709759.44,0.0357,0.0,4,1808152.0,44861.68,91311719.43,0,0,0,-1,Unclassified / General,0,unique,1520,0
BETAXOLOL,2023,2024,1903318.0,607318.0,96117599.4,50.5,158.27,4.0,1839874.0,0.0345,587074.0,0.0345,92913679.42,0.0345,0.0,5,1871596.0,44861.68,94515639.41,0,0,0,-1,Unclassified / General,0,unique,1520,0
BRINZOLAMIDE,2018,2019,4398380.0,318380.0,138548970.0,31.5,435.17,5.0,4398380.0,0.0,318380.0,0.0,138548970.0,0.0,0.0,0,4398380.0,0.0,138548970.0,1,0,0,-1,Unclassified / General,0,unique,194881,0
BRINZOLAMIDE,2019,2020,4574315.0,331115.0,144090928.8,31.5,435.17,5.0,4398380.0,0.04,318380.0,0.04,138548970.0,0.04,0.0,1,4486347.5,124404.83,141319949.4,0,0,0,-1,Unclassified / General,0,unique,194881,0
BRINZOLAMIDE,2020,2021,4750250.0,343850.0,149632887.6,31.5,435.17,5.0,4574315.0,0.0385,331115.0,0.0385,144090928.8,0.0385,0.0,2,4662282.5,124404.83,146861908.2,0,0,0,-1,Unclassified / General,0,unique,194881,0
BRINZOLAMIDE,2021,2022,4926185.0,356585.0,155174846.4,31.5,435.17,5.0,4750250.0,0.037,343850.0,0.037,149632887.6,0.037,0.0,3,4838217.5,124404.83,152403867.0,0,0,0,-1,Unclassified / General,0,unique,194881,0
BRINZOLAMIDE,2022,2023,5102120.0,369320.0,160716805.2,31.5,435.17,5.0,4926185.0,0.0357,356585.0,0.0357,155174846.4,0.0357,0.0,4,5014152.5,124404.83,157945825.8,0,0,0,-1,Unclassified / General,0,unique,194881,0
BRINZOLAMIDE,2023,2024,5278056.0,382056.0,166258764.0,31.5,435.17,5.0,5102120.0,0.0345,369320.0,0.0345,160716805.2,0.0345,0.0,5,5190088.0,124405.54,163487784.6,0,0,0,-1,Unclassified / General,0,unique,194881,0
ACETAZOLAMIDE,2018,2019,1157183.0,77183.0,39922813.5,34.5,517.25,8.0,1157183.0,0.0,77183.0,0.0,39922813.5,0.0,0.0,0,1157183.0,0.0,39922813.5,1,0,0,-1,Unclassified / General,0,unique,167,0
ACETAZOLAMIDE,2019,2020,1203470.0,80270.0,41519726.04,34.5,517.25,8.0,1157183.0,0.04,77183.0,0.04,39922813.5,0.04,0.0,1,1180326.5,32729.85,40721269.77,0,0,0,-1,Unclassified / General,0,unique,167,0
ACETAZOLAMIDE,2020,2021,1249757.0,83357.0,43116638.58,34.5,517.25,8.0,1203470.0,0.0385,80270.0,0.0385,41519726.04,0.0385,0.0,2,1226613.5,32729.85,42318182.31,0,0,0,-1,Unclassified / General,0,unique,167,0
ACETAZOLAMIDE,2021,2022,1296044.0,86444.0,44713551.12,34.5,517.25,8.0,1249757.0,0.037,83357.0,0.037,43116638.58,0.037,0.0,3,1272900.5,32729.85,43915094.85,0,0,0,-1,Unclassified / General,0,unique,167,0
ACETAZOLAMIDE,2022,2023,1342332.0,89532.0,46310463.66,34.5,517.25,8.0,1296044.0,0.0357,86444.0,0.0357,44713551.12,0.0357,0.0,4,1319188.0,32730.56,45512007.39,0,0,0,-1,Unclassified / General,0,unique,167,0
ACETAZOLAMIDE,2023,2024,1388619.0,92619.0,47907376.2,34.5,517.25,8.0,1342332.0,0.0345,89532.0,0.0345,46310463.66,0.0345,0.0,5,1365475.5,32729.85,47108919.93,0,0,0,-1,Unclassified / General,0,unique,167,0
METHAZOLAMIDE,2018,2019,4149710.0,69710.0,47721665.0,11.5,684.57,7.0,4149710.0,0.0,69710.0,0.0,47721665.0,0.0,0.0,0,4149710.0,0.0,47721665.0,1,0,0,-1,Unclassified / General,0,unique,6826,0
METHAZOLAMIDE,2019,2020,4315698.0,72498.0,49630531.6,11.5,684.58,7.0,4149710.0,0.04,69710.0,0.04,47721665.0,0.04,0.0,1,4232704.0,117371.24,48676098.3,0,0,0,-1,Unclassified / General,0,unique,6826,0
METHAZOLAMIDE,2020,2021,4481686.0,75286.0,51539398.2,11.5,684.58,7.0,4315698.0,0.0385,72498.0,0.0385,49630531.6,0.0385,0.0,2,4398692.0,117371.24,50584964.9,0,0,0,-1,Unclassified / General,0,unique,6826,0
METHAZOLAMIDE,2021,2022,4647675.0,78075.0,53448264.8,11.5,684.58,7.0,4481686.0,0.037,75286.0,0.037,51539398.2,0.037,0.0,3,4564680.5,117371.95,52493831.5,0,0,0,-1,Unclassified / General,0,unique,6826,0
METHAZOLAMIDE,2022,2023,4813663.0,80863.0,55357131.4,11.5,684.58,7.0,4647675.0,0.0357,78075.0,0.0357,53448264.8,0.0357,0.0,4,4730669.0,117371.24,54402698.1,0,0,0,-1,Unclassified / General,0,unique,6826,0
METHAZOLAMIDE,2023,2024,4979652.0,83652.0,57265998.0,11.5,684.57,7.0,4813663.0,0.0345,80863.0,0.0345,55357131.4,0.0345,0.0,5,4896657.5,117371.95,56311564.7,0,0,0,-1,Unclassified / General,0,unique,6826,0
PILOCARPINE,2018,2019,5071219.0,991219.0,103959989.5,20.5,104.88,4.0,5071219.0,0.0,991219.0,0.0,103959989.5,0.0,0.0,0,5071219.0,0.0,103959989.5,1,0,0,-1,Ophthalmology,0,unique,8328,0
PILOCARPINE,2019,2020,5274067.0,1030867.0,108118389.08,20.5,104.88,4.0,5071219.0,0.04,991219.0,0.04,103959989.5,0.04,0.0,1,5172643.0,143435.2,106039189.29,0,0,0,-1,Ophthalmology,0,unique,8328,0
PILOCARPINE,2020,2021,5476916.0,1070516.0,112276788.66,20.5,104.88,4.0,5274067.0,0.0385,1030867.0,0.0385,108118389.08,0.0385,0.0,2,5375491.5,143435.9,110197588.87,0,0,0,-1,Ophthalmology,0,unique,8328,0
PILOCARPINE,2021,2022,5679765.0,1110165.0,116435188.24,20.5,104.88,4.0,5476916.0,0.037,1070516.0,0.037,112276788.66,0.037,0.0,3,5578340.5,143435.9,114355988.45,0,0,0,-1,Ophthalmology,0,unique,8328,0
PILOCARPINE,2022,2023,5882614.0,1149814.0,120593587.82,20.5,104.88,4.0,5679765.0,0.0357,1110165.0,0.0357,116435188.24,0.0357,0.0,4,5781189.5,143435.9,118514388.03,0,0,0,-1,Ophthalmology,0,unique,8328,0
PILOCARPINE,2023,2024,6085462.0,1189462.0,124751987.4,20.5,104.88,4.0,5882614.0,0.0345,1149814.0,0.0345,120593587.82,0.0345,0.0,5,5984038.0,143435.2,122672787.61,0,0,0,-1,Ophthalmology,0,unique,8328,0
GANTIFLOXACIN,2018,2019,3799056.0,719056.0,28492920.0,7.5,39.63,1.0,3799056.0,0.0,719056.0,0.0,28492920.0,0.0,0.0,0,3799056.0,0.0,28492920.0,1,0,0,-1,Unclassified / General,1,unmapped,,0
GANTIFLOXACIN,2019,2020,3951018.0,747818.0,29632636.8,7.5,39.63,1.0,3799056.0,0.04,719056.0,0.04,28492920.0,0.04,0.0,1,3875037.0,107453.36,29062778.4,0,0,0,-1,Unclassified / General,1,unmapped,,0
GANTIFLOXACIN,2020,2021,4102980.0,776580.0,30772353.6,7.5,39.63,1.0,3951018.0,0.0385,747818.0,0.0385,29632636.8,0.0385,0.0,2,4026999.0,107453.36,30202495.2,0,0,0,-1,Unclassified / General,1,unmapped,,0
GANTIFLOXACIN,2021,2022,4254942.0,805342.0,31912070.4,7.5,39.63,1.0,4102980.0,0.037,776580.0,0.037,30772353.6,0.037,0.0,3,4178961.0,107453.36,31342212.0,0,0,0,-1,Unclassified / General,1,unmapped,,0
GANTIFLOXACIN,2022,2023,4406904.0,834104.0,33051787.2,7.5,39.63,1.0,4254942.0,0.0357,805342.0,0.0357,31912070.4,0.0357,0.0,4,4330923.0,107453.36,32481928.8,0,0,0,-1,Unclassified / General,1,unmapped,,0
GANTIFLOXACIN,2023,2024,4558867.0,862867.0,34191504.0,7.5,39.63,1.0,4406904.0,0.0345,834104.0,0.0345,33051787.2,0.0345,0.0,5,4482885.5,107454.07,33621645.6,0,0,0,-1,Unclassified / General,1,unmapped,,0
PREDNISOLONE,2018,2019,656806.0,576806.0,4926045.0,7.5,8.54,7.0,656806.0,0.0,576806.0,0.0,4926045.0,0.0,0.0,0,656806.0,0.0,4926045.0,1,0,0,-1,Unclassified / General,0,unique,8638,0
PREDNISOLONE,2019,2020,683078.0,599878.0,5123086.8,7.5,8.54,7.0,656806.0,0.04,576806.0,0.04,4926045.0,0.04,0.0,1,669942.0,18577.11,5024565.9,0,0,0,-1,Unclassified / General,0,unique,8638,0
PREDNISOLONE,2020,2021,709350.0,622950.0,5320128.6,7.5,8.54,7.0,683078.0,0.0385,599878.0,0.0385,5123086.8,0.0385,0.0,2,696214.0,18577.11,5221607.7,0,0,0,-1,Unclassified / General,0,unique,8638,0
PREDNISOLONE,2021,2022,735622.0,646022.0,5517170.4,7.5,8.54,7.0,709350.0,0.037,622950.0,0.037,5320128.6,0.037,0.0,3,722486.0,18577.11,5418649.5,0,0,0,-1,Unclassified / General,0,unique,8638,0
PREDNISOLONE,2022,2023,761894.0,669094.0,5714212.2,7.5,8.54,7.0,735622.0,0.0357,646022.0,0.0357,5517170.4,0.0357,0.0,4,748758.0,18577.11,5615691.3,0,0,0,-1,Unclassified / General,0,unique,8638,0
PREDNISOLONE,2023,2024,788167.0,692167.0,5911254.0,7.5,8.54,7.0,761894.0,0.0345,669094.0,0.0345,5714212.2,0.0345,0.0,5,775030.5,18577.82,5812733.1,0,0,0,-1,Unclassified / General,0,unique,8638,0
FLUMETHASONE,2018,2019,2398769.0,318769.0,49174764.5,20.5,154.26,2.0,2398769.0,0.0,318769.0,0.0,49174764.5,0.0,0.0,0,2398769.0,0.0,49174764.5,1,0,0,-1,Unclassified / General,0,unique,4458,0
FLUMETHASONE,2019,2020,2494719.0,331519.0,51141755.08,20.5,154.26,2.0,2398769.0,0.04,318769.0,0.04,49174764.5,0.04,0.0,1,2446744.0,67846.9,50158259.79,0,0,0,-1,Unclassified / General,0,unique,4458,0
FLUMETHASONE,2020,2021,2590670.0,344270.0,53108745.66,20.5,154.26,2.0,2494719.0,0.0385,331519.0,0.0385,51141755.08,0.0385,0.0,2,2542694.5,67847.6,52125250.37,0,0,0,-1,Unclassified / General,0,unique,4458,0
FLUMETHASONE,2021,2022,2686621.0,357021.0,55075736.24,20.5,154.26,2.0,2590670.0,0.037,344270.0,0.037,53108745.66,0.037,0.0,3,2638645.5,67847.6,54092240.95,0,0,0,-1,Unclassified / General,0,unique,4458,0
FLUMETHASONE,2022,2023,2782572.0,369772.0,57042726.82,20.5,154.26,2.0,2686621.0,0.0357,357021.0,0.0357,55075736.24,0.0357,0.0,4,2734596.5,67847.6,56059231.53,0,0,0,-1,Unclassified / General,0,unique,4458,0
FLUMETHASONE,2023,2024,2878522.0,382522.0,59009717.4,20.5,154.26,2.0,2782572.0,0.0345,369772.0,0.0345,57042726.82,0.0345,0.0,5,2830547.0,67846.9,58026222.11,0,0,0,-1,Unclassified / General,0,unique,4458,0
LOTEPREDNOL,2018,2019,4191933.0,111933.0,144621688.5,34.5,1292.04,6.0,4191933.0,0.0,111933.0,0.0,144621688.5,0.0,0.0,0,4191933.0,0.0,144621688.5,1,0,0,-1,Unclassified / General,0,unmapped,,0
LOTEPREDNOL,2019,2020,4359610.0,116410.0,150406556.04,34.5,1292.04,6.0,4191933.0,0.04,111933.0,0.04,144621688.5,0.04,0.0,1,4275771.5,118565.54,147514122.27,0,0,0,-1,Unclassified / General,0,unmapped,,0
LOTEPREDNOL,2020,2021,4527287.0,120887.0,156191423.58,34.5,1292.04,6.0,4359610.0,0.0385,116410.0,0.0385,150406556.04,0.0385,0.0,2,4443448.5,118565.54,153298989.81,0,0,0,-1,Unclassified / General,0,unmapped,,0
LOTEPREDNOL,2021,2022,4694964.0,125364.0,161976291.12,34.5,1292.05,6.0,4527287.0,0.037,120887.0,0.037,156191423.58,0.037,0.0,3,4611125.5,118565.54,159083857.35,0,0,0,-1,Unclassified / General,0,unmapped,,0
LOTEPREDNOL,2022,2023,4862642.0,129842.0,167761158.66,34.5,1292.04,6.0,4694964.0,0.0357,125364.0,0.0357,161976291.12,0.0357,0.0,4,4778803.0,118566.25,164868724.89,0,0,0,-1,Unclassified / General,0,unmapped,,0
LOTEPREDNOL,2023,2024,5030319.0,134319.0,173546026.2,34.5,1292.04,6.0,4862642.0,0.0345,129842.0,0.0345,167761158.66,0.0345,0.0,5,4946480.5,118565.54,170653592.43,0,0,0,-1,Unclassified / General,0,unmapped,,0
RIMEXOLONE,2018,2019,794882.0,714882.0,26628547.0,33.5,37.25,3.0,794882.0,0.0,714882.0,0.0,26628547.0,0.0,0.0,0,794882.0,0.0,26628547.0,1,0,0,-1,Unclassified / General,0,unique,55681,0
RIMEXOLONE,2019,2020,826677.0,743477.0,27693688.88,33.5,37.25,3.0,794882.0,0.04,714882.0,0.04,26628547.0,0.04,0.0,1,810779.5,22482.46,27161117.94,0,0,0,-1,Unclassified / General,0,unique,55681,0
RIMEXOLONE,2020,2021,858472.0,772072.0,28758830.76,33.5,37.25,3.0,826677.0,0.0385,743477.0,0.0385,27693688.88,0.0385,0.0,2,842574.5,22482.46,28226259.82,0,0,0,-1,Unclassified / General,0,unique,55681,0
RIMEXOLONE,2021,2022,890267.0,800667.0,29823972.64,33.5,37.25,3.0,858472.0,0.037,772072.0,0.037,28758830.76,0.037,0.0,3,874369.5,22482.46,29291401.7,0,0,0,-1,Unclassified / General,0,unique,55681,0
RIMEXOLONE,2022,2023,922063.0,829263.0,30889114.52,33.5,37.25,3.0,890267.0,0.0357,800667.0,0.0357,29823972.64,0.0357,0.0,4,906165.0,22483.17,30356543.58,0,0,0,-1,Unclassified / General,0,unique,55681,0
RIMEXOLONE,2023,2024,953858.0,857858.0,31954256.4,33.5,37.25,3.0,922063.0,0.0345,829263.0,0.0345,30889114.52,0.0345,0.0,5,937960.5,22482.46,31421685.46,0,0,0,-1,Unclassified / General,0,unique,55681,0
EPINASTINE,2018,2019,4035958.0,955958.0,38341601.0,9.5,40.11,7.0,4035958.0,0.0,955958.0,0.0,38341601.0,0.0,0.0,0,4035958.0,0.0,38341601.0,1,0,0,-1,Unclassified / General,0,unique,39684,0
EPINASTINE,2019,2020,4197396.0,994196.0,39875265.04,9.5,40.11,7.0,4035958.0,0.04,955958.0,0.04,38341601.0,0.04,0.0,1,4116677.0,114153.9,39108433.02,0,0,0,-1,Unclassified / General,0,unique,39684,0
EPINASTINE,2020,2021,4358834.0,1032434.0,41408929.08,9.5,40.11,7.0,4197396.0,0.0385,994196.0,0.0385,39875265.04,0.0385,0.0,2,4278115.0,114153.9,40642097.06,0,0,0,-1,Unclassified / General,0,unique,39684,0
EPINASTINE,2021,2022,4520272.0,1070672.0,42942593.12,9.5,40.11,7.0,4358834.0,0.037,1032434.0,0.037,41408929.08,0.037,0.0,3,4439553.0,114153.9,42175761.1,0,0,0,-1,Unclassified / General,0,unique,39684,0
EPINASTINE,2022,2023,4681711.0,1108911.0,44476257.16,9.5,40.11,7.0,4520272.0,0.0357,1070672.0,0.0357,42942593.12,0.0357,0.0,4,4600991.5,114154.61,43709425.14,0,0,0,-1,Unclassified / General,0,unique,39684,0
EPINASTINE,2023,2024,4843149.0,1147149.0,46009921.2,9.5,40.11,7.0,4681711.0,0.0345,1108911.0,0.0345,44476257.16,0.0345,0.0,5,4762430.0,114153.9,45243089.18,0,0,0,-1,Unclassified / General,0,unique,39684,0
KETOTIFEN,2018,2019,3219779.0,139779.0,98203259.5,30.5,702.56,4.0,3219779.0,0.0,139779.0,0.0,98203259.5,0.0,0.0,0,3219779.0,0.0,98203259.5,1,0,0,-1,Unclassified / General,0,unmapped,,0
KETOTIFEN,2019,2020,3348570.0,145370.0,102131389.88,30.5,702.56,4.0,3219779.0,0.04,139779.0,0.04,98203259.5,0.04,0.0,1,3284174.5,91068.99,100167324.69,0,0,0,-1,Unclassified / General,0,unmapped,,0
KETOTIFEN,2020,2021,3477361.0,150961.0,106059520.26,30.5,702.56,4.0,3348570.0,0.0385,145370.0,0.0385,102131389.88,0.0385,0.0,2,3412965.5,91068.99,104095455.07,0,0,0,-1,Unclassified / General,0,unmapped,,0
KETOTIFEN,2021,2022,3606152.0,156552.0,109987650.64,30.5,702.56,4.0,3477361.0,0.037,150961.0,0.037,106059520.26,0.037,0.0,3,3541756.5,91068.99,108023585.45,0,0,0,-1,Unclassified / General,0,unmapped,,0
KETOTIFEN,2022,2023,3734943.0,162143.0,113915781.02,30.5,702.56,4.0,3606152.0,0.0357,156552.0,0.0357,109987650.64,0.0357,0.0,4,3670547.5,91068.99,111951715.83,0,0,0,-1,Unclassified / General,0,unmapped,,0
KETOTIFEN,2023,2024,3863734.0,167734.0,117843911.4,30.5,702.56,4.0,3734943.0,0.0345,162143.0,0.0345,113915781.02,0.0345,0.0,5,3799338.5,91068.99,115879846.21,0,0,0,-1,Unclassified / General,0,unmapped,,0
CYCLOPENTOLATE,2018,2019,3515300.0,435300.0,5272950.0,1.5,12.11,5.0,3515300.0,0.0,435300.0,0.0,5272950.0,0.0,0.0,0,3515300.0,0.0,5272950.0,1,0,0,-1,Unclassified / General,0,unique,3001,0
CYCLOPENTOLATE,2019,2020,3655912.0,452712.0,5483868.0,1.5,12.11,5.0,3515300.0,0.04,435300.0,0.04,5272950.0,0.04,0.0,1,3585606.0,99427.7,5378409.0,0,0,0,-1,Unclassified / General,0,unique,3001,0
CYCLOPENTOLATE,2020,2021,3796524.0,470124.0,5694786.0,1.5,12.11,5.0,3655912.0,0.0385,452712.0,0.0385,5483868.0,0.0385,0.0,2,3726218.0,99427.7,5589327.0,0,0,0,-1,Unclassified / General,0,unique,3001,0
CYCLOPENTOLATE,2021,2022,3937136.0,487536.0,5905704.0,1.5,12.11,5.0,3796524.0,0.037,470124.0,0.037,5694786.0,0.037,0.0,3,3866830.0,99427.7,5800245.0,0,0,0,-1,Unclassified / General,0,unique,3001,0
CYCLOPENTOLATE,2022,2023,4077747.0,504947.0,6116622.0,1.5,12.11,5.0,3937136.0,0.0357,487536.0,0.0357,5905704.0,0.0357,0.0,4,4007441.5,99426.99,6011163.0,0,0,0,-1,Unclassified / General,0,unique,3001,0
CYCLOPENTOLATE,2023,2024,4218360.0,522360.0,6327540.0,1.5,12.11,5.0,4077747.0,0.0345,504947.0,0.0345,6116622.0,0.0345,0.0,5,4148053.5,99428.41,6222081.0,0,0,0,-1,Unclassified / General,0,unique,3001,0
TROPICAMIDE,2018,2019,1694308.0,614308.0,16095926.0,9.5,26.2,5.0,1694308.0,0.0,614308.0,0.0,16095926.0,0.0,0.0,0,1694308.0,0.0,16095926.0,1,0,0,-1,Unclassified / General,0,unique,10869,0
TROPICAMIDE,2019,2020,1762080.0,638880.0,16739763.04,9.5,26.2,5.0,1694308.0,0.04,614308.0,0.04,16095926.0,0.04,0.0,1,1728194.0,47922.04,16417844.52,0,0,0,-1,Unclassified / General,0,unique,10869,0
TROPICAMIDE,2020,2021,1829852.0,663452.0,17383600.08,9.5,26.2,5.0,1762080.0,0.0385,638880.0,0.0385,16739763.04,0.0385,0.0,2,1795966.0,47922.04,17061681.56,0,0,0,-1,Unclassified / General,0,unique,10869,0
TROPICAMIDE,2021,2022,1897624.0,688024.0,18027437.12,9.5,26.2,5.0,1829852.0,0.037,663452.0,0.037,17383600.08,0.037,0.0,3,1863738.0,47922.04,17705518.6,0,0,0,-1,Unclassified / General,0,unique,10869,0
TROPICAMIDE,2022,2023,1965397.0,712597.0,18671274.16,9.5,26.2,5.0,1897624.0,0.0357,688024.0,0.0357,18027437.12,0.0357,0.0,4,1931510.5,47922.75,18349355.64,0,0,0,-1,Unclassified / General,0,unique,10869,0
TROPICAMIDE,2023,2024,2033169.0,737169.0,19315111.2,9.5,26.2,5.0,1965397.0,0.0345,712597.0,0.0345,18671274.16,0.0345,0.0,5,1999283.0,47922.04,18993192.68,0,0,0,-1,Unclassified / General,0,unique,10869,0
ATROPINE,2018,2019,2300997.0,220997.0,111598354.5,48.5,504.98,6.0,2300997.0,0.0,220997.0,0.0,111598354.5,0.0,0.0,0,2300997.0,0.0,111598354.5,1,12,1,6,Anesthesia,0,unique,1223,0
ATROPINE,2019,2020,2393036.0,229836.0,116062288.68,48.5,504.98,6.0,2300997.0,0.04,220997.0,0.04,111598354.5,0.04,0.0,1,2347016.5,65081.4,113830321.59,0,12,1,7,Anesthesia,0,unique,1223,1
ATROPINE,2020,2021,2485076.0,238676.0,120526222.86,48.5,504.98,6.0,2393036.0,0.0385,229836.0,0.0385,116062288.68,0.0385,0.0,2,2439056.0,65082.11,118294255.77,0,16,1,0,Anesthesia,0,unique,1223,0
ATROPINE,2021,2022,2577116.0,247516.0,124990157.04,48.5,504.98,6.0,2485076.0,0.037,238676.0,0.037,120526222.86,0.037,0.0,3,2531096.0,65082.11,122758189.95,0,16,1,1,Anesthesia,0,unique,1223,0
ATROPINE,2022,2023,2669156.0,256356.0,129454091.22,48.5,504.98,6.0,2577116.0,0.0357,247516.0,0.0357,124990157.04,0.0357,0.0,4,2623136.0,65082.11,127222124.13,0,16,1,2,Anesthesia,0,unique,1223,1
ATROPINE,2023,2024,2761196.0,265196.0,133918025.4,48.5,504.98,6.0,2669156.0,0.0345,256356.0,0.0345,129454091.22,0.0345,0.0,5,2715176.0,65082.11,131686058.31,0,17,1,0,Anesthesia,0,unique,1223,0
PIMECROLIMUS,2018,2019,1809483.0,729483.0,62427163.5,34.5,85.58,4.0,1809483.0,0.0,729483.0,0.0,62427163.5,0.0,0.0,0,1809483.0,0.0,62427163.5,1,0,0,-1,Unclassified / General,0,unmapped,,0
PIMECROLIMUS,2019,2020,1881862.0,758662.0,64924250.04,34.5,85.58,4.0,1809483.0,0.04,729483.0,0.04,62427163.5,0.04,0.0,1,1845672.5,51179.68,63675706.77,0,0,0,-1,Unclassified / General,0,unmapped,,0
PIMECROLIMUS,2020,2021,1954241.0,787841.0,67421336.58,34.5,85.58,4.0,1881862.0,0.0385,758662.0,0.0385,64924250.04,0.0385,0.0,2,1918051.5,51179.68,66172793.31,0,0,0,-1,Unclassified / General,0,unmapped,,0
PIMECROLIMUS,2021,2022,2026620.0,817020.0,69918423.12,34.5,85.58,4.0,1954241.0,0.037,787841.0,0.037,67421336.58,0.037,0.0,3,1990430.5,51179.68,68669879.85,0,0,0,-1,Unclassified / General,0,unmapped,,0
PIMECROLIMUS,2022,2023,2099000.0,846200.0,72415509.66,34.5,85.58,4.0,2026620.0,0.0357,817020.0,0.0357,69918423.12,0.0357,0.0,4,2062810.0,51180.39,71166966.39,0,0,0,-1,Unclassified / General,0,unmapped,,0
PIMECROLIMUS,2023,2024,2171379.0,875379.0,74912596.2,34.5,85.58,4.0,2099000.0,0.0345,846200.0,0.0345,72415509.66,0.0345,0.0,5,2135189.5,51179.68,73664052.93,0,0,0,-1,Unclassified / General,0,unmapped,,0
CRISABOROLE,2018,2019,103214.0,23214.0,1599817.0,15.5,68.92,7.0,103214.0,0.0,23214.0,0.0,1599817.0,0.0,0.0,0,103214.0,0.0,1599817.0,1,0,0,-1,Unclassified / General,0,unmapped,,0
CRISABOROLE,2019,2020,107342.0,24142.0,1663809.68,15.5,68.92,7.0,103214.0,0.04,23214.0,0.04,1599817.0,0.04,0.0,1,105278.0,2918.94,1631813.34,0,0,0,-1,Unclassified / General,0,unmapped,,0
CRISABOROLE,2020,2021,111471.0,25071.0,1727802.36,15.5,68.92,7.0,107342.0,0.0385,24142.0,0.0385,1663809.68,0.0385,0.0,2,109406.5,2919.64,1695806.02,0,0,0,-1,Unclassified / General,0,unmapped,,0
CRISABOROLE,2021,2022,115599.0,25999.0,1791795.04,15.5,68.92,7.0,111471.0,0.037,25071.0,0.037,1727802.36,0.037,0.0,3,113535.0,2918.94,1759798.7,0,0,0,-1,Unclassified / General,0,unmapped,,0
CRISABOROLE,2022,2023,119728.0,26928.0,1855787.72,15.5,68.92,7.0,115599.0,0.0357,25999.0,0.0357,1791795.04,0.0357,0.0,4,117663.5,2919.64,1823791.38,0,0,0,-1,Unclassified / General,0,unmapped,,0
CRISABOROLE,2023,2024,123856.0,27856.0,1919780.4,15.5,68.92,7.0,119728.0,0.0345,26928.0,0.0345,1855787.72,0.0345,0.0,5,121792.0,2918.94,1887784.06,0,0,0,-1,Unclassified / General,0,unmapped,,0
AZELAIC,2018,2019,4318955.0,238955.0,28073207.5,6.5,117.48,4.0,4318955.0,0.0,238955.0,0.0,28073207.5,0.0,0.0,0,4318955.0,0.0,28073207.5,1,0,0,-1,Unclassified / General,0,unmapped,,0
AZELAIC,2019,2020,4491713.0,248513.0,29196135.8,6.5,117.48,4.0,4318955.0,0.04,238955.0,0.04,28073207.5,0.04,0.0,1,4405334.0,122158.35,28634671.65,0,0,0,-1,Unclassified / General,0,unmapped,,0
AZELAIC,2020,2021,4664471.0,258071.0,30319064.1,6.5,117.48,4.0,4491713.0,0.0385,248513.0,0.0385,29196135.8,0.0385,0.0,2,4578092.0,122158.35,29757599.95,0,0,0,-1,Unclassified / General,0,unmapped,,0
AZELAIC,2021,2022,4837229.0,267629.0,31441992.4,6.5,117.48,4.0,4664471.0,0.037,258071.0,0.037,30319064.1,0.037,0.0,3,4750850.0,122158.35,30880528.25,0,0,0,-1,Unclassified / General,0,unmapped,,0
AZELAIC,2022,2023,5009987.0,277187.0,32564920.7,6.5,117.48,4.0,4837229.0,0.0357,267629.0,0.0357,31441992.4,0.0357,0.0,4,4923608.0,122158.35,32003456.55,0,0,0,-1,Unclassified / General,0,unmapped,,0
AZELAIC,2023,2024,5182746.0,286746.0,33687849.0,6.5,117.48,4.0,5009987.0,0.0345,277187.0,0.0345,32564920.7,0.0345,0.0,5,5096366.5,122159.06,33126384.85,0,0,0,-1,Unclassified / General,0,unmapped,,0
TRETINOIN,2018,2019,3227762.0,147762.0,43574787.0,13.5,294.9,3.0,3227762.0,0.0,147762.0,0.0,43574787.0,0.0,0.0,0,3227762.0,0.0,43574787.0,1,0,0,-1,Unclassified / General,0,unique,10753,0
TRETINOIN,2019,2020,3356872.0,153672.0,45317778.48,13.5,294.9,3.0,3227762.0,0.04,147762.0,0.04,43574787.0,0.04,0.0,1,3292317.0,91294.56,44446282.74,0,0,0,-1,Unclassified / General,0,unique,10753,0
TRETINOIN,2020,2021,3485982.0,159582.0,47060769.96,13.5,294.9,3.0,3356872.0,0.0385,153672.0,0.0385,45317778.48,0.0385,0.0,2,3421427.0,91294.56,46189274.22,0,0,0,-1,Unclassified / General,0,unique,10753,0
TRETINOIN,2021,2022,3615093.0,165493.0,48803761.44,13.5,294.9,3.0,3485982.0,0.037,159582.0,0.037,47060769.96,0.037,0.0,3,3550537.5,91295.26,47932265.7,0,0,0,-1,Unclassified / General,0,unique,10753,0
TRETINOIN,2022,2023,3744203.0,171403.0,50546752.92,13.5,294.9,3.0,3615093.0,0.0357,165493.0,0.0357,48803761.44,0.0357,0.0,4,3679648.0,91294.56,49675257.18,0,0,0,-1,Unclassified / General,0,unique,10753,0
TRETINOIN,2023,2024,3873314.0,177314.0,52289744.4,13.5,294.9,3.0,3744203.0,0.0345,171403.0,0.0345,50546752.92,0.0345,0.0,5,3808758.5,91295.26,51418248.66,0,0,0,-1,Unclassified / General,0,unique,10753,0
ADAPALENE,2018,2019,3180821.0,100821.0,71568472.5,22.5,709.86,6.0,3180821.0,0.0,100821.0,0.0,71568472.5,0.0,0.0,0,3180821.0,0.0,71568472.5,1,0,0,-1,Unclassified / General,0,unique,60223,0
ADAPALENE,2019,2020,3308053.0,104853.0,74431211.4,22.5,709.86,6.0,3180821.0,0.04,100821.0,0.04,71568472.5,0.04,0.0,1,3244437.0,89966.61,72999841.95,0,0,0,-1,Unclassified / General,0,unique,60223,0
ADAPALENE,2020,2021,3435286.0,108886.0,77293950.3,22.5,709.86,6.0,3308053.0,0.0385,104853.0,0.0385,74431211.4,0.0385,0.0,2,3371669.5,89967.32,75862580.85,0,0,0,-1,Unclassified / General,0,unique,60223,0
ADAPALENE,2021,2022,3562519.0,112919.0,80156689.2,22.5,709.86,6.0,3435286.0,0.037,108886.0,0.037,77293950.3,0.037,0.0,3,3498902.5,89967.32,78725319.75,0,0,0,-1,Unclassified / General,0,unique,60223,0
ADAPALENE,2022,2023,3689752.0,116952.0,83019428.1,22.5,709.86,6.0,3562519.0,0.0357,112919.0,0.0357,80156689.2,0.0357,0.0,4,3626135.5,89967.32,81588058.65,0,0,0,-1,Unclassified / General,0,unique,60223,0
ADAPALENE,2023,2024,3816985.0,120985.0,85882167.0,22.5,709.86,6.0,3689752.0,0.0345,116952.0,0.0345,83019428.1,0.0345,0.0,5,3753368.5,89967.32,84450797.55,0,0,0,-1,Unclassified / General,0,unique,60223,0
TAZAROTENE,2018,2019,860920.0,780920.0,18509780.0,21.5,23.7,1.0,860920.0,0.0,780920.0,0.0,18509780.0,0.0,0.0,0,860920.0,0.0,18509780.0,1,0,0,-1,Unclassified / General,1,unique,83947,0
TAZAROTENE,2019,2020,895356.0,812156.0,19250171.2,21.5,23.7,1.0,860920.0,0.04,780920.0,0.04,18509780.0,0.04,0.0,1,878138.0,24349.93,18879975.6,0,0,0,-1,Unclassified / General,1,unique,83947,0
TAZAROTENE,2020,2021,929793.0,843393.0,19990562.4,21.5,23.7,1.0,895356.0,0.0385,812156.0,0.0385,19250171.2,0.0385,0.0,2,912574.5,24350.64,19620366.8,0,0,0,-1,Unclassified / General,1,unique,83947,0
TAZAROTENE,2021,2022,964230.0,874630.0,20730953.6,21.5,23.7,1.0,929793.0,0.037,843393.0,0.037,19990562.4,0.037,0.0,3,947011.5,24350.64,20360758.0,0,0,0,-1,Unclassified / General,1,unique,83947,0
TAZAROTENE,2022,2023,998667.0,905867.0,21471344.8,21.5,23.7,1.0,964230.0,0.0357,874630.0,0.0357,20730953.6,0.0357,0.0,4,981448.5,24350.64,21101149.2,0,0,0,-1,Unclassified / General,1,unique,83947,0
TAZAROTENE,2023,2024,1033104.0,937104.0,22211736.0,21.5,23.7,1.0,998667.0,0.0345,905867.0,0.0345,21471344.8,0.0345,0.0,5,1015885.5,24350.64,21841540.4,0,0,0,-1,Unclassified / General,1,unique,83947,0
ISOTRETINOIN,2018,2019,4494388.0,414388.0,177528326.0,39.5,428.41,5.0,4494388.0,0.0,414388.0,0.0,177528326.0,0.0,0.0,0,4494388.0,0.0,177528326.0,1,0,0,-1,Unclassified / General,0,unique,6064,0
ISOTRETINOIN,2019,2020,4674163.0,430963.0,184629459.04,39.5,428.41,5.0,4494388.0,0.04,414388.0,0.04,177528326.0,0.04,0.0,1,4584275.5,127120.12,181078892.52,0,0,0,-1,Unclassified / General,0,unique,6064,0
ISOTRETINOIN,2020,2021,4853939.0,447539.0,191730592.08,39.5,428.41,5.0,4674163.0,0.0385,430963.0,0.0385,184629459.04,0.0385,0.0,2,4764051.0,127120.83,188180025.56,0,0,0,-1,Unclassified / General,0,unique,6064,0
ISOTRETINOIN,2021,2022,5033714.0,464114.0,198831725.12,39.5,428.41,5.0,4853939.0,0.037,447539.0,0.037,191730592.08,0.037,0.0,3,4943826.5,127120.12,195281158.6,0,0,0,-1,Unclassified / General,0,unique,6064,0
ISOTRETINOIN,2022,2023,5213490.0,480690.0,205932858.16,39.5,428.41,5.0,5033714.0,0.0357,464114.0,0.0357,198831725.12,0.0357,0.0,4,5123602.0,127120.83,202382291.64,0,0,0,-1,Unclassified / General,0,unique,6064,0
ISOTRETINOIN,2023,2024,5393265.0,497265.0,213033991.2,39.5,428.41,5.0,5213490.0,0.0345,480690.0,0.0345,205932858.16,0.0345,0.0,5,5303377.5,127120.12,209483424.68,0,0,0,-1,Unclassified / General,0,unique,6064,0
MUPIROCIN,2018,2019,1670490.0,590490.0,69325335.0,41.5,117.4,3.0,1670490.0,0.0,590490.0,0.0,69325335.0,0.0,0.0,0,1670490.0,0.0,69325335.0,1,0,0,-1,Unclassified / General,0,unique,42372,0
MUPIROCIN,2019,2020,1737309.0,614109.0,72098348.4,41.5,117.4,3.0,1670490.0,0.04,590490.0,0.04,69325335.0,0.04,0.0,1,1703899.5,47248.17,70711841.7,0,0,0,-1,Unclassified / General,0,unique,42372,0
MUPIROCIN,2020,2021,1804129.0,637729.0,74871361.8,41.5,117.4,3.0,1737309.0,0.0385,614109.0,0.0385,72098348.4,0.0385,0.0,2,1770719.0,47248.88,73484855.1,0,0,0,-1,Unclassified / General,0,unique,42372,0
MUPIROCIN,2021,2022,1870948.0,661348.0,77644375.2,41.5,117.4,3.0,1804129.0,0.037,637729.0,0.037,74871361.8,0.037,0.0,3,1837538.5,47248.17,76257868.5,0,0,0,-1,Unclassified / General,0,unique,42372,0
MUPIROCIN,2022,2023,1937768.0,684968.0,80417388.6,41.5,117.4,3.0,1870948.0,0.0357,661348.0,0.0357,77644375.2,0.0357,0.0,4,1904358.0,47248.88,79030881.9,0,0,0,-1,Unclassified / General,0,unique,42372,0
MUPIROCIN,2023,2024,2004588.0,708588.0,83190402.0,41.5,117.4,3.0,1937768.0,0.0345,684968.0,0.0345,80417388.6,0.0345,0.0,5,1971178.0,47248.88,81803895.3,0,0,0,-1,Unclassified / General,0,unique,42372,0
PERMETHRIN,2018,2019,1015486.0,935486.0,38080725.0,37.5,40.71,7.0,1015486.0,0.0,935486.0,0.0,38080725.0,0.0,0.0,0,1015486.0,0.0,38080725.0,1,0,0,-1,Unclassified / General,0,unique,33199,0
PERMETHRIN,2019,2020,1056105.0,972905.0,39603954.0,37.5,40.71,7.0,1015486.0,0.04,935486.0,0.04,38080725.0,0.04,0.0,1,1035795.5,28721.97,38842339.5,0,0,0,-1,Unclassified / General,0,unique,33199,0
PERMETHRIN,2020,2021,1096724.0,1010324.0,41127183.0,37.5,40.71,7.0,1056105.0,0.0385,972905.0,0.0385,39603954.0,0.0385,0.0,2,1076414.5,28721.97,40365568.5,0,0,0,-1,Unclassified / General,0,unique,33199,0
PERMETHRIN,2021,2022,1137344.0,1047744.0,42650412.0,37.5,40.71,7.0,1096724.0,0.037,1010324.0,0.037,41127183.0,0.037,0.0,3,1117034.0,28722.68,41888797.5,0,0,0,-1,Unclassified / General,0,unique,33199,0
PERMETHRIN,2022,2023,1177963.0,1085163.0,44173641.0,37.5,40.71,7.0,1137344.0,0.0357,1047744.0,0.0357,42650412.0,0.0357,0.0,4,1157653.5,28721.97,43412026.5,0,0,0,-1,Unclassified / General,0,unique,33199,0
PERMETHRIN,2023,2024,1218583.0,1122583.0,45696870.0,37.5,40.71,7.0,1177963.0,0.0345,1085163.0,0.0345,44173641.0,0.0345,0.0,5,1198273.0,28722.68,44935255.5,0,0,0,-1,Unclassified / General,0,unique,33199,0
MALATHION,2018,2019,1576396.0,496396.0,74878810.0,47.5,150.84,5.0,1576396.0,0.0,496396.0,0.0,74878810.0,0.0,0.0,0,1576396.0,0.0,74878810.0,1,0,0,-1,Unclassified / General,0,unique,6606,0
MALATHION,2019,2020,1639451.0,516251.0,77873962.4,47.5,150.85,5.0,1576396.0,0.04,496396.0,0.04,74878810.0,0.04,0.0,1,1607923.5,44586.62,76376386.2,0,0,0,-1,Unclassified / General,0,unique,6606,0
MALATHION,2020,2021,1702507.0,536107.0,80869114.8,47.5,150.85,5.0,1639451.0,0.0385,516251.0,0.0385,77873962.4,0.0385,0.0,2,1670979.0,44587.33,79371538.6,0,0,0,-1,Unclassified / General,0,unique,6606,0
MALATHION,2021,2022,1765563.0,555963.0,83864267.2,47.5,150.85,5.0,1702507.0,0.037,536107.0,0.037,80869114.8,0.037,0.0,3,1734035.0,44587.33,82366691.0,0,0,0,-1,Unclassified / General,0,unique,6606,0
MALATHION,2022,2023,1828619.0,575819.0,86859419.6,47.5,150.85,5.0,1765563.0,0.0357,555963.0,0.0357,83864267.2,0.0357,0.0,4,1797091.0,44587.33,85361843.4,0,0,0,-1,Unclassified / General,0,unique,6606,0
MALATHION,2023,2024,1891675.0,595675.0,89854572.0,47.5,150.84,5.0,1828619.0,0.0345,575819.0,0.0345,86859419.6,0.0345,0.0,5,1860147.0,44587.33,88356995.8,0,0,0,-1,Unclassified / General,0,unique,6606,0
SPINOSAD,2018,2019,2278468.0,198468.0,44430126.0,19.5,223.87,5.0,2278468.0,0.0,198468.0,0.0,44430126.0,0.0,0.0,0,2278468.0,0.0,44430126.0,1,0,0,-1,Unclassified / General,0,unique,299081,0
SPINOSAD,2019,2020,2369606.0,206406.0,46207331.04,19.5,223.87,5.0,2278468.0,0.04,198468.0,0.04,44430126.0,0.04,0.0,1,2324037.0,64444.3,45318728.52,0,0,0,-1,Unclassified / General,0,unique,299081,0
SPINOSAD,2020,2021,2460745.0,214345.0,47984536.08,19.5,223.87,5.0,2369606.0,0.0385,206406.0,0.0385,46207331.04,0.0385,0.0,2,2415175.5,64445.0,47095933.56,0,0,0,-1,Unclassified / General,0,unique,299081,0
SPINOSAD,2021,2022,2551884.0,222284.0,49761741.12,19.5,223.87,5.0,2460745.0,0.037,214345.0,0.037,47984536.08,0.037,0.0,3,2506314.5,64445.0,48873138.6,0,0,0,-1,Unclassified / General,0,unique,299081,0
SPINOSAD,2022,2023,2643022.0,230222.0,51538946.16,19.5,223.87,5.0,2551884.0,0.0357,222284.0,0.0357,49761741.12,0.0357,0.0,4,2597453.0,64444.3,50650343.64,0,0,0,-1,Unclassified / General,0,unique,299081,0
SPINOSAD,2023,2024,2734161.0,238161.0,53316151.2,19.5,223.87,5.0,2643022.0,0.0345,230222.0,0.0345,51538946.16,0.0345,0.0,5,2688591.5,64445.0,52427548.68,0,0,0,-1,Unclassified / General,0,unique,299081,0
IVERMECTIN,2018,2019,820230.0,740230.0,25837245.0,31.5,34.9,7.0,820230.0,0.0,740230.0,0.0,25837245.0,0.0,0.0,0,820230.0,0.0,25837245.0,1,0,0,-1,Unclassified / General,0,unique,6069,0
IVERMECTIN,2019,2020,853039.0,769839.0,26870734.8,31.5,34.9,7.0,820230.0,0.04,740230.0,0.04,25837245.0,0.04,0.0,1,836634.5,23199.47,26353989.9,0,0,0,-1,Unclassified / General,0,unique,6069,0
IVERMECTIN,2020,2021,885848.0,799448.0,27904224.6,31.5,34.9,7.0,853039.0,0.0385,769839.0,0.0385,26870734.8,0.0385,0.0,2,869443.5,23199.47,27387479.7,0,0,0,-1,Unclassified / General,0,unique,6069,0
IVERMECTIN,2021,2022,918657.0,829057.0,28937714.4,31.5,34.9,7.0,885848.0,0.037,799448.0,0.037,27904224.6,0.037,0.0,3,902252.5,23199.47,28420969.5,0,0,0,-1,Unclassified / General,0,unique,6069,0
IVERMECTIN,2022,2023,951466.0,858666.0,29971204.2,31.5,34.9,7.0,918657.0,0.0357,829057.0,0.0357,28937714.4,0.0357,0.0,4,935061.5,23199.47,29454459.3,0,0,0,-1,Unclassified / General,0,unique,6069,0
IVERMECTIN,2023,2024,984276.0,888276.0,31004694.0,31.5,34.9,7.0,951466.0,0.0345,858666.0,0.0345,29971204.2,0.0345,0.0,5,967871.0,23200.17,30487949.1,0,0,0,-1,Unclassified / General,0,unique,6069,0
CROTAMITON,2018,2019,2676687.0,596687.0,103052449.5,38.5,172.71,8.0,2676687.0,0.0,596687.0,0.0,103052449.5,0.0,0.0,0,2676687.0,0.0,103052449.5,1,0,0,-1,Unclassified / General,0,unique,21766,0
CROTAMITON,2019,2020,2783754.0,620554.0,107174547.48,38.5,172.71,8.0,2676687.0,0.04,596687.0,0.04,103052449.5,0.04,0.0,1,2730220.5,75707.8,105113498.49,0,0,0,-1,Unclassified / General,0,unique,21766,0
CROTAMITON,2020,2021,2890821.0,644421.0,111296645.46,38.5,172.71,8.0,2783754.0,0.0385,620554.0,0.0385,107174547.48,0.0385,0.0,2,2837287.5,75707.8,109235596.47,0,0,0,-1,Unclassified / General,0,unique,21766,0
CROTAMITON,2021,2022,2997889.0,668289.0,115418743.44,38.5,172.71,8.0,2890821.0,0.037,644421.0,0.037,111296645.46,0.037,0.0,3,2944355.0,75708.51,113357694.45,0,0,0,-1,Unclassified / General,0,unique,21766,0
CROTAMITON,2022,2023,3104956.0,692156.0,119540841.42,38.5,172.71,8.0,2997889.0,0.0357,668289.0,0.0357,115418743.44,0.0357,0.0,4,3051422.5,75707.8,117479792.43,0,0,0,-1,Unclassified / General,0,unique,21766,0
CROTAMITON,2023,2024,3212024.0,716024.0,123662939.4,38.5,172.71,8.0,3104956.0,0.0345,692156.0,0.0345,119540841.42,0.0345,0.0,5,3158490.0,75708.51,121601890.41,0,0,0,-1,Unclassified / General,0,unique,21766,0
MINOXIDIL,2018,2019,1202793.0,122793.0,53524288.5,44.5,435.89,2.0,1202793.0,0.0,122793.0,0.0,53524288.5,0.0,0.0,0,1202793.0,0.0,53524288.5,1,0,0,-1,Unclassified / General,0,unique,6984,0
MINOXIDIL,2019,2020,1250904.0,127704.0,55665260.04,44.5,435.89,2.0,1202793.0,0.04,122793.0,0.04,53524288.5,0.04,0.0,1,1226848.5,34019.61,54594774.27,0,0,0,-1,Unclassified / General,0,unique,6984,0
MINOXIDIL,2020,2021,1299016.0,132616.0,57806231.58,44.5,435.89,2.0,1250904.0,0.0385,127704.0,0.0385,55665260.04,0.0385,0.0,2,1274960.0,34020.32,56735745.81,0,0,0,-1,Unclassified / General,0,unique,6984,0
MINOXIDIL,2021,2022,1347128.0,137528.0,59947203.12,44.5,435.89,2.0,1299016.0,0.037,132616.0,0.037,57806231.58,0.037,0.0,3,1323072.0,34020.32,58876717.35,0,0,0,-1,Unclassified / General,0,unique,6984,0
MINOXIDIL,2022,2023,1395239.0,142439.0,62088174.66,44.5,435.89,2.0,1347128.0,0.0357,137528.0,0.0357,59947203.12,0.0357,0.0,4,1371183.5,34019.61,61017688.89,0,0,0,-1,Unclassified / General,0,unique,6984,0
MINOXIDIL,2023,2024,1443351.0,147351.0,64229146.2,44.5,435.89,2.0,1395239.0,0.0345,142439.0,0.0345,62088174.66,0.0345,0.0,5,1419295.0,34020.32,63158660.43,0,0,0,-1,Unclassified / General,0,unique,6984,0
EFLORNITHINE,2018,2019,622908.0,542908.0,5917626.0,9.5,10.9,5.0,622908.0,0.0,542908.0,0.0,5917626.0,0.0,0.0,0,622908.0,0.0,5917626.0,1,0,0,-1,Unclassified / General,0,unique,569,0
EFLORNITHINE,2019,2020,647824.0,564624.0,6154331.04,9.5,10.9,5.0,622908.0,0.04,542908.0,0.04,5917626.0,0.04,0.0,1,635366.0,17618.27,6035978.52,0,0,0,-1,Unclassified / General,0,unique,569,0
EFLORNITHINE,2020,2021,672740.0,586340.0,6391036.08,9.5,10.9,5.0,647824.0,0.0385,564624.0,0.0385,6154331.04,0.0385,0.0,2,660282.0,17618.27,6272683.56,0,0,0,-1,Unclassified / General,0,unique,569,0
EFLORNITHINE,2021,2022,697656.0,608056.0,6627741.12,9.5,10.9,5.0,672740.0,0.037,586340.0,0.037,6391036.08,0.037,0.0,3,685198.0,17618.27,6509388.6,0,0,0,-1,Unclassified / General,0,unique,569,0
EFLORNITHINE,2022,2023,722573.0,629773.0,6864446.16,9.5,10.9,5.0,697656.0,0.0357,608056.0,0.0357,6627741.12,0.0357,0.0,4,710114.5,17618.98,6746093.64,0,0,0,-1,Unclassified / General,0,unique,569,0
EFLORNITHINE,2023,2024,747489.0,651489.0,7101151.2,9.5,10.9,5.0,722573.0,0.0345,629773.0,0.0345,6864446.16,0.0345,0.0,5,735031.0,17618.27,6982798.68,0,0,0,-1,Unclassified / General,0,unique,569,0
METHOXSALEN,2018,2019,3768909.0,688909.0,39573544.5,10.5,57.44,6.0,3768909.0,0.0,688909.0,0.0,39573544.5,0.0,0.0,0,3768909.0,0.0,39573544.5,1,0,0,-1,Unclassified / General,0,unique,6854,0
METHOXSALEN,2019,2020,3919665.0,716465.0,41156486.28,10.5,57.44,6.0,3768909.0,0.04,688909.0,0.04,39573544.5,0.04,0.0,1,3844287.0,106600.59,40365015.39,0,0,0,-1,Unclassified / General,0,unique,6854,0
METHOXSALEN,2020,2021,4070421.0,744021.0,42739428.06,10.5,57.44,6.0,3919665.0,0.0385,716465.0,0.0385,41156486.28,0.0385,0.0,2,3995043.0,106600.59,41947957.17,0,0,0,-1,Unclassified / General,0,unique,6854,0
METHOXSALEN,2021,2022,4221178.0,771578.0,44322369.84,10.5,57.44,6.0,4070421.0,0.037,744021.0,0.037,42739428.06,0.037,0.0,3,4145799.5,106601.3,43530898.95,0,0,0,-1,Unclassified / General,0,unique,6854,0
METHOXSALEN,2022,2023,4371934.0,799134.0,45905311.62,10.5,57.44,6.0,4221178.0,0.0357,771578.0,0.0357,44322369.84,0.0357,0.0,4,4296556.0,106600.59,45113840.73,0,0,0,-1,Unclassified / General,0,unique,6854,0
METHOXSALEN,2023,2024,4522690.0,826690.0,47488253.4,10.5,57.44,6.0,4371934.0,0.0345,799134.0,0.0345,45905311.62,0.0345,0.0,5,4447312.0,106600.59,46696782.51,0,0,0,-1,Unclassified / General,0,unique,6854,0
ACITRETIN,2018,2019,835949.0,755949.0,42215424.5,50.5,55.84,6.0,835949.0,0.0,755949.0,0.0,42215424.5,0.0,0.0,0,835949.0,0.0,42215424.5,1,0,0,-1,Unclassified / General,0,unique,16818,0
ACITRETIN,2019,2020,869386.0,786186.0,43904041.48,50.5,55.84,6.0,835949.0,0.04,755949.0,0.04,42215424.5,0.04,0.0,1,852667.5,23643.53,43059732.99,0,0,0,-1,Unclassified / General,0,unique,16818,0
ACITRETIN,2020,2021,902824.0,816424.0,45592658.46,50.5,55.84,6.0,869386.0,0.0385,786186.0,0.0385,43904041.48,0.0385,0.0,2,886105.0,23644.24,44748349.97,0,0,0,-1,Unclassified / General,0,unique,16818,0
ACITRETIN,2021,2022,936262.0,846662.0,47281275.44,50.5,55.84,6.0,902824.0,0.037,816424.0,0.037,45592658.46,0.037,0.0,3,919543.0,23644.24,46436966.95,0,0,0,-1,Unclassified / General,0,unique,16818,0
ACITRETIN,2022,2023,969700.0,876900.0,48969892.42,50.5,55.84,6.0,936262.0,0.0357,846662.0,0.0357,47281275.44,0.0357,0.0,4,952981.0,23644.24,48125583.93,0,0,0,-1,Unclassified / General,0,unique,16818,0
ACITRETIN,2023,2024,1003138.0,907138.0,50658509.4,50.5,55.84,6.0,969700.0,0.0345,876900.0,0.0345,48969892.42,0.0345,0.0,5,986419.0,23644.24,49814200.91,0,0,0,-1,Unclassified / General,0,unique,16818,0
CALCIPOTRIENE,2018,2019,4443809.0,363809.0,46659994.5,10.5,128.25,2.0,4443809.0,0.0,363809.0,0.0,46659994.5,0.0,0.0,0,4443809.0,0.0,46659994.5,1,0,0,-1,Unclassified / General,0,unique,29365,0
CALCIPOTRIENE,2019,2020,4621561.0,378361.0,48526394.28,10.5,128.25,2.0,4443809.0,0.04,363809.0,0.04,46659994.5,0.04,0.0,1,4532685.0,125689.64,47593194.39,0,0,0,-1,Unclassified / General,0,unique,29365,0
CALCIPOTRIENE,2020,2021,4799313.0,392913.0,50392794.06,10.5,128.25,2.0,4621561.0,0.0385,378361.0,0.0385,48526394.28,0.0385,0.0,2,4710437.0,125689.64,49459594.17,0,0,0,-1,Unclassified / General,0,unique,29365,0
CALCIPOTRIENE,2021,2022,4977066.0,407466.0,52259193.84,10.5,128.25,2.0,4799313.0,0.037,392913.0,0.037,50392794.06,0.037,0.0,3,4888189.5,125690.35,51325993.95,0,0,0,-1,Unclassified / General,0,unique,29365,0
CALCIPOTRIENE,2022,2023,5154818.0,422018.0,54125593.62,10.5,128.25,2.0,4977066.0,0.0357,407466.0,0.0357,52259193.84,0.0357,0.0,4,5065942.0,125689.64,53192393.73,0,0,0,-1,Unclassified / General,0,unique,29365,0
CALCIPOTRIENE,2023,2024,5332570.0,436570.0,55991993.4,10.5,128.25,2.0,5154818.0,0.0345,422018.0,0.0345,54125593.62,0.0345,0.0,5,5243694.0,125689.64,55058793.51,0,0,0,-1,Unclassified / General,0,unique,29365,0
ALCLOMETASONE,2018,2019,1299521.0,219521.0,29239222.5,22.5,133.2,2.0,1299521.0,0.0,219521.0,0.0,29239222.5,0.0,0.0,0,1299521.0,0.0,29239222.5,1,0,0,-1,Unclassified / General,0,unique,108088,0
ALCLOMETASONE,2019,2020,1351501.0,228301.0,30408791.4,22.5,133.2,2.0,1299521.0,0.04,219521.0,0.04,29239222.5,0.04,0.0,1,1325511.0,36755.41,29824006.95,0,0,0,-1,Unclassified / General,0,unique,108088,0
ALCLOMETASONE,2020,2021,1403482.0,237082.0,31578360.3,22.5,133.2,2.0,1351501.0,0.0385,228301.0,0.0385,30408791.4,0.0385,0.0,2,1377491.5,36756.12,30993575.85,0,0,0,-1,Unclassified / General,0,unique,108088,0
ALCLOMETASONE,2021,2022,1455463.0,245863.0,32747929.2,22.5,133.2,2.0,1403482.0,0.037,237082.0,0.037,31578360.3,0.037,0.0,3,1429472.5,36756.12,32163144.75,0,0,0,-1,Unclassified / General,0,unique,108088,0
ALCLOMETASONE,2022,2023,1507444.0,254644.0,33917498.1,22.5,133.2,2.0,1455463.0,0.0357,245863.0,0.0357,32747929.2,0.0357,0.0,4,1481453.5,36756.12,33332713.65,0,0,0,-1,Unclassified / General,0,unique,108088,0
ALCLOMETASONE,2023,2024,1559425.0,263425.0,35087067.0,22.5,133.2,2.0,1507444.0,0.0345,254644.0,0.0345,33917498.1,0.0345,0.0,5,1533434.5,36756.12,34502282.55,0,0,0,-1,Unclassified / General,0,unique,108088,0
DESONIDE,2018,2019,3114038.0,34038.0,123004501.0,39.5,3613.74,7.0,3114038.0,0.0,34038.0,0.0,123004501.0,0.0,0.0,0,3114038.0,0.0,123004501.0,1,0,0,-1,Unclassified / General,0,unique,3254,0
DESONIDE,2019,2020,3238599.0,35399.0,127924681.04,39.5,3613.79,7.0,3114038.0,0.04,34038.0,0.04,123004501.0,0.04,0.0,1,3176318.5,88077.93,125464591.02,0,0,0,-1,Unclassified / General,0,unique,3254,0
DESONIDE,2020,2021,3363161.0,36761.0,132844861.08,39.5,3613.74,7.0,3238599.0,0.0385,35399.0,0.0385,127924681.04,0.0385,0.0,2,3300880.0,88078.63,130384771.06,0,0,0,-1,Unclassified / General,0,unique,3254,0
DESONIDE,2021,2022,3487722.0,38122.0,137765041.12,39.5,3613.79,7.0,3363161.0,0.037,36761.0,0.037,132844861.08,0.037,0.0,3,3425441.5,88077.93,135304951.1,0,0,0,-1,Unclassified / General,0,unique,3254,0
DESONIDE,2022,2023,3612284.0,39484.0,142685221.16,39.5,3613.75,7.0,3487722.0,0.0357,38122.0,0.0357,137765041.12,0.0357,0.0,4,3550003.0,88078.63,140225131.14,0,0,0,-1,Unclassified / General,0,unique,3254,0
DESONIDE,2023,2024,3736845.0,40845.0,147605401.2,39.5,3613.79,7.0,3612284.0,0.0345,39484.0,0.0345,142685221.16,0.0345,0.0,5,3674564.5,88077.93,145145311.18,0,0,0,-1,Unclassified / General,0,unique,3254,0
FLUOCINONIDE,2018,2019,3477363.0,397363.0,50421763.5,14.5,126.89,4.0,3477363.0,0.0,397363.0,0.0,50421763.5,0.0,0.0,0,3477363.0,0.0,50421763.5,1,0,0,-1,Unclassified / General,0,unique,4462,0
FLUOCINONIDE,2019,2020,3616457.0,413257.0,52438634.04,14.5,126.89,4.0,3477363.0,0.04,397363.0,0.04,50421763.5,0.04,0.0,1,3546910.0,98354.31,51430198.77,0,0,0,-1,Unclassified / General,0,unique,4462,0
FLUOCINONIDE,2020,2021,3755552.0,429152.0,54455504.58,14.5,126.89,4.0,3616457.0,0.0385,413257.0,0.0385,52438634.04,0.0385,0.0,2,3686004.5,98355.02,53447069.31,0,0,0,-1,Unclassified / General,0,unique,4462,0
FLUOCINONIDE,2021,2022,3894646.0,445046.0,56472375.12,14.5,126.89,4.0,3755552.0,0.037,429152.0,0.037,54455504.58,0.037,0.0,3,3825099.0,98354.31,55463939.85,0,0,0,-1,Unclassified / General,0,unique,4462,0
FLUOCINONIDE,2022,2023,4033741.0,460941.0,58489245.66,14.5,126.89,4.0,3894646.0,0.0357,445046.0,0.0357,56472375.12,0.0357,0.0,4,3964193.5,98355.02,57480810.39,0,0,0,-1,Unclassified / General,0,unique,4462,0
FLUOCINONIDE,2023,2024,4172835.0,476835.0,60506116.2,14.5,126.89,4.0,4033741.0,0.0345,460941.0,0.0345,58489245.66,0.0345,0.0,5,4103288.0,98354.31,59497680.93,0,0,0,-1,Unclassified / General,0,unique,4462,0
HALOBETASOL,2018,2019,5051197.0,971197.0,244983054.5,48.5,252.25,6.0,5051197.0,0.0,971197.0,0.0,244983054.5,0.0,0.0,0,5051197.0,0.0,244983054.5,1,0,0,-1,Unclassified / General,0,unique,41208,0
HALOBETASOL,2019,2020,5253244.0,1010044.0,254782376.68,48.5,252.25,6.0,5051197.0,0.04,971197.0,0.04,244983054.5,0.04,0.0,1,5152220.5,142868.8,249882715.59,0,0,0,-1,Unclassified / General,0,unique,41208,0
HALOBETASOL,2020,2021,5455292.0,1048892.0,264581698.86,48.5,252.25,6.0,5253244.0,0.0385,1010044.0,0.0385,254782376.68,0.0385,0.0,2,5354268.0,142869.51,259682037.77,0,0,0,-1,Unclassified / General,0,unique,41208,0
HALOBETASOL,2021,2022,5657340.0,1087740.0,274381021.04,48.5,252.25,6.0,5455292.0,0.037,1048892.0,0.037,264581698.86,0.037,0.0,3,5556316.0,142869.51,269481359.95,0,0,0,-1,Unclassified / General,0,unique,41208,0
HALOBETASOL,2022,2023,5859388.0,1126588.0,284180343.22,48.5,252.25,6.0,5657340.0,0.0357,1087740.0,0.0357,274381021.04,0.0357,0.0,4,5758364.0,142869.51,279280682.13,0,0,0,-1,Unclassified / General,0,unique,41208,0
HALOBETASOL,2023,2024,6061436.0,1165436.0,293979665.4,48.5,252.25,6.0,5859388.0,0.0345,1126588.0,0.0345,284180343.22,0.0345,0.0,5,5960412.0,142869.51,289080004.31,0,0,0,-1,Unclassified / General,0,unique,41208,0
FLURANDRENOLIDE,2018,2019,4222540.0,142540.0,175235410.0,41.5,1229.38,5.0,4222540.0,0.0,142540.0,0.0,175235410.0,0.0,0.0,0,4222540.0,0.0,175235410.0,1,0,0,-1,Unclassified / General,0,unique,4500,0
FLURANDRENOLIDE,2019,2020,4391441.0,148241.0,182244826.4,41.5,1229.38,5.0,4222540.0,0.04,142540.0,0.04,175235410.0,0.04,0.0,1,4306990.5,119431.04,178740118.2,0,0,0,-1,Unclassified / General,0,unique,4500,0
FLURANDRENOLIDE,2020,2021,4560343.0,153943.0,189254242.8,41.5,1229.38,5.0,4391441.0,0.0385,148241.0,0.0385,182244826.4,0.0385,0.0,2,4475892.0,119431.75,185749534.6,0,0,0,-1,Unclassified / General,0,unique,4500,0
FLURANDRENOLIDE,2021,2022,4729244.0,159644.0,196263659.2,41.5,1229.38,5.0,4560343.0,0.037,153943.0,0.037,189254242.8,0.037,0.0,3,4644793.5,119431.04,192758951.0,0,0,0,-1,Unclassified / General,0,unique,4500,0
FLURANDRENOLIDE,2022,2023,4898146.0,165346.0,203273075.6,41.5,1229.38,5.0,4729244.0,0.0357,159644.0,0.0357,196263659.2,0.0357,0.0,4,4813695.0,119431.75,199768367.4,0,0,0,-1,Unclassified / General,0,unique,4500,0
FLURANDRENOLIDE,2023,2024,5067048.0,171048.0,210282492.0,41.5,1229.38,5.0,4898146.0,0.0345,165346.0,0.0345,203273075.6,0.0345,0.0,5,4982597.0,119431.75,206777783.8,0,0,0,-1,Unclassified / General,0,unique,4500,0
HALCINONIDE,2018,2019,2842332.0,762332.0,95218122.0,33.5,124.9,5.0,2842332.0,0.0,762332.0,0.0,95218122.0,0.0,0.0,0,2842332.0,0.0,95218122.0,1,0,0,-1,Unclassified / General,0,unique,5084,0
HALCINONIDE,2019,2020,2956025.0,792825.0,99026846.88,33.5,124.9,5.0,2842332.0,0.04,762332.0,0.04,95218122.0,0.04,0.0,1,2899178.5,80393.09,97122484.44,0,0,0,-1,Unclassified / General,0,unique,5084,0
HALCINONIDE,2020,2021,3069718.0,823318.0,102835571.76,33.5,124.9,5.0,2956025.0,0.0385,792825.0,0.0385,99026846.88,0.0385,0.0,2,3012871.5,80393.09,100931209.32,0,0,0,-1,Unclassified / General,0,unique,5084,0
HALCINONIDE,2021,2022,3183411.0,853811.0,106644296.64,33.5,124.9,5.0,3069718.0,0.037,823318.0,0.037,102835571.76,0.037,0.0,3,3126564.5,80393.09,104739934.2,0,0,0,-1,Unclassified / General,0,unique,5084,0
HALCINONIDE,2022,2023,3297105.0,884305.0,110453021.52,33.5,124.9,5.0,3183411.0,0.0357,853811.0,0.0357,106644296.64,0.0357,0.0,4,3240258.0,80393.8,108548659.08,0,0,0,-1,Unclassified / General,0,unique,5084,0
HALCINONIDE,2023,2024,3410798.0,914798.0,114261746.4,33.5,124.9,5.0,3297105.0,0.0345,884305.0,0.0345,110453021.52,0.0345,0.0,5,3353951.5,80393.09,112357383.96,0,0,0,-1,Unclassified / General,0,unique,5084,0
AMCINONIDE,2018,2019,2366547.0,286547.0,114777529.5,48.5,400.55,4.0,2366547.0,0.0,286547.0,0.0,114777529.5,0.0,0.0,0,2366547.0,0.0,114777529.5,1,0,0,-1,Unclassified / General,0,unique,17652,0
AMCINONIDE,2019,2020,2461208.0,298008.0,119368630.68,48.5,400.56,4.0,2366547.0,0.04,286547.0,0.04,114777529.5,0.04,0.0,1,2413877.5,66935.44,117073080.09,0,0,0,-1,Unclassified / General,0,unique,17652,0
AMCINONIDE,2020,2021,2555870.0,309470.0,123959731.86,48.5,400.55,4.0,2461208.0,0.0385,298008.0,0.0385,119368630.68,0.0385,0.0,2,2508539.0,66936.14,121664181.27,0,0,0,-1,Unclassified / General,0,unique,17652,0
AMCINONIDE,2021,2022,2650532.0,320932.0,128550833.04,48.5,400.55,4.0,2555870.0,0.037,309470.0,0.037,123959731.86,0.037,0.0,3,2603201.0,66936.14,126255282.45,0,0,0,-1,Unclassified / General,0,unique,17652,0
AMCINONIDE,2022,2023,2745194.0,332394.0,133141934.22,48.5,400.55,4.0,2650532.0,0.0357,320932.0,0.0357,128550833.04,0.0357,0.0,4,2697863.0,66936.14,130846383.63,0,0,0,-1,Unclassified / General,0,unique,17652,0
AMCINONIDE,2023,2024,2839856.0,343856.0,137733035.4,48.5,400.55,4.0,2745194.0,0.0345,332394.0,0.0345,133141934.22,0.0345,0.0,5,2792525.0,66936.14,135437484.81,0,0,0,-1,Unclassified / General,0,unique,17652,0
DIFLORASONE,2018,2019,4223554.0,143554.0,23229547.0,5.5,161.82,3.0,4223554.0,0.0,143554.0,0.0,23229547.0,0.0,0.0,0,4223554.0,0.0,23229547.0,1,0,0,-1,Unclassified / General,0,unique,91311,0
DIFLORASONE,2019,2020,4392496.0,149296.0,24158728.88,5.5,161.82,3.0,4223554.0,0.04,143554.0,0.04,23229547.0,0.04,0.0,1,4308025.0,119460.03,23694137.94,0,0,0,-1,Unclassified / General,0,unique,91311,0
DIFLORASONE,2020,2021,4561438.0,155038.0,25087910.76,5.5,161.82,3.0,4392496.0,0.0385,149296.0,0.0385,24158728.88,0.0385,0.0,2,4476967.0,119460.03,24623319.82,0,0,0,-1,Unclassified / General,0,unique,91311,0
DIFLORASONE,2021,2022,4730380.0,160780.0,26017092.64,5.5,161.82,3.0,4561438.0,0.037,155038.0,0.037,25087910.76,0.037,0.0,3,4645909.0,119460.03,25552501.7,0,0,0,-1,Unclassified / General,0,unique,91311,0
DIFLORASONE,2022,2023,4899322.0,166522.0,26946274.52,5.5,161.82,3.0,4730380.0,0.0357,160780.0,0.0357,26017092.64,0.0357,0.0,4,4814851.0,119460.03,26481683.58,0,0,0,-1,Unclassified / General,0,unique,91311,0
DIFLORASONE,2023,2024,5068264.0,172264.0,27875456.4,5.5,161.82,3.0,4899322.0,0.0345,166522.0,0.0345,26946274.52,0.0345,0.0,5,4983793.0,119460.03,27410865.46,0,0,0,-1,Unclassified / General,0,unique,91311,0
DESOXIMETASONE,2018,2019,2094776.0,1014776.0,57606340.0,27.5,56.77,1.0,2094776.0,0.0,1014776.0,0.0,57606340.0,0.0,0.0,0,2094776.0,0.0,57606340.0,1,0,0,-1,Unclassified / General,1,unique,3255,0
DESOXIMETASONE,2019,2020,2178567.0,1055367.0,59910593.6,27.5,56.77,1.0,2094776.0,0.04,1014776.0,0.04,57606340.0,0.04,0.0,1,2136671.5,59249.18,58758466.8,0,0,0,-1,Unclassified / General,1,unique,3255,0
DESOXIMETASONE,2020,2021,2262358.0,1095958.0,62214847.2,27.5,56.77,1.0,2178567.0,0.0385,1055367.0,0.0385,59910593.6,0.0385,0.0,2,2220462.5,59249.18,61062720.4,0,0,0,-1,Unclassified / General,1,unique,3255,0
DESOXIMETASONE,2021,2022,2346149.0,1136549.0,64519100.8,27.5,56.77,1.0,2262358.0,0.037,1095958.0,0.037,62214847.2,0.037,0.0,3,2304253.5,59249.18,63366974.0,0,0,0,-1,Unclassified / General,1,unique,3255,0
DESOXIMETASONE,2022,2023,2429940.0,1177140.0,66823354.4,27.5,56.77,1.0,2346149.0,0.0357,1136549.0,0.0357,64519100.8,0.0357,0.0,4,2388044.5,59249.18,65671227.6,0,0,0,-1,Unclassified / General,1,unique,3255,0
DESOXIMETASONE,2023,2024,2513731.0,1217731.0,69127608.0,27.5,56.77,1.0,2429940.0,0.0345,1177140.0,0.0345,66823354.4,0.0345,0.0,5,2471835.5,59249.18,67975481.2,0,0,0,-1,Unclassified / General,1,unique,3255,0
FLUOCINOLONE,2018,2019,2976997.0,896997.0,144384354.5,48.5,160.96,6.0,2976997.0,0.0,896997.0,0.0,144384354.5,0.0,0.0,0,2976997.0,0.0,144384354.5,1,0,0,-1,Unclassified / General,0,unique,25126,0
FLUOCINOLONE,2019,2020,3096076.0,932876.0,150159728.68,48.5,160.96,6.0,2976997.0,0.04,896997.0,0.04,144384354.5,0.04,0.0,1,3036536.5,84201.57,147272041.59,0,0,0,-1,Unclassified / General,0,unique,25126,0
FLUOCINOLONE,2020,2021,3215156.0,968756.0,155935102.86,48.5,160.96,6.0,3096076.0,0.0385,932876.0,0.0385,150159728.68,0.0385,0.0,2,3155616.0,84202.28,153047415.77,0,0,0,-1,Unclassified / General,0,unique,25126,0
FLUOCINOLONE,2021,2022,3334236.0,1004636.0,161710477.04,48.5,160.96,6.0,3215156.0,0.037,968756.0,0.037,155935102.86,0.037,0.0,3,3274696.0,84202.28,158822789.95,0,0,0,-1,Unclassified / General,0,unique,25126,0
FLUOCINOLONE,2022,2023,3453316.0,1040516.0,167485851.22,48.5,160.96,6.0,3334236.0,0.0357,1004636.0,0.0357,161710477.04,0.0357,0.0,4,3393776.0,84202.28,164598164.13,0,0,0,-1,Unclassified / General,0,unique,25126,0
FLUOCINOLONE,2023,2024,3572396.0,1076396.0,173261225.4,48.5,160.96,6.0,3453316.0,0.0345,1040516.0,0.0345,167485851.22,0.0345,0.0,5,3512856.0,84202.28,170373538.31,0,0,0,-1,Unclassified / General,0,unique,25126,0
CLOCORTOLONE,2018,2019,1919853.0,839853.0,8639338.5,4.5,10.29,6.0,1919853.0,0.0,839853.0,0.0,8639338.5,0.0,0.0,0,1919853.0,0.0,8639338.5,1,0,0,-1,Unclassified / General,0,unique,21249,0
CLOCORTOLONE,2019,2020,1996647.0,873447.0,8984912.04,4.5,10.29,6.0,1919853.0,0.04,839853.0,0.04,8639338.5,0.04,0.0,1,1958250.0,54301.56,8812125.27,0,0,0,-1,Unclassified / General,0,unique,21249,0
CLOCORTOLONE,2020,2021,2073441.0,907041.0,9330485.58,4.5,10.29,6.0,1996647.0,0.0385,873447.0,0.0385,8984912.04,0.0385,0.0,2,2035044.0,54301.56,9157698.81,0,0,0,-1,Unclassified / General,0,unique,21249,0
CLOCORTOLONE,2021,2022,2150235.0,940635.0,9676059.12,4.5,10.29,6.0,2073441.0,0.037,907041.0,0.037,9330485.58,0.037,0.0,3,2111838.0,54301.56,9503272.35,0,0,0,-1,Unclassified / General,0,unique,21249,0
CLOCORTOLONE,2022,2023,2227029.0,974229.0,10021632.66,4.5,10.29,6.0,2150235.0,0.0357,940635.0,0.0357,9676059.12,0.0357,0.0,4,2188632.0,54301.56,9848845.89,0,0,0,-1,Unclassified / General,0,unique,21249,0
CLOCORTOLONE,2023,2024,2303823.0,1007823.0,10367206.2,4.5,10.29,6.0,2227029.0,0.0345,974229.0,0.0345,10021632.66,0.0345,0.0,5,2265426.0,54301.56,10194419.43,0,0,0,-1,Unclassified / General,0,unique,21249,0
PREDNICARBATE,2018,2019,1020330.0,940330.0,32140395.0,31.5,34.18,3.0,1020330.0,0.0,940330.0,0.0,32140395.0,0.0,0.0,0,1020330.0,0.0,32140395.0,1,0,0,-1,Unclassified / General,0,unique,34369,0
PREDNICARBATE,2019,2020,1061143.0,977943.0,33426010.8,31.5,34.18,3.0,1020330.0,0.04,940330.0,0.04,32140395.0,0.04,0.0,1,1040736.5,28859.15,32783202.9,0,0,0,-1,Unclassified / General,0,unique,34369,0
PREDNICARBATE,2020,2021,1101956.0,1015556.0,34711626.6,31.5,34.18,3.0,1061143.0,0.0385,977943.0,0.0385,33426010.8,0.0385,0.0,2,1081549.5,28859.15,34068818.7,0,0,0,-1,Unclassified / General,0,unique,34369,0
PREDNICARBATE,2021,2022,1142769.0,1053169.0,35997242.4,31.5,34.18,3.0,1101956.0,0.037,1015556.0,0.037,34711626.6,0.037,0.0,3,1122362.5,28859.15,35354434.5,0,0,0,-1,Unclassified / General,0,unique,34369,0
PREDNICARBATE,2022,2023,1183582.0,1090782.0,37282858.2,31.5,34.18,3.0,1142769.0,0.0357,1053169.0,0.0357,35997242.4,0.0357,0.0,4,1163175.5,28859.15,36640050.3,0,0,0,-1,Unclassified / General,0,unique,34369,0
PREDNICARBATE,2023,2024,1224396.0,1128396.0,38568474.0,31.5,34.18,3.0,1183582.0,0.0345,1090782.0,0.0345,37282858.2,0.0345,0.0,5,1203989.0,28859.86,37925666.1,0,0,0,-1,Unclassified / General,0,unique,34369,0
OXANDROLONE,2018,2019,4859650.0,779650.0,7289475.0,1.5,9.35,3.0,4859650.0,0.0,779650.0,0.0,7289475.0,0.0,0.0,0,4859650.0,0.0,7289475.0,1,0,0,-1,Unclassified / General,0,unique,7779,0
OXANDROLONE,2019,2020,5054036.0,810836.0,7581054.0,1.5,9.35,3.0,4859650.0,0.04,779650.0,0.04,7289475.0,0.04,0.0,1,4956843.0,137451.66,7435264.5,0,0,0,-1,Unclassified / General,0,unique,7779,0
OXANDROLONE,2020,2021,5248422.0,842022.0,7872633.0,1.5,9.35,3.0,5054036.0,0.0385,810836.0,0.0385,7581054.0,0.0385,0.0,2,5151229.0,137451.66,7726843.5,0,0,0,-1,Unclassified / General,0,unique,7779,0
OXANDROLONE,2021,2022,5442808.0,873208.0,8164212.0,1.5,9.35,3.0,5248422.0,0.037,842022.0,0.037,7872633.0,0.037,0.0,3,5345615.0,137451.66,8018422.5,0,0,0,-1,Unclassified / General,0,unique,7779,0
OXANDROLONE,2022,2023,5637194.0,904393.0,8455791.0,1.5,9.35,3.0,5442808.0,0.0357,873208.0,0.0357,8164212.0,0.0357,0.0,4,5540001.0,137451.66,8310001.5,0,0,0,-1,Unclassified / General,0,unique,7779,0
OXANDROLONE,2023,2024,5831580.0,935580.0,8747370.0,1.5,9.35,3.0,5637194.0,0.0345,904393.0,0.0345,8455791.0,0.0345,0.0,5,5734387.0,137451.66,8601580.5,0,0,0,-1,Unclassified / General,0,unique,7779,0
TESTOSTERONE,2018,2019,220455.0,140455.0,1432957.5,6.5,10.2,8.0,220455.0,0.0,140455.0,0.0,1432957.5,0.0,0.0,0,220455.0,0.0,1432957.5,1,0,0,-1,Unclassified / General,0,unique,10379,0
TESTOSTERONE,2019,2020,229273.0,146073.0,1490275.8,6.5,10.2,8.0,220455.0,0.04,140455.0,0.04,1432957.5,0.04,0.0,1,224864.0,6235.27,1461616.65,0,0,0,-1,Unclassified / General,0,unique,10379,0
TESTOSTERONE,2020,2021,238091.0,151691.0,1547594.1,6.5,10.2,8.0,229273.0,0.0385,146073.0,0.0385,1490275.8,0.0385,0.0,2,233682.0,6235.27,1518934.95,0,0,0,-1,Unclassified / General,0,unique,10379,0
TESTOSTERONE,2021,2022,246909.0,157309.0,1604912.4,6.5,10.2,8.0,238091.0,0.037,151691.0,0.037,1547594.1,0.037,0.0,3,242500.0,6235.27,1576253.25,0,0,0,-1,Unclassified / General,0,unique,10379,0
TESTOSTERONE,2022,2023,255727.0,162927.0,1662230.7,6.5,10.2,8.0,246909.0,0.0357,157309.0,0.0357,1604912.4,0.0357,0.0,4,251318.0,6235.27,1633571.55,0,0,0,-1,Unclassified / General,0,unique,10379,0
TESTOSTERONE,2023,2024,264546.0,168546.0,1719549.0,6.5,10.2,8.0,255727.0,0.0345,162927.0,0.0345,1662230.7,0.0345,0.0,5,260136.5,6235.97,1690889.85,0,0,0,-1,Unclassified / General,0,unique,10379,0
NANDROLONE,2018,2019,823424.0,743424.0,20997312.0,25.5,28.24,1.0,823424.0,0.0,743424.0,0.0,20997312.0,0.0,0.0,0,823424.0,0.0,20997312.0,1,0,0,-1,Unclassified / General,1,unmapped,,0
NANDROLONE,2019,2020,856360.0,773160.0,21837204.48,25.5,28.24,1.0,823424.0,0.04,743424.0,0.04,20997312.0,0.04,0.0,1,839892.0,23289.27,21417258.24,0,0,0,-1,Unclassified / General,1,unmapped,,0
NANDROLONE,2020,2021,889297.0,802897.0,22677096.96,25.5,28.24,1.0,856360.0,0.0385,773160.0,0.0385,21837204.48,0.0385,0.0,2,872828.5,23289.98,22257150.72,0,0,0,-1,Unclassified / General,1,unmapped,,0
NANDROLONE,2021,2022,922234.0,832634.0,23516989.44,25.5,28.24,1.0,889297.0,0.037,802897.0,0.037,22677096.96,0.037,0.0,3,905765.5,23289.98,23097043.2,0,0,0,-1,Unclassified / General,1,unmapped,,0
NANDROLONE,2022,2023,955171.0,862371.0,24356881.92,25.5,28.24,1.0,922234.0,0.0357,832634.0,0.0357,23516989.44,0.0357,0.0,4,938702.5,23289.98,23936935.68,0,0,0,-1,Unclassified / General,1,unmapped,,0
NANDROLONE,2023,2024,988108.0,892108.0,25196774.4,25.5,28.24,1.0,955171.0,0.0345,862371.0,0.0345,24356881.92,0.0345,0.0,5,971639.5,23289.98,24776828.16,0,0,0,-1,Unclassified / General,1,unmapped,,0
OXYMETHOLONE,2018,2019,4927660.0,847660.0,56668090.0,11.5,66.85,5.0,4927660.0,0.0,847660.0,0.0,56668090.0,0.0,0.0,0,4927660.0,0.0,56668090.0,1,0,0,-1,Unclassified / General,0,unique,7813,0
OXYMETHOLONE,2019,2020,5124766.0,881566.0,58934813.6,11.5,66.85,5.0,4927660.0,0.04,847660.0,0.04,56668090.0,0.04,0.0,1,5026213.0,139374.99,57801451.8,0,0,0,-1,Unclassified / General,0,unique,7813,0
OXYMETHOLONE,2020,2021,5321872.0,915472.0,61201537.2,11.5,66.85,5.0,5124766.0,0.0385,881566.0,0.0385,58934813.6,0.0385,0.0,2,5223319.0,139374.99,60068175.4,0,0,0,-1,Unclassified / General,0,unique,7813,0
OXYMETHOLONE,2021,2022,5518979.0,949379.0,63468260.8,11.5,66.85,5.0,5321872.0,0.037,915472.0,0.037,61201537.2,0.037,0.0,3,5420425.5,139375.7,62334899.0,0,0,0,-1,Unclassified / General,0,unique,7813,0
OXYMETHOLONE,2022,2023,5716085.0,983285.0,65734984.4,11.5,66.85,5.0,5518979.0,0.0357,949379.0,0.0357,63468260.8,0.0357,0.0,4,5617532.0,139374.99,64601622.6,0,0,0,-1,Unclassified / General,0,unique,7813,0
OXYMETHOLONE,2023,2024,5913192.0,1017192.0,68001708.0,11.5,66.85,5.0,5716085.0,0.0345,983285.0,0.0345,65734984.4,0.0345,0.0,5,5814638.5,139375.7,66868346.2,0,0,0,-1,Unclassified / General,0,unique,7813,0
DANAZOL,2018,2019,2996350.0,916350.0,4494525.0,1.5,4.9,7.0,2996350.0,0.0,916350.0,0.0,4494525.0,0.0,0.0,0,2996350.0,0.0,4494525.0,1,0,0,-1,Unclassified / General,0,unique,3102,0
DANAZOL,2019,2020,3116204.0,953004.0,4674306.0,1.5,4.9,7.0,2996350.0,0.04,916350.0,0.04,4494525.0,0.04,0.0,1,3056277.0,84749.58,4584415.5,0,0,0,-1,Unclassified / General,0,unique,3102,0
DANAZOL,2020,2021,3236058.0,989658.0,4854087.0,1.5,4.9,7.0,3116204.0,0.0385,953004.0,0.0385,4674306.0,0.0385,0.0,2,3176131.0,84749.58,4764196.5,0,0,0,-1,Unclassified / General,0,unique,3102,0
DANAZOL,2021,2022,3355912.0,1026312.0,5033868.0,1.5,4.9,7.0,3236058.0,0.037,989658.0,0.037,4854087.0,0.037,0.0,3,3295985.0,84749.58,4943977.5,0,0,0,-1,Unclassified / General,0,unique,3102,0
DANAZOL,2022,2023,3475765.0,1062966.0,5213649.0,1.5,4.9,7.0,3355912.0,0.0357,1026312.0,0.0357,5033868.0,0.0357,0.0,4,3415838.5,84748.87,5123758.5,0,0,0,-1,Unclassified / General,0,unique,3102,0
DANAZOL,2023,2024,3595620.0,1099620.0,5393430.0,1.5,4.9,7.0,3475765.0,0.0345,1062966.0,0.0345,5213649.0,0.0345,0.0,5,3535692.5,84750.28,5303539.5,0,0,0,-1,Unclassified / General,0,unique,3102,0
ESTRADIOL,2018,2019,3723606.0,643606.0,27927045.0,7.5,43.39,7.0,3723606.0,0.0,643606.0,0.0,27927045.0,0.0,0.0,0,3723606.0,0.0,27927045.0,1,0,0,-1,Unclassified / General,0,unique,4083,0
ESTRADIOL,2019,2020,3872550.0,669350.0,29044126.8,7.5,43.39,7.0,3723606.0,0.04,643606.0,0.04,27927045.0,0.04,0.0,1,3798078.0,105319.31,28485585.9,0,0,0,-1,Unclassified / General,0,unique,4083,0
ESTRADIOL,2020,2021,4021494.0,695094.0,30161208.6,7.5,43.39,7.0,3872550.0,0.0385,669350.0,0.0385,29044126.8,0.0385,0.0,2,3947022.0,105319.31,29602667.7,0,0,0,-1,Unclassified / General,0,unique,4083,0
ESTRADIOL,2021,2022,4170438.0,720838.0,31278290.4,7.5,43.39,7.0,4021494.0,0.037,695094.0,0.037,30161208.6,0.037,0.0,3,4095966.0,105319.31,30719749.5,0,0,0,-1,Unclassified / General,0,unique,4083,0
ESTRADIOL,2022,2023,4319382.0,746582.0,32395372.2,7.5,43.39,7.0,4170438.0,0.0357,720838.0,0.0357,31278290.4,0.0357,0.0,4,4244910.0,105319.31,31836831.3,0,0,0,-1,Unclassified / General,0,unique,4083,0
ESTRADIOL,2023,2024,4468327.0,772327.0,33512454.0,7.5,43.39,7.0,4319382.0,0.0345,746582.0,0.0345,32395372.2,0.0345,0.0,5,4393854.5,105320.02,32953913.1,0,0,0,-1,Unclassified / General,0,unique,4083,0
ESTRIOL,2018,2019,1775520.0,695520.0,38173680.0,21.5,54.89,1.0,1775520.0,0.0,695520.0,0.0,38173680.0,0.0,0.0,0,1775520.0,0.0,38173680.0,1,0,0,-1,Unclassified / General,1,unique,4094,0
ESTRIOL,2019,2020,1846540.0,723340.0,39700627.2,21.5,54.89,1.0,1775520.0,0.04,695520.0,0.04,38173680.0,0.04,0.0,1,1811030.0,50218.72,38937153.6,0,0,0,-1,Unclassified / General,1,unique,4094,0
ESTRIOL,2020,2021,1917561.0,751161.0,41227574.4,21.5,54.89,1.0,1846540.0,0.0385,723340.0,0.0385,39700627.2,0.0385,0.0,2,1882050.5,50219.43,40464100.8,0,0,0,-1,Unclassified / General,1,unique,4094,0
ESTRIOL,2021,2022,1988582.0,778982.0,42754521.6,21.5,54.89,1.0,1917561.0,0.037,751161.0,0.037,41227574.4,0.037,0.0,3,1953071.5,50219.43,41991048.0,0,0,0,-1,Unclassified / General,1,unique,4094,0
ESTRIOL,2022,2023,2059603.0,806803.0,44281468.8,21.5,54.89,1.0,1988582.0,0.0357,778982.0,0.0357,42754521.6,0.0357,0.0,4,2024092.5,50219.43,43517995.2,0,0,0,-1,Unclassified / General,1,unique,4094,0
ESTRIOL,2023,2024,2130624.0,834624.0,45808416.0,21.5,54.89,1.0,2059603.0,0.0345,806803.0,0.0345,44281468.8,0.0345,0.0,5,2095113.5,50219.43,45044942.4,0,0,0,-1,Unclassified / General,1,unique,4094,0
ESTRONE,2018,2019,3079471.0,999471.0,69288097.5,22.5,69.32,8.0,3079471.0,0.0,999471.0,0.0,69288097.5,0.0,0.0,0,3079471.0,0.0,69288097.5,1,0,0,-1,Unclassified / General,0,unique,4103,0
ESTRONE,2019,2020,3202649.0,1039449.0,72059621.4,22.5,69.32,8.0,3079471.0,0.04,999471.0,0.04,69288097.5,0.04,0.0,1,3141060.0,87100.0,70673859.45,0,0,0,-1,Unclassified / General,0,unique,4103,0
ESTRONE,2020,2021,3325828.0,1079428.0,74831145.3,22.5,69.32,8.0,3202649.0,0.0385,1039449.0,0.0385,72059621.4,0.0385,0.0,2,3264238.5,87100.71,73445383.35,0,0,0,-1,Unclassified / General,0,unique,4103,0
ESTRONE,2021,2022,3449007.0,1119407.0,77602669.2,22.5,69.32,8.0,3325828.0,0.037,1079428.0,0.037,74831145.3,0.037,0.0,3,3387417.5,87100.71,76216907.25,0,0,0,-1,Unclassified / General,0,unique,4103,0
ESTRONE,2022,2023,3572186.0,1159386.0,80374193.1,22.5,69.32,8.0,3449007.0,0.0357,1119407.0,0.0357,77602669.2,0.0357,0.0,4,3510596.5,87100.71,78988431.15,0,0,0,-1,Unclassified / General,0,unique,4103,0
ESTRONE,2023,2024,3695365.0,1199365.0,83145717.0,22.5,69.32,8.0,3572186.0,0.0345,1159386.0,0.0345,80374193.1,0.0345,0.0,5,3633775.5,87100.71,81759955.05,0,0,0,-1,Unclassified / General,0,unique,4103,0
ETHINYL ESTRADIOL,2018,2019,4580471.0,500471.0,103060597.5,22.5,205.93,8.0,4580471.0,0.0,500471.0,0.0,103060597.5,0.0,0.0,0,4580471.0,0.0,103060597.5,1,0,0,-1,Unclassified / General,0,unique,4124,0
ETHINYL ESTRADIOL,2019,2020,4763689.0,520489.0,107183021.4,22.5,205.93,8.0,4580471.0,0.04,500471.0,0.04,103060597.5,0.04,0.0,1,4672080.0,129554.69,105121809.45,0,0,0,-1,Unclassified / General,0,unique,4124,0
ETHINYL ESTRADIOL,2020,2021,4946908.0,540508.0,111305445.3,22.5,205.93,8.0,4763689.0,0.0385,520489.0,0.0385,107183021.4,0.0385,0.0,2,4855298.5,129555.4,109244233.35,0,0,0,-1,Unclassified / General,0,unique,4124,0
ETHINYL ESTRADIOL,2021,2022,5130127.0,560527.0,115427869.2,22.5,205.93,8.0,4946908.0,0.037,540508.0,0.037,111305445.3,0.037,0.0,3,5038517.5,129555.4,113366657.25,0,0,0,-1,Unclassified / General,0,unique,4124,0
ETHINYL ESTRADIOL,2022,2023,5313346.0,580546.0,119550293.1,22.5,205.93,8.0,5130127.0,0.0357,560527.0,0.0357,115427869.2,0.0357,0.0,4,5221736.5,129555.4,117489081.15,0,0,0,-1,Unclassified / General,0,unique,4124,0
ETHINYL ESTRADIOL,2023,2024,5496565.0,600565.0,123672717.0,22.5,205.93,8.0,5313346.0,0.0345,580546.0,0.0345,119550293.1,0.0345,0.0,5,5404955.5,129555.4,121611505.05,0,0,0,-1,Unclassified / General,0,unique,4124,0
MEGESTROL,2018,2019,869620.0,789620.0,18696830.0,21.5,23.68,5.0,869620.0,0.0,789620.0,0.0,18696830.0,0.0,0.0,0,869620.0,0.0,18696830.0,1,0,0,-1,Unclassified / General,0,unique,6703,0
MEGESTROL,2019,2020,904404.0,821204.0,19444703.2,21.5,23.68,5.0,869620.0,0.04,789620.0,0.04,18696830.0,0.04,0.0,1,887012.0,24596.0,19070766.6,0,0,0,-1,Unclassified / General,0,unique,6703,0
MEGESTROL,2020,2021,939189.0,852789.0,20192576.4,21.5,23.68,5.0,904404.0,0.0385,821204.0,0.0385,19444703.2,0.0385,0.0,2,921796.5,24596.71,19818639.8,0,0,0,-1,Unclassified / General,0,unique,6703,0
MEGESTROL,2021,2022,973974.0,884374.0,20940449.6,21.5,23.68,5.0,939189.0,0.037,852789.0,0.037,20192576.4,0.037,0.0,3,956581.5,24596.71,20566513.0,0,0,0,-1,Unclassified / General,0,unique,6703,0
MEGESTROL,2022,2023,1008759.0,915959.0,21688322.8,21.5,23.68,5.0,973974.0,0.0357,884374.0,0.0357,20940449.6,0.0357,0.0,4,991366.5,24596.71,21314386.2,0,0,0,-1,Unclassified / General,0,unique,6703,0
MEGESTROL,2023,2024,1043544.0,947544.0,22436196.0,21.5,23.68,5.0,1008759.0,0.0345,915959.0,0.0345,21688322.8,0.0345,0.0,5,1026151.5,24596.71,22062259.4,0,0,0,-1,Unclassified / General,0,unique,6703,0
NORETHINDRONE,2018,2019,3133117.0,53117.0,57962664.5,18.5,1091.23,6.0,3133117.0,0.0,53117.0,0.0,57962664.5,0.0,0.0,0,3133117.0,0.0,57962664.5,1,0,0,-1,Unclassified / General,0,unique,7514,0
NORETHINDRONE,2019,2020,3258441.0,55241.0,60281171.08,18.5,1091.24,6.0,3133117.0,0.04,53117.0,0.04,57962664.5,0.04,0.0,1,3195779.0,88617.45,59121917.79,0,0,0,-1,Unclassified / General,0,unique,7514,0
NORETHINDRONE,2020,2021,3383766.0,57366.0,62599677.66,18.5,1091.23,6.0,3258441.0,0.0385,55241.0,0.0385,60281171.08,0.0385,0.0,2,3321103.5,88618.16,61440424.37,0,0,0,-1,Unclassified / General,0,unique,7514,0
NORETHINDRONE,2021,2022,3509091.0,59491.0,64918184.24,18.5,1091.23,6.0,3383766.0,0.037,57366.0,0.037,62599677.66,0.037,0.0,3,3446428.5,88618.16,63758930.95,0,0,0,-1,Unclassified / General,0,unique,7514,0
NORETHINDRONE,2022,2023,3634415.0,61615.0,67236690.82,18.5,1091.24,6.0,3509091.0,0.0357,59491.0,0.0357,64918184.24,0.0357,0.0,4,3571753.0,88617.45,66077437.53,0,0,0,-1,Unclassified / General,0,unique,7514,0
NORETHINDRONE,2023,2024,3759740.0,63740.0,69555197.4,18.5,1091.23,6.0,3634415.0,0.0345,61615.0,0.0345,67236690.82,0.0345,0.0,5,3697077.5,88618.16,68395944.11,0,0,0,-1,Unclassified / General,0,unique,7514,0
NORGESTREL,2018,2019,1921512.0,841512.0,25940412.0,13.5,30.83,1.0,1921512.0,0.0,841512.0,0.0,25940412.0,0.0,0.0,0,1921512.0,0.0,25940412.0,1,0,0,-1,Unclassified / General,1,unique,7518,0
NORGESTREL,2019,2020,1998372.0,875172.0,26978028.48,13.5,30.83,1.0,1921512.0,0.04,841512.0,0.04,25940412.0,0.04,0.0,1,1959942.0,54348.23,26459220.24,0,0,0,-1,Unclassified / General,1,unique,7518,0
NORGESTREL,2020,2021,2075232.0,908832.0,28015644.96,13.5,30.83,1.0,1998372.0,0.0385,875172.0,0.0385,26978028.48,0.0385,0.0,2,2036802.0,54348.23,27496836.72,0,0,0,-1,Unclassified / General,1,unique,7518,0
NORGESTREL,2021,2022,2152093.0,942493.0,29053261.44,13.5,30.83,1.0,2075232.0,0.037,908832.0,0.037,28015644.96,0.037,0.0,3,2113662.5,54348.93,28534453.2,0,0,0,-1,Unclassified / General,1,unique,7518,0
NORGESTREL,2022,2023,2228953.0,976153.0,30090877.92,13.5,30.83,1.0,2152093.0,0.0357,942493.0,0.0357,29053261.44,0.0357,0.0,4,2190523.0,54348.23,29572069.68,0,0,0,-1,Unclassified / General,1,unique,7518,0
NORGESTREL,2023,2024,2305814.0,1009814.0,31128494.4,13.5,30.83,1.0,2228953.0,0.0345,976153.0,0.0345,30090877.92,0.0345,0.0,5,2267383.5,54348.93,30609686.16,0,0,0,-1,Unclassified / General,1,unique,7518,0
DESOGESTREL,2018,2019,3518234.0,438234.0,124897307.0,35.5,285.0,3.0,3518234.0,0.0,438234.0,0.0,124897307.0,0.0,0.0,0,3518234.0,0.0,124897307.0,1,0,0,-1,Unclassified / General,0,unique,22656,0
DESOGESTREL,2019,2020,3658963.0,455763.0,129893199.28,35.5,285.0,3.0,3518234.0,0.04,438234.0,0.04,124897307.0,0.04,0.0,1,3588598.5,99510.43,127395253.14,0,0,0,-1,Unclassified / General,0,unique,22656,0
DESOGESTREL,2020,2021,3799692.0,473292.0,134889091.56,35.5,285.0,3.0,3658963.0,0.0385,455763.0,0.0385,129893199.28,0.0385,0.0,2,3729327.5,99510.43,132391145.42,0,0,0,-1,Unclassified / General,0,unique,22656,0
DESOGESTREL,2021,2022,3940422.0,490822.0,139884983.84,35.5,285.0,3.0,3799692.0,0.037,473292.0,0.037,134889091.56,0.037,0.0,3,3870057.0,99511.14,137387037.7,0,0,0,-1,Unclassified / General,0,unique,22656,0
DESOGESTREL,2022,2023,4081151.0,508351.0,144880876.12,35.5,285.0,3.0,3940422.0,0.0357,490822.0,0.0357,139884983.84,0.0357,0.0,4,4010786.5,99510.43,142382929.98,0,0,0,-1,Unclassified / General,0,unique,22656,0
DESOGESTREL,2023,2024,4221880.0,525880.0,149876768.4,35.5,285.0,3.0,4081151.0,0.0345,508351.0,0.0345,144880876.12,0.0345,0.0,5,4151515.5,99510.43,147378822.26,0,0,0,-1,Unclassified / General,0,unique,22656,0
DROSPIRENONE,2018,2019,2766760.0,686760.0,31817740.0,11.5,46.33,1.0,2766760.0,0.0,686760.0,0.0,31817740.0,0.0,0.0,0,2766760.0,0.0,31817740.0,1,0,0,-1,Unclassified / General,1,unique,11636,0
DROSPIRENONE,2019,2020,2877430.0,714230.0,33090449.6,11.5,46.33,1.0,2766760.0,0.04,686760.0,0.04,31817740.0,0.04,0.0,1,2822095.0,78255.51,32454094.8,0,0,0,-1,Unclassified / General,1,unique,11636,0
DROSPIRENONE,2020,2021,2988100.0,741700.0,34363159.2,11.5,46.33,1.0,2877430.0,0.0385,714230.0,0.0385,33090449.6,0.0385,0.0,2,2932765.0,78255.51,33726804.4,0,0,0,-1,Unclassified / General,1,unique,11636,0
DROSPIRENONE,2021,2022,3098771.0,769171.0,35635868.8,11.5,46.33,1.0,2988100.0,0.037,741700.0,0.037,34363159.2,0.037,0.0,3,3043435.5,78256.21,34999514.0,0,0,0,-1,Unclassified / General,1,unique,11636,0
DROSPIRENONE,2022,2023,3209441.0,796641.0,36908578.4,11.5,46.33,1.0,3098771.0,0.0357,769171.0,0.0357,35635868.8,0.0357,0.0,4,3154106.0,78255.51,36272223.6,0,0,0,-1,Unclassified / General,1,unique,11636,0
DROSPIRENONE,2023,2024,3320112.0,824112.0,38181288.0,11.5,46.33,1.0,3209441.0,0.0345,796641.0,0.0345,36908578.4,0.0345,0.0,5,3264776.5,78256.21,37544933.2,0,0,0,-1,Unclassified / General,1,unique,11636,0
LEVONORGESTREL,2018,2019,817189.0,737189.0,33096154.5,40.5,44.9,6.0,817189.0,0.0,737189.0,0.0,33096154.5,0.0,0.0,0,817189.0,0.0,33096154.5,1,0,0,-1,Unclassified / General,0,unique,6373,0
LEVONORGESTREL,2019,2020,849876.0,766676.0,34420000.68,40.5,44.9,6.0,817189.0,0.04,737189.0,0.04,33096154.5,0.04,0.0,1,833532.5,23113.2,33758077.59,0,0,0,-1,Unclassified / General,0,unique,6373,0
LEVONORGESTREL,2020,2021,882564.0,796164.0,35743846.86,40.5,44.9,6.0,849876.0,0.0385,766676.0,0.0385,34420000.68,0.0385,0.0,2,866220.0,23113.91,35081923.77,0,0,0,-1,Unclassified / General,0,unique,6373,0
LEVONORGESTREL,2021,2022,915251.0,825651.0,37067693.04,40.5,44.9,6.0,882564.0,0.037,796164.0,0.037,35743846.86,0.037,0.0,3,898907.5,23113.2,36405769.95,0,0,0,-1,Unclassified / General,0,unique,6373,0
LEVONORGESTREL,2022,2023,947939.0,855139.0,38391539.22,40.5,44.9,6.0,915251.0,0.0357,825651.0,0.0357,37067693.04,0.0357,0.0,4,931595.0,23113.91,37729616.13,0,0,0,-1,Unclassified / General,0,unique,6373,0
LEVONORGESTREL,2023,2024,980626.0,884626.0,39715385.4,40.5,44.9,6.0,947939.0,0.0345,855139.0,0.0345,38391539.22,0.0345,0.0,5,964282.5,23113.2,39053462.31,0,0,0,-1,Unclassified / General,0,unique,6373,0
ETYNODIOL,2018,2019,2021654.0,941654.0,11119097.0,5.5,11.81,7.0,2021654.0,0.0,941654.0,0.0,11119097.0,0.0,0.0,0,2021654.0,0.0,11119097.0,1,0,0,-1,Unclassified / General,0,unique,24591,0
ETYNODIOL,2019,2020,2102520.0,979320.0,11563860.88,5.5,11.81,7.0,2021654.0,0.04,941654.0,0.04,11119097.0,0.04,0.0,1,2062087.0,57180.9,11341478.94,0,0,0,-1,Unclassified / General,0,unique,24591,0
ETYNODIOL,2020,2021,2183386.0,1016986.0,12008624.76,5.5,11.81,7.0,2102520.0,0.0385,979320.0,0.0385,11563860.88,0.0385,0.0,2,2142953.0,57180.9,11786242.82,0,0,0,-1,Unclassified / General,0,unique,24591,0
ETYNODIOL,2021,2022,2264252.0,1054652.0,12453388.64,5.5,11.81,7.0,2183386.0,0.037,1016986.0,0.037,12008624.76,0.037,0.0,3,2223819.0,57180.9,12231006.7,0,0,0,-1,Unclassified / General,0,unique,24591,0
ETYNODIOL,2022,2023,2345118.0,1092318.0,12898152.52,5.5,11.81,7.0,2264252.0,0.0357,1054652.0,0.0357,12453388.64,0.0357,0.0,4,2304685.0,57180.9,12675770.58,0,0,0,-1,Unclassified / General,0,unique,24591,0
ETYNODIOL,2023,2024,2425984.0,1129984.0,13342916.4,5.5,11.81,7.0,2345118.0,0.0345,1092318.0,0.0345,12898152.52,0.0345,0.0,5,2385551.0,57180.9,13120534.46,0,0,0,-1,Unclassified / General,0,unique,24591,0
NORGESTIMATE,2018,2019,675281.0,595281.0,21946632.5,32.5,36.87,2.0,675281.0,0.0,595281.0,0.0,21946632.5,0.0,0.0,0,675281.0,0.0,21946632.5,1,0,0,-1,Unclassified / General,0,unique,31994,0
NORGESTIMATE,2019,2020,702292.0,619092.0,22824497.8,32.5,36.87,2.0,675281.0,0.04,595281.0,0.04,21946632.5,0.04,0.0,1,688786.5,19099.66,22385565.15,0,0,0,-1,Unclassified / General,0,unique,31994,0
NORGESTIMATE,2020,2021,729303.0,642903.0,23702363.1,32.5,36.87,2.0,702292.0,0.0385,619092.0,0.0385,22824497.8,0.0385,0.0,2,715797.5,19099.66,23263430.45,0,0,0,-1,Unclassified / General,0,unique,31994,0
NORGESTIMATE,2021,2022,756314.0,666714.0,24580228.4,32.5,36.87,2.0,729303.0,0.037,642903.0,0.037,23702363.1,0.037,0.0,3,742808.5,19099.66,24141295.75,0,0,0,-1,Unclassified / General,0,unique,31994,0
NORGESTIMATE,2022,2023,783325.0,690525.0,25458093.7,32.5,36.87,2.0,756314.0,0.0357,666714.0,0.0357,24580228.4,0.0357,0.0,4,769819.5,19099.66,25019161.05,0,0,0,-1,Unclassified / General,0,unique,31994,0
NORGESTIMATE,2023,2024,810337.0,714337.0,26335959.0,32.5,36.87,2.0,783325.0,0.0345,690525.0,0.0345,25458093.7,0.0345,0.0,5,796831.0,19100.37,25897026.35,0,0,0,-1,Unclassified / General,0,unique,31994,0
DINOPROSTONE,2018,2019,1277875.0,197875.0,33863687.5,26.5,171.14,4.0,1277875.0,0.0,197875.0,0.0,33863687.5,0.0,0.0,0,1277875.0,0.0,33863687.5,1,0,0,-1,Unclassified / General,0,unique,3478,0
DINOPROSTONE,2019,2020,1328990.0,205790.0,35218235.0,26.5,171.14,4.0,1277875.0,0.04,197875.0,0.04,33863687.5,0.04,0.0,1,1303432.5,36143.76,34540961.25,0,0,0,-1,Unclassified / General,0,unique,3478,0
DINOPROSTONE,2020,2021,1380105.0,213705.0,36572782.5,26.5,171.14,4.0,1328990.0,0.0385,205790.0,0.0385,35218235.0,0.0385,0.0,2,1354547.5,36143.76,35895508.75,0,0,0,-1,Unclassified / General,0,unique,3478,0
DINOPROSTONE,2021,2022,1431220.0,221620.0,37927330.0,26.5,171.14,4.0,1380105.0,0.037,213705.0,0.037,36572782.5,0.037,0.0,3,1405662.5,36143.76,37250056.25,0,0,0,-1,Unclassified / General,0,unique,3478,0
DINOPROSTONE,2022,2023,1482335.0,229534.0,39281877.5,26.5,171.14,4.0,1431220.0,0.0357,221620.0,0.0357,37927330.0,0.0357,0.0,4,1456777.5,36143.76,38604603.75,0,0,0,-1,Unclassified / General,0,unique,3478,0
DINOPROSTONE,2023,2024,1533450.0,237450.0,40636425.0,26.5,171.14,4.0,1482335.0,0.0345,229534.0,0.0345,39281877.5,0.0345,0.0,5,1507892.5,36143.76,39959151.25,0,0,0,-1,Unclassified / General,0,unique,3478,0
MISOPROSTOL,2018,2019,3703090.0,623090.0,153678235.0,41.5,246.64,3.0,3703090.0,0.0,623090.0,0.0,153678235.0,0.0,0.0,0,3703090.0,0.0,153678235.0,1,0,0,-1,Unclassified / General,0,unique,42331,0
MISOPROSTOL,2019,2020,3851213.0,648013.0,159825364.4,41.5,246.64,3.0,3703090.0,0.04,623090.0,0.04,153678235.0,0.04,0.0,1,3777151.5,104738.78,156751799.7,0,0,0,-1,Unclassified / General,0,unique,42331,0
MISOPROSTOL,2020,2021,3999337.0,672937.0,165972493.8,41.5,246.64,3.0,3851213.0,0.0385,648013.0,0.0385,159825364.4,0.0385,0.0,2,3925275.0,104739.48,162898929.1,0,0,0,-1,Unclassified / General,0,unique,42331,0
MISOPROSTOL,2021,2022,4147460.0,697860.0,172119623.2,41.5,246.64,3.0,3999337.0,0.037,672937.0,0.037,165972493.8,0.037,0.0,3,4073398.5,104738.78,169046058.5,0,0,0,-1,Unclassified / General,0,unique,42331,0
MISOPROSTOL,2022,2023,4295584.0,722784.0,178266752.6,41.5,246.64,3.0,4147460.0,0.0357,697860.0,0.0357,172119623.2,0.0357,0.0,4,4221522.0,104739.48,175193187.9,0,0,0,-1,Unclassified / General,0,unique,42331,0
MISOPROSTOL,2023,2024,4443708.0,747708.0,184413882.0,41.5,246.64,3.0,4295584.0,0.0345,722784.0,0.0345,178266752.6,0.0345,0.0,5,4369646.0,104739.48,181340317.3,0,0,0,-1,Unclassified / General,0,unique,42331,0
CARBOPROST,2018,2019,3034500.0,954500.0,4551750.0,1.5,4.77,5.0,3034500.0,0.0,954500.0,0.0,4551750.0,0.0,0.0,0,3034500.0,0.0,4551750.0,1,0,0,-1,Unclassified / General,0,unique,2051,0
CARBOPROST,2019,2020,3155880.0,992680.0,4733820.0,1.5,4.77,5.0,3034500.0,0.04,954500.0,0.04,4551750.0,0.04,0.0,1,3095190.0,85828.62,4642785.0,0,0,0,-1,Unclassified / General,0,unique,2051,0
CARBOPROST,2020,2021,3277260.0,1030860.0,4915890.0,1.5,4.77,5.0,3155880.0,0.0385,992680.0,0.0385,4733820.0,0.0385,0.0,2,3216570.0,85828.62,4824855.0,0,0,0,-1,Unclassified / General,0,unique,2051,0
CARBOPROST,2021,2022,3398640.0,1069040.0,5097960.0,1.5,4.77,5.0,3277260.0,0.037,1030860.0,0.037,4915890.0,0.037,0.0,3,3337950.0,85828.62,5006925.0,0,0,0,-1,Unclassified / General,0,unique,2051,0
CARBOPROST,2022,2023,3520019.0,1107220.0,5280030.0,1.5,4.77,5.0,3398640.0,0.0357,1069040.0,0.0357,5097960.0,0.0357,0.0,4,3459329.5,85827.91,5188995.0,0,0,0,-1,Unclassified / General,0,unique,2051,0
CARBOPROST,2023,2024,3641400.0,1145400.0,5462100.0,1.5,4.77,5.0,3520019.0,0.0345,1107220.0,0.0345,5280030.0,0.0345,0.0,5,3580709.5,85829.33,5371065.0,0,0,0,-1,Unclassified / General,0,unique,2051,0
MIFEPRISTONE,2018,2019,1391724.0,311724.0,35488962.0,25.5,113.85,5.0,1391724.0,0.0,311724.0,0.0,35488962.0,0.0,0.0,0,1391724.0,0.0,35488962.0,1,0,0,-1,Unclassified / General,0,unique,6964,0
MIFEPRISTONE,2019,2020,1447392.0,324192.0,36908520.48,25.5,113.85,5.0,1391724.0,0.04,311724.0,0.04,35488962.0,0.04,0.0,1,1419558.0,39363.22,36198741.24,0,0,0,-1,Unclassified / General,0,unique,6964,0
MIFEPRISTONE,2020,2021,1503061.0,336661.0,38328078.96,25.5,113.85,5.0,1447392.0,0.0385,324192.0,0.0385,36908520.48,0.0385,0.0,2,1475226.5,39363.93,37618299.72,0,0,0,-1,Unclassified / General,0,unique,6964,0
MIFEPRISTONE,2021,2022,1558730.0,349130.0,39747637.44,25.5,113.85,5.0,1503061.0,0.037,336661.0,0.037,38328078.96,0.037,0.0,3,1530895.5,39363.93,39037858.2,0,0,0,-1,Unclassified / General,0,unique,6964,0
MIFEPRISTONE,2022,2023,1614399.0,361599.0,41167195.92,25.5,113.85,5.0,1558730.0,0.0357,349130.0,0.0357,39747637.44,0.0357,0.0,4,1586564.5,39363.93,40457416.68,0,0,0,-1,Unclassified / General,0,unique,6964,0
MIFEPRISTONE,2023,2024,1670068.0,374068.0,42586754.4,25.5,113.85,5.0,1614399.0,0.0345,361599.0,0.0345,41167195.92,0.0345,0.0,5,1642233.5,39363.93,41876975.16,0,0,0,-1,Unclassified / General,0,unique,6964,0
OXYTOCIN,2018,2019,3250016.0,170016.0,56875280.0,17.5,334.53,1.0,3250016.0,0.0,170016.0,0.0,56875280.0,0.0,0.0,0,3250016.0,0.0,56875280.0,1,0,0,-1,Unclassified / General,1,unique,7824,0
OXYTOCIN,2019,2020,3380016.0,176816.0,59150291.2,17.5,334.53,1.0,3250016.0,0.04,170016.0,0.04,56875280.0,0.04,0.0,1,3315016.0,91923.88,58012785.6,0,0,0,-1,Unclassified / General,1,unique,7824,0
OXYTOCIN,2020,2021,3510017.0,183617.0,61425302.4,17.5,334.53,1.0,3380016.0,0.0385,176816.0,0.0385,59150291.2,0.0385,0.0,2,3445016.5,91924.59,60287796.8,0,0,0,-1,Unclassified / General,1,unique,7824,0
OXYTOCIN,2021,2022,3640017.0,190417.0,63700313.6,17.5,334.53,1.0,3510017.0,0.037,183617.0,0.037,61425302.4,0.037,0.0,3,3575017.0,91923.88,62562808.0,0,0,0,-1,Unclassified / General,1,unique,7824,0
OXYTOCIN,2022,2023,3770018.0,197218.0,65975324.8,17.5,334.53,1.0,3640017.0,0.0357,190417.0,0.0357,63700313.6,0.0357,0.0,4,3705017.5,91924.59,64837819.2,0,0,0,-1,Unclassified / General,1,unique,7824,0
OXYTOCIN,2023,2024,3900019.0,204019.0,68250336.0,17.5,334.53,1.0,3770018.0,0.0345,197218.0,0.0345,65975324.8,0.0345,0.0,5,3835018.5,91924.59,67112830.4,0,0,0,-1,Unclassified / General,1,unique,7824,0
METHERGINE,2018,2019,834358.0,754358.0,7926401.0,9.5,10.51,7.0,834358.0,0.0,754358.0,0.0,7926401.0,0.0,0.0,0,834358.0,0.0,7926401.0,1,0,0,-1,Unclassified / General,0,unique,227555,0
METHERGINE,2019,2020,867732.0,784532.0,8243457.04,9.5,10.51,7.0,834358.0,0.04,754358.0,0.04,7926401.0,0.04,0.0,1,851045.0,23598.98,8084929.02,0,0,0,-1,Unclassified / General,0,unique,227555,0
METHERGINE,2020,2021,901106.0,814706.0,8560513.08,9.5,10.51,7.0,867732.0,0.0385,784532.0,0.0385,8243457.04,0.0385,0.0,2,884419.0,23598.98,8401985.06,0,0,0,-1,Unclassified / General,0,unique,227555,0
METHERGINE,2021,2022,934480.0,844880.0,8877569.12,9.5,10.51,7.0,901106.0,0.037,814706.0,0.037,8560513.08,0.037,0.0,3,917793.0,23598.98,8719041.1,0,0,0,-1,Unclassified / General,0,unique,227555,0
METHERGINE,2022,2023,967855.0,875055.0,9194625.16,9.5,10.51,7.0,934480.0,0.0357,844880.0,0.0357,8877569.12,0.0357,0.0,4,951167.5,23599.69,9036097.14,0,0,0,-1,Unclassified / General,0,unique,227555,0
METHERGINE,2023,2024,1001229.0,905229.0,9511681.2,9.5,10.51,7.0,967855.0,0.0345,875055.0,0.0345,9194625.16,0.0345,0.0,5,984542.0,23598.98,9353153.18,0,0,0,-1,Unclassified / General,0,unique,227555,0
TERBUTALINE,2018,2019,1038827.0,958827.0,29606569.5,28.5,30.88,4.0,1038827.0,0.0,958827.0,0.0,29606569.5,0.0,0.0,0,1038827.0,0.0,29606569.5,1,0,0,-1,Unclassified / General,0,unique,10368,0
TERBUTALINE,2019,2020,1080380.0,997180.0,30790832.28,28.5,30.88,4.0,1038827.0,0.04,958827.0,0.04,29606569.5,0.04,0.0,1,1059603.5,29382.41,30198700.89,0,0,0,-1,Unclassified / General,0,unique,10368,0
TERBUTALINE,2020,2021,1121933.0,1035533.0,31975095.06,28.5,30.88,4.0,1080380.0,0.0385,997180.0,0.0385,30790832.28,0.0385,0.0,2,1101156.5,29382.41,31382963.67,0,0,0,-1,Unclassified / General,0,unique,10368,0
TERBUTALINE,2021,2022,1163486.0,1073886.0,33159357.84,28.5,30.88,4.0,1121933.0,0.037,1035533.0,0.037,31975095.06,0.037,0.0,3,1142709.5,29382.41,32567226.45,0,0,0,-1,Unclassified / General,0,unique,10368,0
TERBUTALINE,2022,2023,1205039.0,1112239.0,34343620.62,28.5,30.88,4.0,1163486.0,0.0357,1073886.0,0.0357,33159357.84,0.0357,0.0,4,1184262.5,29382.41,33751489.23,0,0,0,-1,Unclassified / General,0,unique,10368,0
TERBUTALINE,2023,2024,1246592.0,1150592.0,35527883.4,28.5,30.88,4.0,1205039.0,0.0345,1112239.0,0.0345,34343620.62,0.0345,0.0,5,1225815.5,29382.41,34935752.01,0,0,0,-1,Unclassified / General,0,unique,10368,0
MAGNESIUM SULFATE,2018,2019,2059707.0,979707.0,17507509.5,8.5,17.87,4.0,2059707.0,0.0,979707.0,0.0,17507509.5,0.0,0.0,0,2059707.0,0.0,17507509.5,1,0,0,-1,Unclassified / General,0,unique,6585,0
MAGNESIUM SULFATE,2019,2020,2142095.0,1018895.0,18207809.88,8.5,17.87,4.0,2059707.0,0.04,979707.0,0.04,17507509.5,0.04,0.0,1,2100901.0,58257.11,17857659.69,0,0,0,-1,Unclassified / General,0,unique,6585,0
MAGNESIUM SULFATE,2020,2021,2224483.0,1058083.0,18908110.26,8.5,17.87,4.0,2142095.0,0.0385,1018895.0,0.0385,18207809.88,0.0385,0.0,2,2183289.0,58257.11,18557960.07,0,0,0,-1,Unclassified / General,0,unique,6585,0
MAGNESIUM SULFATE,2021,2022,2306871.0,1097271.0,19608410.64,8.5,17.87,4.0,2224483.0,0.037,1058083.0,0.037,18908110.26,0.037,0.0,3,2265677.0,58257.11,19258260.45,0,0,0,-1,Unclassified / General,0,unique,6585,0
MAGNESIUM SULFATE,2022,2023,2389260.0,1136460.0,20308711.02,8.5,17.87,4.0,2306871.0,0.0357,1097271.0,0.0357,19608410.64,0.0357,0.0,4,2348065.5,58257.82,19958560.83,0,0,0,-1,Unclassified / General,0,unique,6585,0
MAGNESIUM SULFATE,2023,2024,2471648.0,1175648.0,21009011.4,8.5,17.87,4.0,2389260.0,0.0345,1136460.0,0.0345,20308711.02,0.0345,0.0,5,2430454.0,58257.11,20658861.21,0,0,0,-1,Unclassified / General,0,unique,6585,0
ATOSIBAN,2018,2019,2741971.0,661971.0,61694347.5,22.5,93.2,4.0,2741971.0,0.0,661971.0,0.0,61694347.5,0.0,0.0,0,2741971.0,0.0,61694347.5,1,0,0,-1,Unclassified / General,0,unique,59639,0
ATOSIBAN,2019,2020,2851649.0,688449.0,64162121.4,22.5,93.2,4.0,2741971.0,0.04,661971.0,0.04,61694347.5,0.04,0.0,1,2796810.0,77554.06,62928234.45,0,0,0,-1,Unclassified / General,0,unique,59639,0
ATOSIBAN,2020,2021,2961328.0,714928.0,66629895.3,22.5,93.2,4.0,2851649.0,0.0385,688449.0,0.0385,64162121.4,0.0385,0.0,2,2906488.5,77554.76,65396008.35,0,0,0,-1,Unclassified / General,0,unique,59639,0
ATOSIBAN,2021,2022,3071007.0,741407.0,69097669.2,22.5,93.2,4.0,2961328.0,0.037,714928.0,0.037,66629895.3,0.037,0.0,3,3016167.5,77554.76,67863782.25,0,0,0,-1,Unclassified / General,0,unique,59639,0
ATOSIBAN,2022,2023,3180686.0,767886.0,71565443.1,22.5,93.2,4.0,3071007.0,0.0357,741407.0,0.0357,69097669.2,0.0357,0.0,4,3125846.5,77554.76,70331556.15,0,0,0,-1,Unclassified / General,0,unique,59639,0
ATOSIBAN,2023,2024,3290365.0,794365.0,74033217.0,22.5,93.2,4.0,3180686.0,0.0345,767886.0,0.0345,71565443.1,0.0345,0.0,5,3235525.5,77554.76,72799330.05,0,0,0,-1,Unclassified / General,0,unique,59639,0
NITROPRUSSIDE,2018,2019,4243987.0,163987.0,163393499.5,38.5,996.38,4.0,4243987.0,0.0,163987.0,0.0,163393499.5,0.0,0.0,0,4243987.0,0.0,163393499.5,1,0,0,-1,Unclassified / General,0,unique,7476,0
NITROPRUSSIDE,2019,2020,4413746.0,170546.0,169929239.48,38.5,996.38,4.0,4243987.0,0.04,163987.0,0.04,163393499.5,0.04,0.0,1,4328866.5,120037.74,166661369.49,0,0,0,-1,Unclassified / General,0,unique,7476,0
NITROPRUSSIDE,2020,2021,4583505.0,177105.0,176464979.46,38.5,996.39,4.0,4413746.0,0.0385,170546.0,0.0385,169929239.48,0.0385,0.0,2,4498625.5,120037.74,173197109.47,0,0,0,-1,Unclassified / General,0,unique,7476,0
NITROPRUSSIDE,2021,2022,4753265.0,183665.0,183000719.44,38.5,996.38,4.0,4583505.0,0.037,177105.0,0.037,176464979.46,0.037,0.0,3,4668385.0,120038.45,179732849.45,0,0,0,-1,Unclassified / General,0,unique,7476,0
NITROPRUSSIDE,2022,2023,4923024.0,190224.0,189536459.42,38.5,996.39,4.0,4753265.0,0.0357,183665.0,0.0357,183000719.44,0.0357,0.0,4,4838144.5,120037.74,186268589.43,0,0,0,-1,Unclassified / General,0,unique,7476,0
NITROPRUSSIDE,2023,2024,5092784.0,196784.0,196072199.4,38.5,996.38,4.0,4923024.0,0.0345,190224.0,0.0345,189536459.42,0.0345,0.0,5,5007904.0,120038.45,192804329.41,0,0,0,-1,Unclassified / General,0,unique,7476,0
SODIUM BICARBONATE,2018,2019,1736660.0,656660.0,19971590.0,11.5,30.41,5.0,1736660.0,0.0,656660.0,0.0,19971590.0,0.0,0.0,0,1736660.0,0.0,19971590.0,1,26,1,1,Gastroenterology,0,unique,36676,0
SODIUM BICARBONATE,2019,2020,1806126.0,682926.0,20770453.6,11.5,30.41,5.0,1736660.0,0.04,656660.0,0.04,19971590.0,0.04,0.0,1,1771393.0,49119.88,20371021.8,0,26,1,2,Gastroenterology,0,unique,36676,0
SODIUM BICARBONATE,2020,2021,1875592.0,709192.0,21569317.2,11.5,30.41,5.0,1806126.0,0.0385,682926.0,0.0385,20770453.6,0.0385,0.0,2,1840859.0,49119.88,21169885.4,0,26,1,3,Gastroenterology,0,unique,36676,0
SODIUM BICARBONATE,2021,2022,1945059.0,735459.0,22368180.8,11.5,30.41,5.0,1875592.0,0.037,709192.0,0.037,21569317.2,0.037,0.0,3,1910325.5,49120.59,21968749.0,0,26,1,4,Gastroenterology,0,unique,36676,0
SODIUM BICARBONATE,2022,2023,2014525.0,761725.0,23167044.4,11.5,30.41,5.0,1945059.0,0.0357,735459.0,0.0357,22368180.8,0.0357,0.0,4,1979792.0,49119.88,22767612.6,0,26,1,5,Gastroenterology,0,unique,36676,0
SODIUM BICARBONATE,2023,2024,2083992.0,787992.0,23965908.0,11.5,30.41,5.0,2014525.0,0.0345,761725.0,0.0345,23167044.4,0.0345,0.0,5,2049258.5,49120.59,23566476.2,0,26,1,6,Gastroenterology,0,unique,36676,0
POTASSIUM CHLORIDE,2018,2019,463285.0,383285.0,16909902.5,36.5,44.12,6.0,463285.0,0.0,383285.0,0.0,16909902.5,0.0,0.0,0,463285.0,0.0,16909902.5,1,0,0,-1,Endocrinology/Metabolism,0,unique,8591,0
POTASSIUM CHLORIDE,2019,2020,481816.0,398616.0,17586298.6,36.5,44.12,6.0,463285.0,0.04,383285.0,0.04,16909902.5,0.04,0.0,1,472550.5,13103.4,17248100.55,0,0,0,-1,Endocrinology/Metabolism,0,unique,8591,0
POTASSIUM CHLORIDE,2020,2021,500347.0,413947.0,18262694.7,36.5,44.12,6.0,481816.0,0.0385,398616.0,0.0385,17586298.6,0.0385,0.0,2,491081.5,13103.4,17924496.65,0,0,0,-1,Endocrinology/Metabolism,0,unique,8591,0
POTASSIUM CHLORIDE,2021,2022,518879.0,429279.0,18939090.8,36.5,44.12,6.0,500347.0,0.037,413947.0,0.037,18262694.7,0.037,0.0,3,509613.0,13104.1,18600892.75,0,0,0,-1,Endocrinology/Metabolism,0,unique,8591,0
POTASSIUM CHLORIDE,2022,2023,537410.0,444610.0,19615486.9,36.5,44.12,6.0,518879.0,0.0357,429279.0,0.0357,18939090.8,0.0357,0.0,4,528144.5,13103.4,19277288.85,0,0,0,-1,Endocrinology/Metabolism,0,unique,8591,0
POTASSIUM CHLORIDE,2023,2024,555942.0,459942.0,20291883.0,36.5,44.12,6.0,537410.0,0.0345,444610.0,0.0345,19615486.9,0.0345,0.0,5,546676.0,13104.1,19953684.95,0,0,0,-1,Endocrinology/Metabolism,0,unique,8591,0
CALCIUM GLUCONATE,2018,2019,244464.0,164464.0,3789192.0,15.5,23.04,1.0,244464.0,0.0,164464.0,0.0,3789192.0,0.0,0.0,0,244464.0,0.0,3789192.0,1,0,0,-1,Renal,1,unique,1908,0
CALCIUM GLUCONATE,2019,2020,254242.0,171042.0,3940759.68,15.5,23.04,1.0,244464.0,0.04,164464.0,0.04,3789192.0,0.04,0.0,1,249353.0,6914.09,3864975.84,0,0,0,-1,Renal,1,unique,1908,0
CALCIUM GLUCONATE,2020,2021,264021.0,177621.0,4092327.36,15.5,23.04,1.0,254242.0,0.0385,171042.0,0.0385,3940759.68,0.0385,0.0,2,259131.5,6914.8,4016543.52,0,0,0,-1,Renal,1,unique,1908,0
CALCIUM GLUCONATE,2021,2022,273799.0,184199.0,4243895.04,15.5,23.04,1.0,264021.0,0.037,177621.0,0.037,4092327.36,0.037,0.0,3,268910.0,6914.09,4168111.2,0,0,0,-1,Renal,1,unique,1908,0
CALCIUM GLUCONATE,2022,2023,283578.0,190778.0,4395462.72,15.5,23.04,1.0,273799.0,0.0357,184199.0,0.0357,4243895.04,0.0357,0.0,4,278688.5,6914.8,4319678.88,0,0,0,-1,Renal,1,unique,1908,0
CALCIUM GLUCONATE,2023,2024,293356.0,197356.0,4547030.4,15.5,23.04,1.0,283578.0,0.0345,190778.0,0.0345,4395462.72,0.0345,0.0,5,288467.0,6914.09,4471246.56,0,0,0,-1,Renal,1,unique,1908,0
MAGNESIUM CHLORIDE,2018,2019,703844.0,623844.0,32024902.0,45.5,51.33,5.0,703844.0,0.0,623844.0,0.0,32024902.0,0.0,0.0,0,703844.0,0.0,32024902.0,1,0,0,-1,Unclassified / General,0,unique,6579,0
MAGNESIUM CHLORIDE,2019,2020,731997.0,648797.0,33305898.08,45.5,51.33,5.0,703844.0,0.04,623844.0,0.04,32024902.0,0.04,0.0,1,717920.5,19907.18,32665400.04,0,0,0,-1,Unclassified / General,0,unique,6579,0
MAGNESIUM CHLORIDE,2020,2021,760151.0,673751.0,34586894.16,45.5,51.33,5.0,731997.0,0.0385,648797.0,0.0385,33305898.08,0.0385,0.0,2,746074.0,19907.88,33946396.12,0,0,0,-1,Unclassified / General,0,unique,6579,0
MAGNESIUM CHLORIDE,2021,2022,788305.0,698705.0,35867890.24,45.5,51.33,5.0,760151.0,0.037,673751.0,0.037,34586894.16,0.037,0.0,3,774228.0,19907.88,35227392.2,0,0,0,-1,Unclassified / General,0,unique,6579,0
MAGNESIUM CHLORIDE,2022,2023,816459.0,723659.0,37148886.32,45.5,51.33,5.0,788305.0,0.0357,698705.0,0.0357,35867890.24,0.0357,0.0,4,802382.0,19907.88,36508388.28,0,0,0,-1,Unclassified / General,0,unique,6579,0
MAGNESIUM CHLORIDE,2023,2024,844612.0,748612.0,38429882.4,45.5,51.33,5.0,816459.0,0.0345,723659.0,0.0345,37148886.32,0.0345,0.0,5,830535.5,19907.18,37789384.36,0,0,0,-1,Unclassified / General,0,unique,6579,0
ZINC SULFATE,2018,2019,391490.0,311490.0,16246835.0,41.5,52.16,3.0,391490.0,0.0,311490.0,0.0,16246835.0,0.0,0.0,0,391490.0,0.0,16246835.0,1,0,0,-1,Unclassified / General,0,unique,39954,0
ZINC SULFATE,2019,2020,407149.0,323949.0,16896708.4,41.5,52.16,3.0,391490.0,0.04,311490.0,0.04,16246835.0,0.04,0.0,1,399319.5,11072.59,16571771.7,0,0,0,-1,Unclassified / General,0,unique,39954,0
ZINC SULFATE,2020,2021,422809.0,336409.0,17546581.8,41.5,52.16,3.0,407149.0,0.0385,323949.0,0.0385,16896708.4,0.0385,0.0,2,414979.0,11073.29,17221645.1,0,0,0,-1,Unclassified / General,0,unique,39954,0
ZINC SULFATE,2021,2022,438468.0,348868.0,18196455.2,41.5,52.16,3.0,422809.0,0.037,336409.0,0.037,17546581.8,0.037,0.0,3,430638.5,11072.59,17871518.5,0,0,0,-1,Unclassified / General,0,unique,39954,0
ZINC SULFATE,2022,2023,454128.0,361328.0,18846328.6,41.5,52.16,3.0,438468.0,0.0357,348868.0,0.0357,18196455.2,0.0357,0.0,4,446298.0,11073.29,18521391.9,0,0,0,-1,Unclassified / General,0,unique,39954,0
ZINC SULFATE,2023,2024,469788.0,373788.0,19496202.0,41.5,52.16,3.0,454128.0,0.0345,361328.0,0.0345,18846328.6,0.0345,0.0,5,461958.0,11073.29,19171265.3,0,0,0,-1,Unclassified / General,0,unique,39954,0
